costat,curcd,datafmt,indfmt,consol,gvkey,datadate,conm,tic,weburl
A,USD,STD,INDL,C,001075,2010-12-31,PINNACLE WEST CAPITAL CORP,PNW,www.pinnaclewest.com
A,USD,STD,INDL,C,001075,2011-12-31,PINNACLE WEST CAPITAL CORP,PNW,www.pinnaclewest.com
A,USD,STD,INDL,C,001075,2012-12-31,PINNACLE WEST CAPITAL CORP,PNW,www.pinnaclewest.com
A,USD,STD,INDL,C,001075,2013-12-31,PINNACLE WEST CAPITAL CORP,PNW,www.pinnaclewest.com
A,USD,STD,INDL,C,001075,2014-12-31,PINNACLE WEST CAPITAL CORP,PNW,www.pinnaclewest.com
A,USD,STD,INDL,C,001075,2015-12-31,PINNACLE WEST CAPITAL CORP,PNW,www.pinnaclewest.com
A,USD,STD,INDL,C,001075,2016-12-31,PINNACLE WEST CAPITAL CORP,PNW,www.pinnaclewest.com
A,USD,STD,INDL,C,001075,2017-12-31,PINNACLE WEST CAPITAL CORP,PNW,www.pinnaclewest.com
A,USD,STD,INDL,C,001075,2018-12-31,PINNACLE WEST CAPITAL CORP,PNW,www.pinnaclewest.com
A,USD,STD,INDL,C,001075,2019-12-31,PINNACLE WEST CAPITAL CORP,PNW,www.pinnaclewest.com
A,USD,STD,INDL,C,001075,2020-12-31,PINNACLE WEST CAPITAL CORP,PNW,www.pinnaclewest.com
A,USD,STD,INDL,C,001075,2021-12-31,PINNACLE WEST CAPITAL CORP,PNW,www.pinnaclewest.com
A,USD,STD,INDL,C,001075,2022-12-31,PINNACLE WEST CAPITAL CORP,PNW,www.pinnaclewest.com
A,USD,STD,INDL,C,001075,2023-12-31,PINNACLE WEST CAPITAL CORP,PNW,www.pinnaclewest.com
A,USD,STD,INDL,C,001075,2024-12-31,PINNACLE WEST CAPITAL CORP,PNW,www.pinnaclewest.com
A,USD,STD,INDL,C,001075,2025-12-31,PINNACLE WEST CAPITAL CORP,PNW,www.pinnaclewest.com
A,USD,STD,INDL,C,001078,2010-12-31,ABBOTT LABORATORIES,ABT,www.abbott.com
A,USD,STD,INDL,C,001078,2011-12-31,ABBOTT LABORATORIES,ABT,www.abbott.com
A,USD,STD,INDL,C,001078,2012-12-31,ABBOTT LABORATORIES,ABT,www.abbott.com
A,USD,STD,INDL,C,001078,2013-12-31,ABBOTT LABORATORIES,ABT,www.abbott.com
A,USD,STD,INDL,C,001078,2014-12-31,ABBOTT LABORATORIES,ABT,www.abbott.com
A,USD,STD,INDL,C,001078,2015-12-31,ABBOTT LABORATORIES,ABT,www.abbott.com
A,USD,STD,INDL,C,001078,2016-12-31,ABBOTT LABORATORIES,ABT,www.abbott.com
A,USD,STD,INDL,C,001078,2017-12-31,ABBOTT LABORATORIES,ABT,www.abbott.com
A,USD,STD,INDL,C,001078,2018-12-31,ABBOTT LABORATORIES,ABT,www.abbott.com
A,USD,STD,INDL,C,001078,2019-12-31,ABBOTT LABORATORIES,ABT,www.abbott.com
A,USD,STD,INDL,C,001078,2020-12-31,ABBOTT LABORATORIES,ABT,www.abbott.com
A,USD,STD,INDL,C,001078,2021-12-31,ABBOTT LABORATORIES,ABT,www.abbott.com
A,USD,STD,INDL,C,001078,2022-12-31,ABBOTT LABORATORIES,ABT,www.abbott.com
A,USD,STD,INDL,C,001078,2023-12-31,ABBOTT LABORATORIES,ABT,www.abbott.com
A,USD,STD,INDL,C,001078,2024-12-31,ABBOTT LABORATORIES,ABT,www.abbott.com
A,USD,STD,INDL,C,001078,2025-12-31,ABBOTT LABORATORIES,ABT,www.abbott.com
A,USD,STD,INDL,C,001161,2010-12-31,ADVANCED MICRO DEVICES,AMD,www.amd.com
A,USD,STD,INDL,C,001161,2011-12-31,ADVANCED MICRO DEVICES,AMD,www.amd.com
A,USD,STD,INDL,C,001161,2012-12-31,ADVANCED MICRO DEVICES,AMD,www.amd.com
A,USD,STD,INDL,C,001161,2013-12-31,ADVANCED MICRO DEVICES,AMD,www.amd.com
A,USD,STD,INDL,C,001161,2014-12-31,ADVANCED MICRO DEVICES,AMD,www.amd.com
A,USD,STD,INDL,C,001161,2015-12-31,ADVANCED MICRO DEVICES,AMD,www.amd.com
A,USD,STD,INDL,C,001161,2016-12-31,ADVANCED MICRO DEVICES,AMD,www.amd.com
A,USD,STD,INDL,C,001161,2017-12-31,ADVANCED MICRO DEVICES,AMD,www.amd.com
A,USD,STD,INDL,C,001161,2018-12-31,ADVANCED MICRO DEVICES,AMD,www.amd.com
A,USD,STD,INDL,C,001161,2019-12-31,ADVANCED MICRO DEVICES,AMD,www.amd.com
A,USD,STD,INDL,C,001161,2020-12-31,ADVANCED MICRO DEVICES,AMD,www.amd.com
A,USD,STD,INDL,C,001161,2021-12-31,ADVANCED MICRO DEVICES,AMD,www.amd.com
A,USD,STD,INDL,C,001161,2022-12-31,ADVANCED MICRO DEVICES,AMD,www.amd.com
A,USD,STD,INDL,C,001161,2023-12-31,ADVANCED MICRO DEVICES,AMD,www.amd.com
A,USD,STD,INDL,C,001161,2024-12-31,ADVANCED MICRO DEVICES,AMD,www.amd.com
A,USD,STD,INDL,C,001161,2025-12-31,ADVANCED MICRO DEVICES,AMD,www.amd.com
A,USD,STD,INDL,C,001209,2010-09-30,AIR PRODUCTS & CHEMICALS INC,APD,www.airproducts.com
A,USD,STD,INDL,C,001209,2011-09-30,AIR PRODUCTS & CHEMICALS INC,APD,www.airproducts.com
A,USD,STD,INDL,C,001209,2012-09-30,AIR PRODUCTS & CHEMICALS INC,APD,www.airproducts.com
A,USD,STD,INDL,C,001209,2013-09-30,AIR PRODUCTS & CHEMICALS INC,APD,www.airproducts.com
A,USD,STD,INDL,C,001209,2014-09-30,AIR PRODUCTS & CHEMICALS INC,APD,www.airproducts.com
A,USD,STD,INDL,C,001209,2015-09-30,AIR PRODUCTS & CHEMICALS INC,APD,www.airproducts.com
A,USD,STD,INDL,C,001209,2016-09-30,AIR PRODUCTS & CHEMICALS INC,APD,www.airproducts.com
A,USD,STD,INDL,C,001209,2017-09-30,AIR PRODUCTS & CHEMICALS INC,APD,www.airproducts.com
A,USD,STD,INDL,C,001209,2018-09-30,AIR PRODUCTS & CHEMICALS INC,APD,www.airproducts.com
A,USD,STD,INDL,C,001209,2019-09-30,AIR PRODUCTS & CHEMICALS INC,APD,www.airproducts.com
A,USD,STD,INDL,C,001209,2020-09-30,AIR PRODUCTS & CHEMICALS INC,APD,www.airproducts.com
A,USD,STD,INDL,C,001209,2021-09-30,AIR PRODUCTS & CHEMICALS INC,APD,www.airproducts.com
A,USD,STD,INDL,C,001209,2022-09-30,AIR PRODUCTS & CHEMICALS INC,APD,www.airproducts.com
A,USD,STD,INDL,C,001209,2023-09-30,AIR PRODUCTS & CHEMICALS INC,APD,www.airproducts.com
A,USD,STD,INDL,C,001209,2024-09-30,AIR PRODUCTS & CHEMICALS INC,APD,www.airproducts.com
A,USD,STD,INDL,C,001209,2025-09-30,AIR PRODUCTS & CHEMICALS INC,APD,www.airproducts.com
A,USD,STD,INDL,C,001300,2010-12-31,HONEYWELL INTERNATIONAL INC,HON,www.honeywell.com
A,USD,STD,INDL,C,001300,2011-12-31,HONEYWELL INTERNATIONAL INC,HON,www.honeywell.com
A,USD,STD,INDL,C,001300,2012-12-31,HONEYWELL INTERNATIONAL INC,HON,www.honeywell.com
A,USD,STD,INDL,C,001300,2013-12-31,HONEYWELL INTERNATIONAL INC,HON,www.honeywell.com
A,USD,STD,INDL,C,001300,2014-12-31,HONEYWELL INTERNATIONAL INC,HON,www.honeywell.com
A,USD,STD,INDL,C,001300,2015-12-31,HONEYWELL INTERNATIONAL INC,HON,www.honeywell.com
A,USD,STD,INDL,C,001300,2016-12-31,HONEYWELL INTERNATIONAL INC,HON,www.honeywell.com
A,USD,STD,INDL,C,001300,2017-12-31,HONEYWELL INTERNATIONAL INC,HON,www.honeywell.com
A,USD,STD,INDL,C,001300,2018-12-31,HONEYWELL INTERNATIONAL INC,HON,www.honeywell.com
A,USD,STD,INDL,C,001300,2019-12-31,HONEYWELL INTERNATIONAL INC,HON,www.honeywell.com
A,USD,STD,INDL,C,001300,2020-12-31,HONEYWELL INTERNATIONAL INC,HON,www.honeywell.com
A,USD,STD,INDL,C,001300,2021-12-31,HONEYWELL INTERNATIONAL INC,HON,www.honeywell.com
A,USD,STD,INDL,C,001300,2022-12-31,HONEYWELL INTERNATIONAL INC,HON,www.honeywell.com
A,USD,STD,INDL,C,001300,2023-12-31,HONEYWELL INTERNATIONAL INC,HON,www.honeywell.com
A,USD,STD,INDL,C,001300,2024-12-31,HONEYWELL INTERNATIONAL INC,HON,www.honeywell.com
A,USD,STD,INDL,C,001300,2025-12-31,HONEYWELL INTERNATIONAL INC,HON,www.honeywell.com
A,USD,STD,INDL,C,001327,2010-09-30,SKYWORKS SOLUTIONS INC,SWKS,www.skyworksinc.com
A,USD,STD,INDL,C,001327,2011-09-30,SKYWORKS SOLUTIONS INC,SWKS,www.skyworksinc.com
A,USD,STD,INDL,C,001327,2012-09-30,SKYWORKS SOLUTIONS INC,SWKS,www.skyworksinc.com
A,USD,STD,INDL,C,001327,2013-09-30,SKYWORKS SOLUTIONS INC,SWKS,www.skyworksinc.com
A,USD,STD,INDL,C,001327,2014-09-30,SKYWORKS SOLUTIONS INC,SWKS,www.skyworksinc.com
A,USD,STD,INDL,C,001327,2015-09-30,SKYWORKS SOLUTIONS INC,SWKS,www.skyworksinc.com
A,USD,STD,INDL,C,001327,2016-09-30,SKYWORKS SOLUTIONS INC,SWKS,www.skyworksinc.com
A,USD,STD,INDL,C,001327,2017-09-30,SKYWORKS SOLUTIONS INC,SWKS,www.skyworksinc.com
A,USD,STD,INDL,C,001327,2018-09-30,SKYWORKS SOLUTIONS INC,SWKS,www.skyworksinc.com
A,USD,STD,INDL,C,001327,2019-09-30,SKYWORKS SOLUTIONS INC,SWKS,www.skyworksinc.com
A,USD,STD,INDL,C,001327,2020-09-30,SKYWORKS SOLUTIONS INC,SWKS,www.skyworksinc.com
A,USD,STD,INDL,C,001327,2021-09-30,SKYWORKS SOLUTIONS INC,SWKS,www.skyworksinc.com
A,USD,STD,INDL,C,001327,2022-09-30,SKYWORKS SOLUTIONS INC,SWKS,www.skyworksinc.com
A,USD,STD,INDL,C,001327,2023-09-30,SKYWORKS SOLUTIONS INC,SWKS,www.skyworksinc.com
A,USD,STD,INDL,C,001327,2024-09-30,SKYWORKS SOLUTIONS INC,SWKS,www.skyworksinc.com
A,USD,STD,INDL,C,001327,2025-09-30,SKYWORKS SOLUTIONS INC,SWKS,www.skyworksinc.com
A,USD,STD,INDL,C,001440,2010-12-31,AMERICAN ELECTRIC POWER CO,AEP,www.aep.com
A,USD,STD,INDL,C,001440,2011-12-31,AMERICAN ELECTRIC POWER CO,AEP,www.aep.com
A,USD,STD,INDL,C,001440,2012-12-31,AMERICAN ELECTRIC POWER CO,AEP,www.aep.com
A,USD,STD,INDL,C,001440,2013-12-31,AMERICAN ELECTRIC POWER CO,AEP,www.aep.com
A,USD,STD,INDL,C,001440,2014-12-31,AMERICAN ELECTRIC POWER CO,AEP,www.aep.com
A,USD,STD,INDL,C,001440,2015-12-31,AMERICAN ELECTRIC POWER CO,AEP,www.aep.com
A,USD,STD,INDL,C,001440,2016-12-31,AMERICAN ELECTRIC POWER CO,AEP,www.aep.com
A,USD,STD,INDL,C,001440,2017-12-31,AMERICAN ELECTRIC POWER CO,AEP,www.aep.com
A,USD,STD,INDL,C,001440,2018-12-31,AMERICAN ELECTRIC POWER CO,AEP,www.aep.com
A,USD,STD,INDL,C,001440,2019-12-31,AMERICAN ELECTRIC POWER CO,AEP,www.aep.com
A,USD,STD,INDL,C,001440,2020-12-31,AMERICAN ELECTRIC POWER CO,AEP,www.aep.com
A,USD,STD,INDL,C,001440,2021-12-31,AMERICAN ELECTRIC POWER CO,AEP,www.aep.com
A,USD,STD,INDL,C,001440,2022-12-31,AMERICAN ELECTRIC POWER CO,AEP,www.aep.com
A,USD,STD,INDL,C,001440,2023-12-31,AMERICAN ELECTRIC POWER CO,AEP,www.aep.com
A,USD,STD,INDL,C,001440,2024-12-31,AMERICAN ELECTRIC POWER CO,AEP,www.aep.com
A,USD,STD,INDL,C,001440,2025-12-31,AMERICAN ELECTRIC POWER CO,AEP,www.aep.com
A,USD,STD,FS,C,001447,2010-12-31,AMERICAN EXPRESS CO,AXP,www.americanexpress.com
A,USD,STD,INDL,C,001447,2010-12-31,AMERICAN EXPRESS CO,AXP,www.americanexpress.com
A,USD,STD,FS,C,001447,2011-12-31,AMERICAN EXPRESS CO,AXP,www.americanexpress.com
A,USD,STD,INDL,C,001447,2011-12-31,AMERICAN EXPRESS CO,AXP,www.americanexpress.com
A,USD,STD,FS,C,001447,2012-12-31,AMERICAN EXPRESS CO,AXP,www.americanexpress.com
A,USD,STD,INDL,C,001447,2012-12-31,AMERICAN EXPRESS CO,AXP,www.americanexpress.com
A,USD,STD,FS,C,001447,2013-12-31,AMERICAN EXPRESS CO,AXP,www.americanexpress.com
A,USD,STD,INDL,C,001447,2013-12-31,AMERICAN EXPRESS CO,AXP,www.americanexpress.com
A,USD,STD,FS,C,001447,2014-12-31,AMERICAN EXPRESS CO,AXP,www.americanexpress.com
A,USD,STD,INDL,C,001447,2014-12-31,AMERICAN EXPRESS CO,AXP,www.americanexpress.com
A,USD,STD,FS,C,001447,2015-12-31,AMERICAN EXPRESS CO,AXP,www.americanexpress.com
A,USD,STD,INDL,C,001447,2015-12-31,AMERICAN EXPRESS CO,AXP,www.americanexpress.com
A,USD,STD,FS,C,001447,2016-12-31,AMERICAN EXPRESS CO,AXP,www.americanexpress.com
A,USD,STD,INDL,C,001447,2016-12-31,AMERICAN EXPRESS CO,AXP,www.americanexpress.com
A,USD,STD,FS,C,001447,2017-12-31,AMERICAN EXPRESS CO,AXP,www.americanexpress.com
A,USD,STD,INDL,C,001447,2017-12-31,AMERICAN EXPRESS CO,AXP,www.americanexpress.com
A,USD,STD,FS,C,001447,2018-12-31,AMERICAN EXPRESS CO,AXP,www.americanexpress.com
A,USD,STD,INDL,C,001447,2018-12-31,AMERICAN EXPRESS CO,AXP,www.americanexpress.com
A,USD,STD,FS,C,001447,2019-12-31,AMERICAN EXPRESS CO,AXP,www.americanexpress.com
A,USD,STD,INDL,C,001447,2019-12-31,AMERICAN EXPRESS CO,AXP,www.americanexpress.com
A,USD,STD,FS,C,001447,2020-12-31,AMERICAN EXPRESS CO,AXP,www.americanexpress.com
A,USD,STD,INDL,C,001447,2020-12-31,AMERICAN EXPRESS CO,AXP,www.americanexpress.com
A,USD,STD,FS,C,001447,2021-12-31,AMERICAN EXPRESS CO,AXP,www.americanexpress.com
A,USD,STD,INDL,C,001447,2021-12-31,AMERICAN EXPRESS CO,AXP,www.americanexpress.com
A,USD,STD,FS,C,001447,2022-12-31,AMERICAN EXPRESS CO,AXP,www.americanexpress.com
A,USD,STD,INDL,C,001447,2022-12-31,AMERICAN EXPRESS CO,AXP,www.americanexpress.com
A,USD,STD,FS,C,001447,2023-12-31,AMERICAN EXPRESS CO,AXP,www.americanexpress.com
A,USD,STD,INDL,C,001447,2023-12-31,AMERICAN EXPRESS CO,AXP,www.americanexpress.com
A,USD,STD,FS,C,001447,2024-12-31,AMERICAN EXPRESS CO,AXP,www.americanexpress.com
A,USD,STD,INDL,C,001447,2024-12-31,AMERICAN EXPRESS CO,AXP,www.americanexpress.com
A,USD,STD,FS,C,001447,2025-12-31,AMERICAN EXPRESS CO,AXP,www.americanexpress.com
A,USD,STD,INDL,C,001447,2025-12-31,AMERICAN EXPRESS CO,AXP,www.americanexpress.com
A,USD,STD,FS,C,001449,2010-12-31,AFLAC INC,AFL,www.aflac.com
A,USD,STD,INDL,C,001449,2010-12-31,AFLAC INC,AFL,www.aflac.com
A,USD,STD,FS,C,001449,2011-12-31,AFLAC INC,AFL,www.aflac.com
A,USD,STD,INDL,C,001449,2011-12-31,AFLAC INC,AFL,www.aflac.com
A,USD,STD,FS,C,001449,2012-12-31,AFLAC INC,AFL,www.aflac.com
A,USD,STD,INDL,C,001449,2012-12-31,AFLAC INC,AFL,www.aflac.com
A,USD,STD,FS,C,001449,2013-12-31,AFLAC INC,AFL,www.aflac.com
A,USD,STD,INDL,C,001449,2013-12-31,AFLAC INC,AFL,www.aflac.com
A,USD,STD,FS,C,001449,2014-12-31,AFLAC INC,AFL,www.aflac.com
A,USD,STD,INDL,C,001449,2014-12-31,AFLAC INC,AFL,www.aflac.com
A,USD,STD,FS,C,001449,2015-12-31,AFLAC INC,AFL,www.aflac.com
A,USD,STD,INDL,C,001449,2015-12-31,AFLAC INC,AFL,www.aflac.com
A,USD,STD,FS,C,001449,2016-12-31,AFLAC INC,AFL,www.aflac.com
A,USD,STD,INDL,C,001449,2016-12-31,AFLAC INC,AFL,www.aflac.com
A,USD,STD,FS,C,001449,2017-12-31,AFLAC INC,AFL,www.aflac.com
A,USD,STD,INDL,C,001449,2017-12-31,AFLAC INC,AFL,www.aflac.com
A,USD,STD,FS,C,001449,2018-12-31,AFLAC INC,AFL,www.aflac.com
A,USD,STD,INDL,C,001449,2018-12-31,AFLAC INC,AFL,www.aflac.com
A,USD,STD,FS,C,001449,2019-12-31,AFLAC INC,AFL,www.aflac.com
A,USD,STD,INDL,C,001449,2019-12-31,AFLAC INC,AFL,www.aflac.com
A,USD,STD,FS,C,001449,2020-12-31,AFLAC INC,AFL,www.aflac.com
A,USD,STD,INDL,C,001449,2020-12-31,AFLAC INC,AFL,www.aflac.com
A,USD,STD,FS,C,001449,2021-12-31,AFLAC INC,AFL,www.aflac.com
A,USD,STD,INDL,C,001449,2021-12-31,AFLAC INC,AFL,www.aflac.com
A,USD,STD,FS,C,001449,2022-12-31,AFLAC INC,AFL,www.aflac.com
A,USD,STD,INDL,C,001449,2022-12-31,AFLAC INC,AFL,www.aflac.com
A,USD,STD,FS,C,001449,2023-12-31,AFLAC INC,AFL,www.aflac.com
A,USD,STD,INDL,C,001449,2023-12-31,AFLAC INC,AFL,www.aflac.com
A,USD,STD,FS,C,001449,2024-12-31,AFLAC INC,AFL,www.aflac.com
A,USD,STD,INDL,C,001449,2024-12-31,AFLAC INC,AFL,www.aflac.com
A,USD,STD,FS,C,001449,2025-12-31,AFLAC INC,AFL,www.aflac.com
A,USD,STD,INDL,C,001449,2025-12-31,AFLAC INC,AFL,www.aflac.com
A,USD,STD,FS,C,001487,2010-12-31,AMERICAN INTERNATIONAL GROUP,AIG,www.aig.com
A,USD,STD,INDL,C,001487,2010-12-31,AMERICAN INTERNATIONAL GROUP,AIG,www.aig.com
A,USD,STD,FS,C,001487,2011-12-31,AMERICAN INTERNATIONAL GROUP,AIG,www.aig.com
A,USD,STD,INDL,C,001487,2011-12-31,AMERICAN INTERNATIONAL GROUP,AIG,www.aig.com
A,USD,STD,FS,C,001487,2012-12-31,AMERICAN INTERNATIONAL GROUP,AIG,www.aig.com
A,USD,STD,INDL,C,001487,2012-12-31,AMERICAN INTERNATIONAL GROUP,AIG,www.aig.com
A,USD,STD,FS,C,001487,2013-12-31,AMERICAN INTERNATIONAL GROUP,AIG,www.aig.com
A,USD,STD,INDL,C,001487,2013-12-31,AMERICAN INTERNATIONAL GROUP,AIG,www.aig.com
A,USD,STD,FS,C,001487,2014-12-31,AMERICAN INTERNATIONAL GROUP,AIG,www.aig.com
A,USD,STD,INDL,C,001487,2014-12-31,AMERICAN INTERNATIONAL GROUP,AIG,www.aig.com
A,USD,STD,FS,C,001487,2015-12-31,AMERICAN INTERNATIONAL GROUP,AIG,www.aig.com
A,USD,STD,INDL,C,001487,2015-12-31,AMERICAN INTERNATIONAL GROUP,AIG,www.aig.com
A,USD,STD,FS,C,001487,2016-12-31,AMERICAN INTERNATIONAL GROUP,AIG,www.aig.com
A,USD,STD,INDL,C,001487,2016-12-31,AMERICAN INTERNATIONAL GROUP,AIG,www.aig.com
A,USD,STD,FS,C,001487,2017-12-31,AMERICAN INTERNATIONAL GROUP,AIG,www.aig.com
A,USD,STD,INDL,C,001487,2017-12-31,AMERICAN INTERNATIONAL GROUP,AIG,www.aig.com
A,USD,STD,FS,C,001487,2018-12-31,AMERICAN INTERNATIONAL GROUP,AIG,www.aig.com
A,USD,STD,INDL,C,001487,2018-12-31,AMERICAN INTERNATIONAL GROUP,AIG,www.aig.com
A,USD,STD,FS,C,001487,2019-12-31,AMERICAN INTERNATIONAL GROUP,AIG,www.aig.com
A,USD,STD,INDL,C,001487,2019-12-31,AMERICAN INTERNATIONAL GROUP,AIG,www.aig.com
A,USD,STD,FS,C,001487,2020-12-31,AMERICAN INTERNATIONAL GROUP,AIG,www.aig.com
A,USD,STD,INDL,C,001487,2020-12-31,AMERICAN INTERNATIONAL GROUP,AIG,www.aig.com
A,USD,STD,FS,C,001487,2021-12-31,AMERICAN INTERNATIONAL GROUP,AIG,www.aig.com
A,USD,STD,INDL,C,001487,2021-12-31,AMERICAN INTERNATIONAL GROUP,AIG,www.aig.com
A,USD,STD,FS,C,001487,2022-12-31,AMERICAN INTERNATIONAL GROUP,AIG,www.aig.com
A,USD,STD,INDL,C,001487,2022-12-31,AMERICAN INTERNATIONAL GROUP,AIG,www.aig.com
A,USD,STD,FS,C,001487,2023-12-31,AMERICAN INTERNATIONAL GROUP,AIG,www.aig.com
A,USD,STD,INDL,C,001487,2023-12-31,AMERICAN INTERNATIONAL GROUP,AIG,www.aig.com
A,USD,STD,FS,C,001487,2024-12-31,AMERICAN INTERNATIONAL GROUP,AIG,www.aig.com
A,USD,STD,INDL,C,001487,2024-12-31,AMERICAN INTERNATIONAL GROUP,AIG,www.aig.com
A,USD,STD,FS,C,001487,2025-12-31,AMERICAN INTERNATIONAL GROUP,AIG,www.aig.com
A,USD,STD,INDL,C,001487,2025-12-31,AMERICAN INTERNATIONAL GROUP,AIG,www.aig.com
A,USD,STD,INDL,C,001598,2010-12-31,AMETEK INC,AME,www.ametek.com
A,USD,STD,INDL,C,001598,2011-12-31,AMETEK INC,AME,www.ametek.com
A,USD,STD,INDL,C,001598,2012-12-31,AMETEK INC,AME,www.ametek.com
A,USD,STD,INDL,C,001598,2013-12-31,AMETEK INC,AME,www.ametek.com
A,USD,STD,INDL,C,001598,2014-12-31,AMETEK INC,AME,www.ametek.com
A,USD,STD,INDL,C,001598,2015-12-31,AMETEK INC,AME,www.ametek.com
A,USD,STD,INDL,C,001598,2016-12-31,AMETEK INC,AME,www.ametek.com
A,USD,STD,INDL,C,001598,2017-12-31,AMETEK INC,AME,www.ametek.com
A,USD,STD,INDL,C,001598,2018-12-31,AMETEK INC,AME,www.ametek.com
A,USD,STD,INDL,C,001598,2019-12-31,AMETEK INC,AME,www.ametek.com
A,USD,STD,INDL,C,001598,2020-12-31,AMETEK INC,AME,www.ametek.com
A,USD,STD,INDL,C,001598,2021-12-31,AMETEK INC,AME,www.ametek.com
A,USD,STD,INDL,C,001598,2022-12-31,AMETEK INC,AME,www.ametek.com
A,USD,STD,INDL,C,001598,2023-12-31,AMETEK INC,AME,www.ametek.com
A,USD,STD,INDL,C,001598,2024-12-31,AMETEK INC,AME,www.ametek.com
A,USD,STD,INDL,C,001598,2025-12-31,AMETEK INC,AME,www.ametek.com
A,USD,STD,INDL,C,001602,2010-12-31,AMGEN INC,AMGN,www.amgen.com
A,USD,STD,INDL,C,001602,2011-12-31,AMGEN INC,AMGN,www.amgen.com
A,USD,STD,INDL,C,001602,2012-12-31,AMGEN INC,AMGN,www.amgen.com
A,USD,STD,INDL,C,001602,2013-12-31,AMGEN INC,AMGN,www.amgen.com
A,USD,STD,INDL,C,001602,2014-12-31,AMGEN INC,AMGN,www.amgen.com
A,USD,STD,INDL,C,001602,2015-12-31,AMGEN INC,AMGN,www.amgen.com
A,USD,STD,INDL,C,001602,2016-12-31,AMGEN INC,AMGN,www.amgen.com
A,USD,STD,INDL,C,001602,2017-12-31,AMGEN INC,AMGN,www.amgen.com
A,USD,STD,INDL,C,001602,2018-12-31,AMGEN INC,AMGN,www.amgen.com
A,USD,STD,INDL,C,001602,2019-12-31,AMGEN INC,AMGN,www.amgen.com
A,USD,STD,INDL,C,001602,2020-12-31,AMGEN INC,AMGN,www.amgen.com
A,USD,STD,INDL,C,001602,2021-12-31,AMGEN INC,AMGN,www.amgen.com
A,USD,STD,INDL,C,001602,2022-12-31,AMGEN INC,AMGN,www.amgen.com
A,USD,STD,INDL,C,001602,2023-12-31,AMGEN INC,AMGN,www.amgen.com
A,USD,STD,INDL,C,001602,2024-12-31,AMGEN INC,AMGN,www.amgen.com
A,USD,STD,INDL,C,001602,2025-12-31,AMGEN INC,AMGN,www.amgen.com
A,USD,STD,INDL,C,001632,2010-10-31,ANALOG DEVICES INC,ADI,www.analog.com
A,USD,STD,INDL,C,001632,2011-10-31,ANALOG DEVICES INC,ADI,www.analog.com
A,USD,STD,INDL,C,001632,2012-10-31,ANALOG DEVICES INC,ADI,www.analog.com
A,USD,STD,INDL,C,001632,2013-10-31,ANALOG DEVICES INC,ADI,www.analog.com
A,USD,STD,INDL,C,001632,2014-10-31,ANALOG DEVICES INC,ADI,www.analog.com
A,USD,STD,INDL,C,001632,2015-10-31,ANALOG DEVICES INC,ADI,www.analog.com
A,USD,STD,INDL,C,001632,2016-10-31,ANALOG DEVICES INC,ADI,www.analog.com
A,USD,STD,INDL,C,001632,2017-10-31,ANALOG DEVICES INC,ADI,www.analog.com
A,USD,STD,INDL,C,001632,2018-10-31,ANALOG DEVICES INC,ADI,www.analog.com
A,USD,STD,INDL,C,001632,2019-10-31,ANALOG DEVICES INC,ADI,www.analog.com
A,USD,STD,INDL,C,001632,2020-10-31,ANALOG DEVICES INC,ADI,www.analog.com
A,USD,STD,INDL,C,001632,2021-10-31,ANALOG DEVICES INC,ADI,www.analog.com
A,USD,STD,INDL,C,001632,2022-10-31,ANALOG DEVICES INC,ADI,www.analog.com
A,USD,STD,INDL,C,001632,2023-10-31,ANALOG DEVICES INC,ADI,www.analog.com
A,USD,STD,INDL,C,001632,2024-10-31,ANALOG DEVICES INC,ADI,www.analog.com
A,USD,STD,INDL,C,001632,2025-10-31,ANALOG DEVICES INC,ADI,www.analog.com
A,USD,STD,INDL,C,001678,2010-12-31,APA CORP,APA,www.apacorp.com
A,USD,STD,INDL,C,001678,2011-12-31,APA CORP,APA,www.apacorp.com
A,USD,STD,INDL,C,001678,2012-12-31,APA CORP,APA,www.apacorp.com
A,USD,STD,INDL,C,001678,2013-12-31,APA CORP,APA,www.apacorp.com
A,USD,STD,INDL,C,001678,2014-12-31,APA CORP,APA,www.apacorp.com
A,USD,STD,INDL,C,001678,2015-12-31,APA CORP,APA,www.apacorp.com
A,USD,STD,INDL,C,001678,2016-12-31,APA CORP,APA,www.apacorp.com
A,USD,STD,INDL,C,001678,2017-12-31,APA CORP,APA,www.apacorp.com
A,USD,STD,INDL,C,001678,2018-12-31,APA CORP,APA,www.apacorp.com
A,USD,STD,INDL,C,001678,2019-12-31,APA CORP,APA,www.apacorp.com
A,USD,STD,INDL,C,001678,2020-12-31,APA CORP,APA,www.apacorp.com
A,USD,STD,INDL,C,001678,2021-12-31,APA CORP,APA,www.apacorp.com
A,USD,STD,INDL,C,001678,2022-12-31,APA CORP,APA,www.apacorp.com
A,USD,STD,INDL,C,001678,2023-12-31,APA CORP,APA,www.apacorp.com
A,USD,STD,INDL,C,001678,2024-12-31,APA CORP,APA,www.apacorp.com
A,USD,STD,INDL,C,001678,2025-12-31,APA CORP,APA,www.apacorp.com
A,USD,STD,INDL,C,001690,2010-09-30,APPLE INC,AAPL,www.apple.com
A,USD,STD,INDL,C,001690,2011-09-30,APPLE INC,AAPL,www.apple.com
A,USD,STD,INDL,C,001690,2012-09-30,APPLE INC,AAPL,www.apple.com
A,USD,STD,INDL,C,001690,2013-09-30,APPLE INC,AAPL,www.apple.com
A,USD,STD,INDL,C,001690,2014-09-30,APPLE INC,AAPL,www.apple.com
A,USD,STD,INDL,C,001690,2015-09-30,APPLE INC,AAPL,www.apple.com
A,USD,STD,INDL,C,001690,2016-09-30,APPLE INC,AAPL,www.apple.com
A,USD,STD,INDL,C,001690,2017-09-30,APPLE INC,AAPL,www.apple.com
A,USD,STD,INDL,C,001690,2018-09-30,APPLE INC,AAPL,www.apple.com
A,USD,STD,INDL,C,001690,2019-09-30,APPLE INC,AAPL,www.apple.com
A,USD,STD,INDL,C,001690,2020-09-30,APPLE INC,AAPL,www.apple.com
A,USD,STD,INDL,C,001690,2021-09-30,APPLE INC,AAPL,www.apple.com
A,USD,STD,INDL,C,001690,2022-09-30,APPLE INC,AAPL,www.apple.com
A,USD,STD,INDL,C,001690,2023-09-30,APPLE INC,AAPL,www.apple.com
A,USD,STD,INDL,C,001690,2024-09-30,APPLE INC,AAPL,www.apple.com
A,USD,STD,INDL,C,001690,2025-09-30,APPLE INC,AAPL,www.apple.com
A,USD,STD,INDL,C,001704,2010-10-31,APPLIED MATERIALS INC,AMAT,www.appliedmaterials.com
A,USD,STD,INDL,C,001704,2011-10-31,APPLIED MATERIALS INC,AMAT,www.appliedmaterials.com
A,USD,STD,INDL,C,001704,2012-10-31,APPLIED MATERIALS INC,AMAT,www.appliedmaterials.com
A,USD,STD,INDL,C,001704,2013-10-31,APPLIED MATERIALS INC,AMAT,www.appliedmaterials.com
A,USD,STD,INDL,C,001704,2014-10-31,APPLIED MATERIALS INC,AMAT,www.appliedmaterials.com
A,USD,STD,INDL,C,001704,2015-10-31,APPLIED MATERIALS INC,AMAT,www.appliedmaterials.com
A,USD,STD,INDL,C,001704,2016-10-31,APPLIED MATERIALS INC,AMAT,www.appliedmaterials.com
A,USD,STD,INDL,C,001704,2017-10-31,APPLIED MATERIALS INC,AMAT,www.appliedmaterials.com
A,USD,STD,INDL,C,001704,2018-10-31,APPLIED MATERIALS INC,AMAT,www.appliedmaterials.com
A,USD,STD,INDL,C,001704,2019-10-31,APPLIED MATERIALS INC,AMAT,www.appliedmaterials.com
A,USD,STD,INDL,C,001704,2020-10-31,APPLIED MATERIALS INC,AMAT,www.appliedmaterials.com
A,USD,STD,INDL,C,001704,2021-10-31,APPLIED MATERIALS INC,AMAT,www.appliedmaterials.com
A,USD,STD,INDL,C,001704,2022-10-31,APPLIED MATERIALS INC,AMAT,www.appliedmaterials.com
A,USD,STD,INDL,C,001704,2023-10-31,APPLIED MATERIALS INC,AMAT,www.appliedmaterials.com
A,USD,STD,INDL,C,001704,2024-10-31,APPLIED MATERIALS INC,AMAT,www.appliedmaterials.com
A,USD,STD,INDL,C,001704,2025-10-31,APPLIED MATERIALS INC,AMAT,www.appliedmaterials.com
A,USD,STD,INDL,C,001722,2010-06-30,ARCHER-DANIELS-MIDLAND CO,ADM,www.adm.com
A,USD,STD,INDL,C,001722,2011-06-30,ARCHER-DANIELS-MIDLAND CO,ADM,www.adm.com
A,USD,STD,INDL,C,001722,2012-06-30,ARCHER-DANIELS-MIDLAND CO,ADM,www.adm.com
A,USD,STD,INDL,C,001722,2013-12-31,ARCHER-DANIELS-MIDLAND CO,ADM,www.adm.com
A,USD,STD,INDL,C,001722,2014-12-31,ARCHER-DANIELS-MIDLAND CO,ADM,www.adm.com
A,USD,STD,INDL,C,001722,2015-12-31,ARCHER-DANIELS-MIDLAND CO,ADM,www.adm.com
A,USD,STD,INDL,C,001722,2016-12-31,ARCHER-DANIELS-MIDLAND CO,ADM,www.adm.com
A,USD,STD,INDL,C,001722,2017-12-31,ARCHER-DANIELS-MIDLAND CO,ADM,www.adm.com
A,USD,STD,INDL,C,001722,2018-12-31,ARCHER-DANIELS-MIDLAND CO,ADM,www.adm.com
A,USD,STD,INDL,C,001722,2019-12-31,ARCHER-DANIELS-MIDLAND CO,ADM,www.adm.com
A,USD,STD,INDL,C,001722,2020-12-31,ARCHER-DANIELS-MIDLAND CO,ADM,www.adm.com
A,USD,STD,INDL,C,001722,2021-12-31,ARCHER-DANIELS-MIDLAND CO,ADM,www.adm.com
A,USD,STD,INDL,C,001722,2022-12-31,ARCHER-DANIELS-MIDLAND CO,ADM,www.adm.com
A,USD,STD,INDL,C,001722,2023-12-31,ARCHER-DANIELS-MIDLAND CO,ADM,www.adm.com
A,USD,STD,INDL,C,001722,2024-12-31,ARCHER-DANIELS-MIDLAND CO,ADM,www.adm.com
A,USD,STD,INDL,C,001722,2025-12-31,ARCHER-DANIELS-MIDLAND CO,ADM,www.adm.com
A,USD,STD,INDL,C,001878,2010-01-31,AUTODESK INC,ADSK,www.autodesk.com
A,USD,STD,INDL,C,001878,2011-01-31,AUTODESK INC,ADSK,www.autodesk.com
A,USD,STD,INDL,C,001878,2012-01-31,AUTODESK INC,ADSK,www.autodesk.com
A,USD,STD,INDL,C,001878,2013-01-31,AUTODESK INC,ADSK,www.autodesk.com
A,USD,STD,INDL,C,001878,2014-01-31,AUTODESK INC,ADSK,www.autodesk.com
A,USD,STD,INDL,C,001878,2015-01-31,AUTODESK INC,ADSK,www.autodesk.com
A,USD,STD,INDL,C,001878,2016-01-31,AUTODESK INC,ADSK,www.autodesk.com
A,USD,STD,INDL,C,001878,2017-01-31,AUTODESK INC,ADSK,www.autodesk.com
A,USD,STD,INDL,C,001878,2018-01-31,AUTODESK INC,ADSK,www.autodesk.com
A,USD,STD,INDL,C,001878,2019-01-31,AUTODESK INC,ADSK,www.autodesk.com
A,USD,STD,INDL,C,001878,2020-01-31,AUTODESK INC,ADSK,www.autodesk.com
A,USD,STD,INDL,C,001878,2021-01-31,AUTODESK INC,ADSK,www.autodesk.com
A,USD,STD,INDL,C,001878,2022-01-31,AUTODESK INC,ADSK,www.autodesk.com
A,USD,STD,INDL,C,001878,2023-01-31,AUTODESK INC,ADSK,www.autodesk.com
A,USD,STD,INDL,C,001878,2024-01-31,AUTODESK INC,ADSK,www.autodesk.com
A,USD,STD,INDL,C,001878,2025-01-31,AUTODESK INC,ADSK,www.autodesk.com
A,USD,STD,INDL,C,001878,2026-01-31,AUTODESK INC,ADSK,www.autodesk.com
A,USD,STD,INDL,C,001891,2010-06-30,AUTOMATIC DATA PROCESSING,ADP,www.adp.com
A,USD,STD,INDL,C,001891,2011-06-30,AUTOMATIC DATA PROCESSING,ADP,www.adp.com
A,USD,STD,INDL,C,001891,2012-06-30,AUTOMATIC DATA PROCESSING,ADP,www.adp.com
A,USD,STD,INDL,C,001891,2013-06-30,AUTOMATIC DATA PROCESSING,ADP,www.adp.com
A,USD,STD,INDL,C,001891,2014-06-30,AUTOMATIC DATA PROCESSING,ADP,www.adp.com
A,USD,STD,INDL,C,001891,2015-06-30,AUTOMATIC DATA PROCESSING,ADP,www.adp.com
A,USD,STD,INDL,C,001891,2016-06-30,AUTOMATIC DATA PROCESSING,ADP,www.adp.com
A,USD,STD,INDL,C,001891,2017-06-30,AUTOMATIC DATA PROCESSING,ADP,www.adp.com
A,USD,STD,INDL,C,001891,2018-06-30,AUTOMATIC DATA PROCESSING,ADP,www.adp.com
A,USD,STD,INDL,C,001891,2019-06-30,AUTOMATIC DATA PROCESSING,ADP,www.adp.com
A,USD,STD,INDL,C,001891,2020-06-30,AUTOMATIC DATA PROCESSING,ADP,www.adp.com
A,USD,STD,INDL,C,001891,2021-06-30,AUTOMATIC DATA PROCESSING,ADP,www.adp.com
A,USD,STD,INDL,C,001891,2022-06-30,AUTOMATIC DATA PROCESSING,ADP,www.adp.com
A,USD,STD,INDL,C,001891,2023-06-30,AUTOMATIC DATA PROCESSING,ADP,www.adp.com
A,USD,STD,INDL,C,001891,2024-06-30,AUTOMATIC DATA PROCESSING,ADP,www.adp.com
A,USD,STD,INDL,C,001891,2025-06-30,AUTOMATIC DATA PROCESSING,ADP,www.adp.com
A,USD,STD,INDL,C,001913,2010-12-31,AVERY DENNISON CORP,AVY,www.averydennison.com
A,USD,STD,INDL,C,001913,2011-12-31,AVERY DENNISON CORP,AVY,www.averydennison.com
A,USD,STD,INDL,C,001913,2012-12-31,AVERY DENNISON CORP,AVY,www.averydennison.com
A,USD,STD,INDL,C,001913,2013-12-31,AVERY DENNISON CORP,AVY,www.averydennison.com
A,USD,STD,INDL,C,001913,2014-12-31,AVERY DENNISON CORP,AVY,www.averydennison.com
A,USD,STD,INDL,C,001913,2015-12-31,AVERY DENNISON CORP,AVY,www.averydennison.com
A,USD,STD,INDL,C,001913,2016-12-31,AVERY DENNISON CORP,AVY,www.averydennison.com
A,USD,STD,INDL,C,001913,2017-12-31,AVERY DENNISON CORP,AVY,www.averydennison.com
A,USD,STD,INDL,C,001913,2018-12-31,AVERY DENNISON CORP,AVY,www.averydennison.com
A,USD,STD,INDL,C,001913,2019-12-31,AVERY DENNISON CORP,AVY,www.averydennison.com
A,USD,STD,INDL,C,001913,2020-12-31,AVERY DENNISON CORP,AVY,www.averydennison.com
A,USD,STD,INDL,C,001913,2021-12-31,AVERY DENNISON CORP,AVY,www.averydennison.com
A,USD,STD,INDL,C,001913,2022-12-31,AVERY DENNISON CORP,AVY,www.averydennison.com
A,USD,STD,INDL,C,001913,2023-12-31,AVERY DENNISON CORP,AVY,www.averydennison.com
A,USD,STD,INDL,C,001913,2024-12-31,AVERY DENNISON CORP,AVY,www.averydennison.com
A,USD,STD,INDL,C,001913,2025-12-31,AVERY DENNISON CORP,AVY,www.averydennison.com
A,USD,STD,INDL,C,001988,2010-12-31,BALL CORP,BALL,www.ball.com
A,USD,STD,INDL,C,001988,2011-12-31,BALL CORP,BALL,www.ball.com
A,USD,STD,INDL,C,001988,2012-12-31,BALL CORP,BALL,www.ball.com
A,USD,STD,INDL,C,001988,2013-12-31,BALL CORP,BALL,www.ball.com
A,USD,STD,INDL,C,001988,2014-12-31,BALL CORP,BALL,www.ball.com
A,USD,STD,INDL,C,001988,2015-12-31,BALL CORP,BALL,www.ball.com
A,USD,STD,INDL,C,001988,2016-12-31,BALL CORP,BALL,www.ball.com
A,USD,STD,INDL,C,001988,2017-12-31,BALL CORP,BALL,www.ball.com
A,USD,STD,INDL,C,001988,2018-12-31,BALL CORP,BALL,www.ball.com
A,USD,STD,INDL,C,001988,2019-12-31,BALL CORP,BALL,www.ball.com
A,USD,STD,INDL,C,001988,2020-12-31,BALL CORP,BALL,www.ball.com
A,USD,STD,INDL,C,001988,2021-12-31,BALL CORP,BALL,www.ball.com
A,USD,STD,INDL,C,001988,2022-12-31,BALL CORP,BALL,www.ball.com
A,USD,STD,INDL,C,001988,2023-12-31,BALL CORP,BALL,www.ball.com
A,USD,STD,INDL,C,001988,2024-12-31,BALL CORP,BALL,www.ball.com
A,USD,STD,INDL,C,001988,2025-12-31,BALL CORP,BALL,www.ball.com
A,USD,STD,FS,C,002019,2010-12-31,BANK OF NEW YORK MELLON CORP,BK,www.bny.com
A,USD,STD,INDL,C,002019,2010-12-31,BANK OF NEW YORK MELLON CORP,BK,www.bny.com
A,USD,STD,FS,C,002019,2011-12-31,BANK OF NEW YORK MELLON CORP,BK,www.bny.com
A,USD,STD,INDL,C,002019,2011-12-31,BANK OF NEW YORK MELLON CORP,BK,www.bny.com
A,USD,STD,FS,C,002019,2012-12-31,BANK OF NEW YORK MELLON CORP,BK,www.bny.com
A,USD,STD,INDL,C,002019,2012-12-31,BANK OF NEW YORK MELLON CORP,BK,www.bny.com
A,USD,STD,FS,C,002019,2013-12-31,BANK OF NEW YORK MELLON CORP,BK,www.bny.com
A,USD,STD,INDL,C,002019,2013-12-31,BANK OF NEW YORK MELLON CORP,BK,www.bny.com
A,USD,STD,FS,C,002019,2014-12-31,BANK OF NEW YORK MELLON CORP,BK,www.bny.com
A,USD,STD,INDL,C,002019,2014-12-31,BANK OF NEW YORK MELLON CORP,BK,www.bny.com
A,USD,STD,FS,C,002019,2015-12-31,BANK OF NEW YORK MELLON CORP,BK,www.bny.com
A,USD,STD,INDL,C,002019,2015-12-31,BANK OF NEW YORK MELLON CORP,BK,www.bny.com
A,USD,STD,FS,C,002019,2016-12-31,BANK OF NEW YORK MELLON CORP,BK,www.bny.com
A,USD,STD,INDL,C,002019,2016-12-31,BANK OF NEW YORK MELLON CORP,BK,www.bny.com
A,USD,STD,FS,C,002019,2017-12-31,BANK OF NEW YORK MELLON CORP,BK,www.bny.com
A,USD,STD,INDL,C,002019,2017-12-31,BANK OF NEW YORK MELLON CORP,BK,www.bny.com
A,USD,STD,FS,C,002019,2018-12-31,BANK OF NEW YORK MELLON CORP,BK,www.bny.com
A,USD,STD,INDL,C,002019,2018-12-31,BANK OF NEW YORK MELLON CORP,BK,www.bny.com
A,USD,STD,FS,C,002019,2019-12-31,BANK OF NEW YORK MELLON CORP,BK,www.bny.com
A,USD,STD,INDL,C,002019,2019-12-31,BANK OF NEW YORK MELLON CORP,BK,www.bny.com
A,USD,STD,FS,C,002019,2020-12-31,BANK OF NEW YORK MELLON CORP,BK,www.bny.com
A,USD,STD,INDL,C,002019,2020-12-31,BANK OF NEW YORK MELLON CORP,BK,www.bny.com
A,USD,STD,FS,C,002019,2021-12-31,BANK OF NEW YORK MELLON CORP,BK,www.bny.com
A,USD,STD,INDL,C,002019,2021-12-31,BANK OF NEW YORK MELLON CORP,BK,www.bny.com
A,USD,STD,FS,C,002019,2022-12-31,BANK OF NEW YORK MELLON CORP,BK,www.bny.com
A,USD,STD,INDL,C,002019,2022-12-31,BANK OF NEW YORK MELLON CORP,BK,www.bny.com
A,USD,STD,FS,C,002019,2023-12-31,BANK OF NEW YORK MELLON CORP,BK,www.bny.com
A,USD,STD,INDL,C,002019,2023-12-31,BANK OF NEW YORK MELLON CORP,BK,www.bny.com
A,USD,STD,FS,C,002019,2024-12-31,BANK OF NEW YORK MELLON CORP,BK,www.bny.com
A,USD,STD,INDL,C,002019,2024-12-31,BANK OF NEW YORK MELLON CORP,BK,www.bny.com
A,USD,STD,FS,C,002019,2025-12-31,BANK OF NEW YORK MELLON CORP,BK,www.bny.com
A,USD,STD,INDL,C,002019,2025-12-31,BANK OF NEW YORK MELLON CORP,BK,www.bny.com
A,USD,STD,INDL,C,002086,2010-12-31,BAXTER INTERNATIONAL INC,BAX,www.baxter.com
A,USD,STD,INDL,C,002086,2011-12-31,BAXTER INTERNATIONAL INC,BAX,www.baxter.com
A,USD,STD,INDL,C,002086,2012-12-31,BAXTER INTERNATIONAL INC,BAX,www.baxter.com
A,USD,STD,INDL,C,002086,2013-12-31,BAXTER INTERNATIONAL INC,BAX,www.baxter.com
A,USD,STD,INDL,C,002086,2014-12-31,BAXTER INTERNATIONAL INC,BAX,www.baxter.com
A,USD,STD,INDL,C,002086,2015-12-31,BAXTER INTERNATIONAL INC,BAX,www.baxter.com
A,USD,STD,INDL,C,002086,2016-12-31,BAXTER INTERNATIONAL INC,BAX,www.baxter.com
A,USD,STD,INDL,C,002086,2017-12-31,BAXTER INTERNATIONAL INC,BAX,www.baxter.com
A,USD,STD,INDL,C,002086,2018-12-31,BAXTER INTERNATIONAL INC,BAX,www.baxter.com
A,USD,STD,INDL,C,002086,2019-12-31,BAXTER INTERNATIONAL INC,BAX,www.baxter.com
A,USD,STD,INDL,C,002086,2020-12-31,BAXTER INTERNATIONAL INC,BAX,www.baxter.com
A,USD,STD,INDL,C,002086,2021-12-31,BAXTER INTERNATIONAL INC,BAX,www.baxter.com
A,USD,STD,INDL,C,002086,2022-12-31,BAXTER INTERNATIONAL INC,BAX,www.baxter.com
A,USD,STD,INDL,C,002086,2023-12-31,BAXTER INTERNATIONAL INC,BAX,www.baxter.com
A,USD,STD,INDL,C,002086,2024-12-31,BAXTER INTERNATIONAL INC,BAX,www.baxter.com
A,USD,STD,INDL,C,002086,2025-12-31,BAXTER INTERNATIONAL INC,BAX,www.baxter.com
A,USD,STD,INDL,C,002111,2010-09-30,BECTON DICKINSON & CO,BDX,www.bd.com
A,USD,STD,INDL,C,002111,2011-09-30,BECTON DICKINSON & CO,BDX,www.bd.com
A,USD,STD,INDL,C,002111,2012-09-30,BECTON DICKINSON & CO,BDX,www.bd.com
A,USD,STD,INDL,C,002111,2013-09-30,BECTON DICKINSON & CO,BDX,www.bd.com
A,USD,STD,INDL,C,002111,2014-09-30,BECTON DICKINSON & CO,BDX,www.bd.com
A,USD,STD,INDL,C,002111,2015-09-30,BECTON DICKINSON & CO,BDX,www.bd.com
A,USD,STD,INDL,C,002111,2016-09-30,BECTON DICKINSON & CO,BDX,www.bd.com
A,USD,STD,INDL,C,002111,2017-09-30,BECTON DICKINSON & CO,BDX,www.bd.com
A,USD,STD,INDL,C,002111,2018-09-30,BECTON DICKINSON & CO,BDX,www.bd.com
A,USD,STD,INDL,C,002111,2019-09-30,BECTON DICKINSON & CO,BDX,www.bd.com
A,USD,STD,INDL,C,002111,2020-09-30,BECTON DICKINSON & CO,BDX,www.bd.com
A,USD,STD,INDL,C,002111,2021-09-30,BECTON DICKINSON & CO,BDX,www.bd.com
A,USD,STD,INDL,C,002111,2022-09-30,BECTON DICKINSON & CO,BDX,www.bd.com
A,USD,STD,INDL,C,002111,2023-09-30,BECTON DICKINSON & CO,BDX,www.bd.com
A,USD,STD,INDL,C,002111,2024-09-30,BECTON DICKINSON & CO,BDX,www.bd.com
A,USD,STD,INDL,C,002111,2025-09-30,BECTON DICKINSON & CO,BDX,www.bd.com
A,USD,STD,INDL,C,002136,2010-12-31,VERIZON COMMUNICATIONS INC,VZ,www.verizon.com
A,USD,STD,INDL,C,002136,2011-12-31,VERIZON COMMUNICATIONS INC,VZ,www.verizon.com
A,USD,STD,INDL,C,002136,2012-12-31,VERIZON COMMUNICATIONS INC,VZ,www.verizon.com
A,USD,STD,INDL,C,002136,2013-12-31,VERIZON COMMUNICATIONS INC,VZ,www.verizon.com
A,USD,STD,INDL,C,002136,2014-12-31,VERIZON COMMUNICATIONS INC,VZ,www.verizon.com
A,USD,STD,INDL,C,002136,2015-12-31,VERIZON COMMUNICATIONS INC,VZ,www.verizon.com
A,USD,STD,INDL,C,002136,2016-12-31,VERIZON COMMUNICATIONS INC,VZ,www.verizon.com
A,USD,STD,INDL,C,002136,2017-12-31,VERIZON COMMUNICATIONS INC,VZ,www.verizon.com
A,USD,STD,INDL,C,002136,2018-12-31,VERIZON COMMUNICATIONS INC,VZ,www.verizon.com
A,USD,STD,INDL,C,002136,2019-12-31,VERIZON COMMUNICATIONS INC,VZ,www.verizon.com
A,USD,STD,INDL,C,002136,2020-12-31,VERIZON COMMUNICATIONS INC,VZ,www.verizon.com
A,USD,STD,INDL,C,002136,2021-12-31,VERIZON COMMUNICATIONS INC,VZ,www.verizon.com
A,USD,STD,INDL,C,002136,2022-12-31,VERIZON COMMUNICATIONS INC,VZ,www.verizon.com
A,USD,STD,INDL,C,002136,2023-12-31,VERIZON COMMUNICATIONS INC,VZ,www.verizon.com
A,USD,STD,INDL,C,002136,2024-12-31,VERIZON COMMUNICATIONS INC,VZ,www.verizon.com
A,USD,STD,INDL,C,002136,2025-12-31,VERIZON COMMUNICATIONS INC,VZ,www.verizon.com
A,USD,STD,FS,C,002176,2010-12-31,BERKSHIRE HATHAWAY,BRK.B,www.berkshirehathaway.com
A,USD,STD,INDL,C,002176,2010-12-31,BERKSHIRE HATHAWAY,BRK.B,www.berkshirehathaway.com
A,USD,STD,FS,C,002176,2011-12-31,BERKSHIRE HATHAWAY,BRK.B,www.berkshirehathaway.com
A,USD,STD,INDL,C,002176,2011-12-31,BERKSHIRE HATHAWAY,BRK.B,www.berkshirehathaway.com
A,USD,STD,FS,C,002176,2012-12-31,BERKSHIRE HATHAWAY,BRK.B,www.berkshirehathaway.com
A,USD,STD,INDL,C,002176,2012-12-31,BERKSHIRE HATHAWAY,BRK.B,www.berkshirehathaway.com
A,USD,STD,FS,C,002176,2013-12-31,BERKSHIRE HATHAWAY,BRK.B,www.berkshirehathaway.com
A,USD,STD,INDL,C,002176,2013-12-31,BERKSHIRE HATHAWAY,BRK.B,www.berkshirehathaway.com
A,USD,STD,FS,C,002176,2014-12-31,BERKSHIRE HATHAWAY,BRK.B,www.berkshirehathaway.com
A,USD,STD,INDL,C,002176,2014-12-31,BERKSHIRE HATHAWAY,BRK.B,www.berkshirehathaway.com
A,USD,STD,FS,C,002176,2015-12-31,BERKSHIRE HATHAWAY,BRK.B,www.berkshirehathaway.com
A,USD,STD,INDL,C,002176,2015-12-31,BERKSHIRE HATHAWAY,BRK.B,www.berkshirehathaway.com
A,USD,STD,FS,C,002176,2016-12-31,BERKSHIRE HATHAWAY,BRK.B,www.berkshirehathaway.com
A,USD,STD,INDL,C,002176,2016-12-31,BERKSHIRE HATHAWAY,BRK.B,www.berkshirehathaway.com
A,USD,STD,FS,C,002176,2017-12-31,BERKSHIRE HATHAWAY,BRK.B,www.berkshirehathaway.com
A,USD,STD,INDL,C,002176,2017-12-31,BERKSHIRE HATHAWAY,BRK.B,www.berkshirehathaway.com
A,USD,STD,FS,C,002176,2018-12-31,BERKSHIRE HATHAWAY,BRK.B,www.berkshirehathaway.com
A,USD,STD,INDL,C,002176,2018-12-31,BERKSHIRE HATHAWAY,BRK.B,www.berkshirehathaway.com
A,USD,STD,FS,C,002176,2019-12-31,BERKSHIRE HATHAWAY,BRK.B,www.berkshirehathaway.com
A,USD,STD,INDL,C,002176,2019-12-31,BERKSHIRE HATHAWAY,BRK.B,www.berkshirehathaway.com
A,USD,STD,FS,C,002176,2020-12-31,BERKSHIRE HATHAWAY,BRK.B,www.berkshirehathaway.com
A,USD,STD,INDL,C,002176,2020-12-31,BERKSHIRE HATHAWAY,BRK.B,www.berkshirehathaway.com
A,USD,STD,FS,C,002176,2021-12-31,BERKSHIRE HATHAWAY,BRK.B,www.berkshirehathaway.com
A,USD,STD,INDL,C,002176,2021-12-31,BERKSHIRE HATHAWAY,BRK.B,www.berkshirehathaway.com
A,USD,STD,FS,C,002176,2022-12-31,BERKSHIRE HATHAWAY,BRK.B,www.berkshirehathaway.com
A,USD,STD,INDL,C,002176,2022-12-31,BERKSHIRE HATHAWAY,BRK.B,www.berkshirehathaway.com
A,USD,STD,FS,C,002176,2023-12-31,BERKSHIRE HATHAWAY,BRK.B,www.berkshirehathaway.com
A,USD,STD,INDL,C,002176,2023-12-31,BERKSHIRE HATHAWAY,BRK.B,www.berkshirehathaway.com
A,USD,STD,FS,C,002176,2024-12-31,BERKSHIRE HATHAWAY,BRK.B,www.berkshirehathaway.com
A,USD,STD,INDL,C,002176,2024-12-31,BERKSHIRE HATHAWAY,BRK.B,www.berkshirehathaway.com
A,USD,STD,FS,C,002176,2025-12-31,BERKSHIRE HATHAWAY,BRK.B,www.berkshirehathaway.com
A,USD,STD,INDL,C,002176,2025-12-31,BERKSHIRE HATHAWAY,BRK.B,www.berkshirehathaway.com
A,USD,STD,INDL,C,002184,2010-02-28,BEST BUY CO INC,BBY,corporate.bestbuy.com
A,USD,STD,INDL,C,002184,2011-02-28,BEST BUY CO INC,BBY,corporate.bestbuy.com
A,USD,STD,INDL,C,002184,2012-02-29,BEST BUY CO INC,BBY,corporate.bestbuy.com
A,USD,STD,INDL,C,002184,2013-01-31,BEST BUY CO INC,BBY,corporate.bestbuy.com
A,USD,STD,INDL,C,002184,2014-01-31,BEST BUY CO INC,BBY,corporate.bestbuy.com
A,USD,STD,INDL,C,002184,2015-01-31,BEST BUY CO INC,BBY,corporate.bestbuy.com
A,USD,STD,INDL,C,002184,2016-01-31,BEST BUY CO INC,BBY,corporate.bestbuy.com
A,USD,STD,INDL,C,002184,2017-01-31,BEST BUY CO INC,BBY,corporate.bestbuy.com
A,USD,STD,INDL,C,002184,2018-01-31,BEST BUY CO INC,BBY,corporate.bestbuy.com
A,USD,STD,INDL,C,002184,2019-01-31,BEST BUY CO INC,BBY,corporate.bestbuy.com
A,USD,STD,INDL,C,002184,2020-01-31,BEST BUY CO INC,BBY,corporate.bestbuy.com
A,USD,STD,INDL,C,002184,2021-01-31,BEST BUY CO INC,BBY,corporate.bestbuy.com
A,USD,STD,INDL,C,002184,2022-01-31,BEST BUY CO INC,BBY,corporate.bestbuy.com
A,USD,STD,INDL,C,002184,2023-01-31,BEST BUY CO INC,BBY,corporate.bestbuy.com
A,USD,STD,INDL,C,002184,2024-01-31,BEST BUY CO INC,BBY,corporate.bestbuy.com
A,USD,STD,INDL,C,002184,2025-01-31,BEST BUY CO INC,BBY,corporate.bestbuy.com
A,USD,STD,INDL,C,002184,2026-01-31,BEST BUY CO INC,BBY,corporate.bestbuy.com
A,USD,STD,INDL,C,002285,2010-12-31,BOEING CO,BA,www.boeing.com
A,USD,STD,INDL,C,002285,2011-12-31,BOEING CO,BA,www.boeing.com
A,USD,STD,INDL,C,002285,2012-12-31,BOEING CO,BA,www.boeing.com
A,USD,STD,INDL,C,002285,2013-12-31,BOEING CO,BA,www.boeing.com
A,USD,STD,INDL,C,002285,2014-12-31,BOEING CO,BA,www.boeing.com
A,USD,STD,INDL,C,002285,2015-12-31,BOEING CO,BA,www.boeing.com
A,USD,STD,INDL,C,002285,2016-12-31,BOEING CO,BA,www.boeing.com
A,USD,STD,INDL,C,002285,2017-12-31,BOEING CO,BA,www.boeing.com
A,USD,STD,INDL,C,002285,2018-12-31,BOEING CO,BA,www.boeing.com
A,USD,STD,INDL,C,002285,2019-12-31,BOEING CO,BA,www.boeing.com
A,USD,STD,INDL,C,002285,2020-12-31,BOEING CO,BA,www.boeing.com
A,USD,STD,INDL,C,002285,2021-12-31,BOEING CO,BA,www.boeing.com
A,USD,STD,INDL,C,002285,2022-12-31,BOEING CO,BA,www.boeing.com
A,USD,STD,INDL,C,002285,2023-12-31,BOEING CO,BA,www.boeing.com
A,USD,STD,INDL,C,002285,2024-12-31,BOEING CO,BA,www.boeing.com
A,USD,STD,INDL,C,002285,2025-12-31,BOEING CO,BA,www.boeing.com
A,USD,STD,INDL,C,002403,2010-12-31,BRISTOL-MYERS SQUIBB CO,BMY,www.bms.com
A,USD,STD,INDL,C,002403,2011-12-31,BRISTOL-MYERS SQUIBB CO,BMY,www.bms.com
A,USD,STD,INDL,C,002403,2012-12-31,BRISTOL-MYERS SQUIBB CO,BMY,www.bms.com
A,USD,STD,INDL,C,002403,2013-12-31,BRISTOL-MYERS SQUIBB CO,BMY,www.bms.com
A,USD,STD,INDL,C,002403,2014-12-31,BRISTOL-MYERS SQUIBB CO,BMY,www.bms.com
A,USD,STD,INDL,C,002403,2015-12-31,BRISTOL-MYERS SQUIBB CO,BMY,www.bms.com
A,USD,STD,INDL,C,002403,2016-12-31,BRISTOL-MYERS SQUIBB CO,BMY,www.bms.com
A,USD,STD,INDL,C,002403,2017-12-31,BRISTOL-MYERS SQUIBB CO,BMY,www.bms.com
A,USD,STD,INDL,C,002403,2018-12-31,BRISTOL-MYERS SQUIBB CO,BMY,www.bms.com
A,USD,STD,INDL,C,002403,2019-12-31,BRISTOL-MYERS SQUIBB CO,BMY,www.bms.com
A,USD,STD,INDL,C,002403,2020-12-31,BRISTOL-MYERS SQUIBB CO,BMY,www.bms.com
A,USD,STD,INDL,C,002403,2021-12-31,BRISTOL-MYERS SQUIBB CO,BMY,www.bms.com
A,USD,STD,INDL,C,002403,2022-12-31,BRISTOL-MYERS SQUIBB CO,BMY,www.bms.com
A,USD,STD,INDL,C,002403,2023-12-31,BRISTOL-MYERS SQUIBB CO,BMY,www.bms.com
A,USD,STD,INDL,C,002403,2024-12-31,BRISTOL-MYERS SQUIBB CO,BMY,www.bms.com
A,USD,STD,INDL,C,002403,2025-12-31,BRISTOL-MYERS SQUIBB CO,BMY,www.bms.com
A,USD,STD,INDL,C,002435,2010-04-30,BROWN FORMAN CORP,BF.B,www.brown-forman.com
A,USD,STD,INDL,C,002435,2011-04-30,BROWN FORMAN CORP,BF.B,www.brown-forman.com
A,USD,STD,INDL,C,002435,2012-04-30,BROWN FORMAN CORP,BF.B,www.brown-forman.com
A,USD,STD,INDL,C,002435,2013-04-30,BROWN FORMAN CORP,BF.B,www.brown-forman.com
A,USD,STD,INDL,C,002435,2014-04-30,BROWN FORMAN CORP,BF.B,www.brown-forman.com
A,USD,STD,INDL,C,002435,2015-04-30,BROWN FORMAN CORP,BF.B,www.brown-forman.com
A,USD,STD,INDL,C,002435,2016-04-30,BROWN FORMAN CORP,BF.B,www.brown-forman.com
A,USD,STD,INDL,C,002435,2017-04-30,BROWN FORMAN CORP,BF.B,www.brown-forman.com
A,USD,STD,INDL,C,002435,2018-04-30,BROWN FORMAN CORP,BF.B,www.brown-forman.com
A,USD,STD,INDL,C,002435,2019-04-30,BROWN FORMAN CORP,BF.B,www.brown-forman.com
A,USD,STD,INDL,C,002435,2020-04-30,BROWN FORMAN CORP,BF.B,www.brown-forman.com
A,USD,STD,INDL,C,002435,2021-04-30,BROWN FORMAN CORP,BF.B,www.brown-forman.com
A,USD,STD,INDL,C,002435,2022-04-30,BROWN FORMAN CORP,BF.B,www.brown-forman.com
A,USD,STD,INDL,C,002435,2023-04-30,BROWN FORMAN CORP,BF.B,www.brown-forman.com
A,USD,STD,INDL,C,002435,2024-04-30,BROWN FORMAN CORP,BF.B,www.brown-forman.com
A,USD,STD,INDL,C,002435,2025-04-30,BROWN FORMAN CORP,BF.B,www.brown-forman.com
A,USD,STD,FS,C,002547,2010-12-31,CIGNA GROUP (THE),CI,www.thecignagroup.com
A,USD,STD,INDL,C,002547,2010-12-31,CIGNA GROUP (THE),CI,www.thecignagroup.com
A,USD,STD,FS,C,002547,2011-12-31,CIGNA GROUP (THE),CI,www.thecignagroup.com
A,USD,STD,INDL,C,002547,2011-12-31,CIGNA GROUP (THE),CI,www.thecignagroup.com
A,USD,STD,FS,C,002547,2012-12-31,CIGNA GROUP (THE),CI,www.thecignagroup.com
A,USD,STD,INDL,C,002547,2012-12-31,CIGNA GROUP (THE),CI,www.thecignagroup.com
A,USD,STD,FS,C,002547,2013-12-31,CIGNA GROUP (THE),CI,www.thecignagroup.com
A,USD,STD,INDL,C,002547,2013-12-31,CIGNA GROUP (THE),CI,www.thecignagroup.com
A,USD,STD,FS,C,002547,2014-12-31,CIGNA GROUP (THE),CI,www.thecignagroup.com
A,USD,STD,INDL,C,002547,2014-12-31,CIGNA GROUP (THE),CI,www.thecignagroup.com
A,USD,STD,FS,C,002547,2015-12-31,CIGNA GROUP (THE),CI,www.thecignagroup.com
A,USD,STD,INDL,C,002547,2015-12-31,CIGNA GROUP (THE),CI,www.thecignagroup.com
A,USD,STD,FS,C,002547,2016-12-31,CIGNA GROUP (THE),CI,www.thecignagroup.com
A,USD,STD,INDL,C,002547,2016-12-31,CIGNA GROUP (THE),CI,www.thecignagroup.com
A,USD,STD,FS,C,002547,2017-12-31,CIGNA GROUP (THE),CI,www.thecignagroup.com
A,USD,STD,INDL,C,002547,2017-12-31,CIGNA GROUP (THE),CI,www.thecignagroup.com
A,USD,STD,FS,C,002547,2018-12-31,CIGNA GROUP (THE),CI,www.thecignagroup.com
A,USD,STD,INDL,C,002547,2018-12-31,CIGNA GROUP (THE),CI,www.thecignagroup.com
A,USD,STD,FS,C,002547,2019-12-31,CIGNA GROUP (THE),CI,www.thecignagroup.com
A,USD,STD,INDL,C,002547,2019-12-31,CIGNA GROUP (THE),CI,www.thecignagroup.com
A,USD,STD,FS,C,002547,2020-12-31,CIGNA GROUP (THE),CI,www.thecignagroup.com
A,USD,STD,INDL,C,002547,2020-12-31,CIGNA GROUP (THE),CI,www.thecignagroup.com
A,USD,STD,FS,C,002547,2021-12-31,CIGNA GROUP (THE),CI,www.thecignagroup.com
A,USD,STD,INDL,C,002547,2021-12-31,CIGNA GROUP (THE),CI,www.thecignagroup.com
A,USD,STD,FS,C,002547,2022-12-31,CIGNA GROUP (THE),CI,www.thecignagroup.com
A,USD,STD,INDL,C,002547,2022-12-31,CIGNA GROUP (THE),CI,www.thecignagroup.com
A,USD,STD,FS,C,002547,2023-12-31,CIGNA GROUP (THE),CI,www.thecignagroup.com
A,USD,STD,INDL,C,002547,2023-12-31,CIGNA GROUP (THE),CI,www.thecignagroup.com
A,USD,STD,FS,C,002547,2024-12-31,CIGNA GROUP (THE),CI,www.thecignagroup.com
A,USD,STD,INDL,C,002547,2024-12-31,CIGNA GROUP (THE),CI,www.thecignagroup.com
A,USD,STD,FS,C,002547,2025-12-31,CIGNA GROUP (THE),CI,www.thecignagroup.com
A,USD,STD,INDL,C,002547,2025-12-31,CIGNA GROUP (THE),CI,www.thecignagroup.com
A,USD,STD,INDL,C,002574,2010-12-31,CSX CORP,CSX,www.csx.com
A,USD,STD,INDL,C,002574,2011-12-31,CSX CORP,CSX,www.csx.com
A,USD,STD,INDL,C,002574,2012-12-31,CSX CORP,CSX,www.csx.com
A,USD,STD,INDL,C,002574,2013-12-31,CSX CORP,CSX,www.csx.com
A,USD,STD,INDL,C,002574,2014-12-31,CSX CORP,CSX,www.csx.com
A,USD,STD,INDL,C,002574,2015-12-31,CSX CORP,CSX,www.csx.com
A,USD,STD,INDL,C,002574,2016-12-31,CSX CORP,CSX,www.csx.com
A,USD,STD,INDL,C,002574,2017-12-31,CSX CORP,CSX,www.csx.com
A,USD,STD,INDL,C,002574,2018-12-31,CSX CORP,CSX,www.csx.com
A,USD,STD,INDL,C,002574,2019-12-31,CSX CORP,CSX,www.csx.com
A,USD,STD,INDL,C,002574,2020-12-31,CSX CORP,CSX,www.csx.com
A,USD,STD,INDL,C,002574,2021-12-31,CSX CORP,CSX,www.csx.com
A,USD,STD,INDL,C,002574,2022-12-31,CSX CORP,CSX,www.csx.com
A,USD,STD,INDL,C,002574,2023-12-31,CSX CORP,CSX,www.csx.com
A,USD,STD,INDL,C,002574,2024-12-31,CSX CORP,CSX,www.csx.com
A,USD,STD,INDL,C,002574,2025-12-31,CSX CORP,CSX,www.csx.com
A,USD,STD,INDL,C,002663,2010-07-31,CAMPBELL'S CO (THE),CPB,www.thecampbellscompany.com
A,USD,STD,INDL,C,002663,2011-07-31,CAMPBELL'S CO (THE),CPB,www.thecampbellscompany.com
A,USD,STD,INDL,C,002663,2012-07-31,CAMPBELL'S CO (THE),CPB,www.thecampbellscompany.com
A,USD,STD,INDL,C,002663,2013-07-31,CAMPBELL'S CO (THE),CPB,www.thecampbellscompany.com
A,USD,STD,INDL,C,002663,2014-07-31,CAMPBELL'S CO (THE),CPB,www.thecampbellscompany.com
A,USD,STD,INDL,C,002663,2015-07-31,CAMPBELL'S CO (THE),CPB,www.thecampbellscompany.com
A,USD,STD,INDL,C,002663,2016-07-31,CAMPBELL'S CO (THE),CPB,www.thecampbellscompany.com
A,USD,STD,INDL,C,002663,2017-07-31,CAMPBELL'S CO (THE),CPB,www.thecampbellscompany.com
A,USD,STD,INDL,C,002663,2018-07-31,CAMPBELL'S CO (THE),CPB,www.thecampbellscompany.com
A,USD,STD,INDL,C,002663,2019-07-31,CAMPBELL'S CO (THE),CPB,www.thecampbellscompany.com
A,USD,STD,INDL,C,002663,2020-07-31,CAMPBELL'S CO (THE),CPB,www.thecampbellscompany.com
A,USD,STD,INDL,C,002663,2021-07-31,CAMPBELL'S CO (THE),CPB,www.thecampbellscompany.com
A,USD,STD,INDL,C,002663,2022-07-31,CAMPBELL'S CO (THE),CPB,www.thecampbellscompany.com
A,USD,STD,INDL,C,002663,2023-07-31,CAMPBELL'S CO (THE),CPB,www.thecampbellscompany.com
A,USD,STD,INDL,C,002663,2024-07-31,CAMPBELL'S CO (THE),CPB,www.thecampbellscompany.com
A,USD,STD,INDL,C,002663,2025-07-31,CAMPBELL'S CO (THE),CPB,www.thecampbellscompany.com
A,USD,STD,INDL,C,002710,2010-02-28,CONSTELLATION BRANDS,STZ,www.cbrands.com
A,USD,STD,INDL,C,002710,2011-02-28,CONSTELLATION BRANDS,STZ,www.cbrands.com
A,USD,STD,INDL,C,002710,2012-02-29,CONSTELLATION BRANDS,STZ,www.cbrands.com
A,USD,STD,INDL,C,002710,2013-02-28,CONSTELLATION BRANDS,STZ,www.cbrands.com
A,USD,STD,INDL,C,002710,2014-02-28,CONSTELLATION BRANDS,STZ,www.cbrands.com
A,USD,STD,INDL,C,002710,2015-02-28,CONSTELLATION BRANDS,STZ,www.cbrands.com
A,USD,STD,INDL,C,002710,2016-02-29,CONSTELLATION BRANDS,STZ,www.cbrands.com
A,USD,STD,INDL,C,002710,2017-02-28,CONSTELLATION BRANDS,STZ,www.cbrands.com
A,USD,STD,INDL,C,002710,2018-02-28,CONSTELLATION BRANDS,STZ,www.cbrands.com
A,USD,STD,INDL,C,002710,2019-02-28,CONSTELLATION BRANDS,STZ,www.cbrands.com
A,USD,STD,INDL,C,002710,2020-02-29,CONSTELLATION BRANDS,STZ,www.cbrands.com
A,USD,STD,INDL,C,002710,2021-02-28,CONSTELLATION BRANDS,STZ,www.cbrands.com
A,USD,STD,INDL,C,002710,2022-02-28,CONSTELLATION BRANDS,STZ,www.cbrands.com
A,USD,STD,INDL,C,002710,2023-02-28,CONSTELLATION BRANDS,STZ,www.cbrands.com
A,USD,STD,INDL,C,002710,2024-02-29,CONSTELLATION BRANDS,STZ,www.cbrands.com
A,USD,STD,INDL,C,002710,2025-02-28,CONSTELLATION BRANDS,STZ,www.cbrands.com
A,USD,STD,INDL,C,002710,2026-02-28,CONSTELLATION BRANDS,STZ,www.cbrands.com
A,USD,STD,INDL,C,002751,2010-06-30,CARDINAL HEALTH INC,CAH,www.cardinalhealth.com
A,USD,STD,INDL,C,002751,2011-06-30,CARDINAL HEALTH INC,CAH,www.cardinalhealth.com
A,USD,STD,INDL,C,002751,2012-06-30,CARDINAL HEALTH INC,CAH,www.cardinalhealth.com
A,USD,STD,INDL,C,002751,2013-06-30,CARDINAL HEALTH INC,CAH,www.cardinalhealth.com
A,USD,STD,INDL,C,002751,2014-06-30,CARDINAL HEALTH INC,CAH,www.cardinalhealth.com
A,USD,STD,INDL,C,002751,2015-06-30,CARDINAL HEALTH INC,CAH,www.cardinalhealth.com
A,USD,STD,INDL,C,002751,2016-06-30,CARDINAL HEALTH INC,CAH,www.cardinalhealth.com
A,USD,STD,INDL,C,002751,2017-06-30,CARDINAL HEALTH INC,CAH,www.cardinalhealth.com
A,USD,STD,INDL,C,002751,2018-06-30,CARDINAL HEALTH INC,CAH,www.cardinalhealth.com
A,USD,STD,INDL,C,002751,2019-06-30,CARDINAL HEALTH INC,CAH,www.cardinalhealth.com
A,USD,STD,INDL,C,002751,2020-06-30,CARDINAL HEALTH INC,CAH,www.cardinalhealth.com
A,USD,STD,INDL,C,002751,2021-06-30,CARDINAL HEALTH INC,CAH,www.cardinalhealth.com
A,USD,STD,INDL,C,002751,2022-06-30,CARDINAL HEALTH INC,CAH,www.cardinalhealth.com
A,USD,STD,INDL,C,002751,2023-06-30,CARDINAL HEALTH INC,CAH,www.cardinalhealth.com
A,USD,STD,INDL,C,002751,2024-06-30,CARDINAL HEALTH INC,CAH,www.cardinalhealth.com
A,USD,STD,INDL,C,002751,2025-06-30,CARDINAL HEALTH INC,CAH,www.cardinalhealth.com
A,USD,STD,INDL,C,002807,2010-04-30,CASEYS GENERAL STORES INC,CASY,www.caseys.com
A,USD,STD,INDL,C,002807,2011-04-30,CASEYS GENERAL STORES INC,CASY,www.caseys.com
A,USD,STD,INDL,C,002807,2012-04-30,CASEYS GENERAL STORES INC,CASY,www.caseys.com
A,USD,STD,INDL,C,002807,2013-04-30,CASEYS GENERAL STORES INC,CASY,www.caseys.com
A,USD,STD,INDL,C,002807,2014-04-30,CASEYS GENERAL STORES INC,CASY,www.caseys.com
A,USD,STD,INDL,C,002807,2015-04-30,CASEYS GENERAL STORES INC,CASY,www.caseys.com
A,USD,STD,INDL,C,002807,2016-04-30,CASEYS GENERAL STORES INC,CASY,www.caseys.com
A,USD,STD,INDL,C,002807,2017-04-30,CASEYS GENERAL STORES INC,CASY,www.caseys.com
A,USD,STD,INDL,C,002807,2018-04-30,CASEYS GENERAL STORES INC,CASY,www.caseys.com
A,USD,STD,INDL,C,002807,2019-04-30,CASEYS GENERAL STORES INC,CASY,www.caseys.com
A,USD,STD,INDL,C,002807,2020-04-30,CASEYS GENERAL STORES INC,CASY,www.caseys.com
A,USD,STD,INDL,C,002807,2021-04-30,CASEYS GENERAL STORES INC,CASY,www.caseys.com
A,USD,STD,INDL,C,002807,2022-04-30,CASEYS GENERAL STORES INC,CASY,www.caseys.com
A,USD,STD,INDL,C,002807,2023-04-30,CASEYS GENERAL STORES INC,CASY,www.caseys.com
A,USD,STD,INDL,C,002807,2024-04-30,CASEYS GENERAL STORES INC,CASY,www.caseys.com
A,USD,STD,INDL,C,002807,2025-04-30,CASEYS GENERAL STORES INC,CASY,www.caseys.com
A,USD,STD,INDL,C,002817,2010-12-31,CATERPILLAR INC,CAT,www.caterpillar.com
A,USD,STD,INDL,C,002817,2011-12-31,CATERPILLAR INC,CAT,www.caterpillar.com
A,USD,STD,INDL,C,002817,2012-12-31,CATERPILLAR INC,CAT,www.caterpillar.com
A,USD,STD,INDL,C,002817,2013-12-31,CATERPILLAR INC,CAT,www.caterpillar.com
A,USD,STD,INDL,C,002817,2014-12-31,CATERPILLAR INC,CAT,www.caterpillar.com
A,USD,STD,INDL,C,002817,2015-12-31,CATERPILLAR INC,CAT,www.caterpillar.com
A,USD,STD,INDL,C,002817,2016-12-31,CATERPILLAR INC,CAT,www.caterpillar.com
A,USD,STD,INDL,C,002817,2017-12-31,CATERPILLAR INC,CAT,www.caterpillar.com
A,USD,STD,INDL,C,002817,2018-12-31,CATERPILLAR INC,CAT,www.caterpillar.com
A,USD,STD,INDL,C,002817,2019-12-31,CATERPILLAR INC,CAT,www.caterpillar.com
A,USD,STD,INDL,C,002817,2020-12-31,CATERPILLAR INC,CAT,www.caterpillar.com
A,USD,STD,INDL,C,002817,2021-12-31,CATERPILLAR INC,CAT,www.caterpillar.com
A,USD,STD,INDL,C,002817,2022-12-31,CATERPILLAR INC,CAT,www.caterpillar.com
A,USD,STD,INDL,C,002817,2023-12-31,CATERPILLAR INC,CAT,www.caterpillar.com
A,USD,STD,INDL,C,002817,2024-12-31,CATERPILLAR INC,CAT,www.caterpillar.com
A,USD,STD,INDL,C,002817,2025-12-31,CATERPILLAR INC,CAT,www.caterpillar.com
A,USD,STD,FS,C,002968,2010-12-31,JPMORGAN CHASE & CO,JPM,www.jpmorganchase.com
A,USD,STD,INDL,C,002968,2010-12-31,JPMORGAN CHASE & CO,JPM,www.jpmorganchase.com
A,USD,STD,FS,C,002968,2011-12-31,JPMORGAN CHASE & CO,JPM,www.jpmorganchase.com
A,USD,STD,INDL,C,002968,2011-12-31,JPMORGAN CHASE & CO,JPM,www.jpmorganchase.com
A,USD,STD,FS,C,002968,2012-12-31,JPMORGAN CHASE & CO,JPM,www.jpmorganchase.com
A,USD,STD,INDL,C,002968,2012-12-31,JPMORGAN CHASE & CO,JPM,www.jpmorganchase.com
A,USD,STD,FS,C,002968,2013-12-31,JPMORGAN CHASE & CO,JPM,www.jpmorganchase.com
A,USD,STD,INDL,C,002968,2013-12-31,JPMORGAN CHASE & CO,JPM,www.jpmorganchase.com
A,USD,STD,FS,C,002968,2014-12-31,JPMORGAN CHASE & CO,JPM,www.jpmorganchase.com
A,USD,STD,INDL,C,002968,2014-12-31,JPMORGAN CHASE & CO,JPM,www.jpmorganchase.com
A,USD,STD,FS,C,002968,2015-12-31,JPMORGAN CHASE & CO,JPM,www.jpmorganchase.com
A,USD,STD,INDL,C,002968,2015-12-31,JPMORGAN CHASE & CO,JPM,www.jpmorganchase.com
A,USD,STD,FS,C,002968,2016-12-31,JPMORGAN CHASE & CO,JPM,www.jpmorganchase.com
A,USD,STD,INDL,C,002968,2016-12-31,JPMORGAN CHASE & CO,JPM,www.jpmorganchase.com
A,USD,STD,FS,C,002968,2017-12-31,JPMORGAN CHASE & CO,JPM,www.jpmorganchase.com
A,USD,STD,INDL,C,002968,2017-12-31,JPMORGAN CHASE & CO,JPM,www.jpmorganchase.com
A,USD,STD,FS,C,002968,2018-12-31,JPMORGAN CHASE & CO,JPM,www.jpmorganchase.com
A,USD,STD,INDL,C,002968,2018-12-31,JPMORGAN CHASE & CO,JPM,www.jpmorganchase.com
A,USD,STD,FS,C,002968,2019-12-31,JPMORGAN CHASE & CO,JPM,www.jpmorganchase.com
A,USD,STD,INDL,C,002968,2019-12-31,JPMORGAN CHASE & CO,JPM,www.jpmorganchase.com
A,USD,STD,FS,C,002968,2020-12-31,JPMORGAN CHASE & CO,JPM,www.jpmorganchase.com
A,USD,STD,INDL,C,002968,2020-12-31,JPMORGAN CHASE & CO,JPM,www.jpmorganchase.com
A,USD,STD,FS,C,002968,2021-12-31,JPMORGAN CHASE & CO,JPM,www.jpmorganchase.com
A,USD,STD,INDL,C,002968,2021-12-31,JPMORGAN CHASE & CO,JPM,www.jpmorganchase.com
A,USD,STD,FS,C,002968,2022-12-31,JPMORGAN CHASE & CO,JPM,www.jpmorganchase.com
A,USD,STD,INDL,C,002968,2022-12-31,JPMORGAN CHASE & CO,JPM,www.jpmorganchase.com
A,USD,STD,FS,C,002968,2023-12-31,JPMORGAN CHASE & CO,JPM,www.jpmorganchase.com
A,USD,STD,INDL,C,002968,2023-12-31,JPMORGAN CHASE & CO,JPM,www.jpmorganchase.com
A,USD,STD,FS,C,002968,2024-12-31,JPMORGAN CHASE & CO,JPM,www.jpmorganchase.com
A,USD,STD,INDL,C,002968,2024-12-31,JPMORGAN CHASE & CO,JPM,www.jpmorganchase.com
A,USD,STD,FS,C,002968,2025-12-31,JPMORGAN CHASE & CO,JPM,www.jpmorganchase.com
A,USD,STD,INDL,C,002968,2025-12-31,JPMORGAN CHASE & CO,JPM,www.jpmorganchase.com
A,USD,STD,INDL,C,002991,2010-12-31,CHEVRON CORP,CVX,www.chevron.com
A,USD,STD,INDL,C,002991,2011-12-31,CHEVRON CORP,CVX,www.chevron.com
A,USD,STD,INDL,C,002991,2012-12-31,CHEVRON CORP,CVX,www.chevron.com
A,USD,STD,INDL,C,002991,2013-12-31,CHEVRON CORP,CVX,www.chevron.com
A,USD,STD,INDL,C,002991,2014-12-31,CHEVRON CORP,CVX,www.chevron.com
A,USD,STD,INDL,C,002991,2015-12-31,CHEVRON CORP,CVX,www.chevron.com
A,USD,STD,INDL,C,002991,2016-12-31,CHEVRON CORP,CVX,www.chevron.com
A,USD,STD,INDL,C,002991,2017-12-31,CHEVRON CORP,CVX,www.chevron.com
A,USD,STD,INDL,C,002991,2018-12-31,CHEVRON CORP,CVX,www.chevron.com
A,USD,STD,INDL,C,002991,2019-12-31,CHEVRON CORP,CVX,www.chevron.com
A,USD,STD,INDL,C,002991,2020-12-31,CHEVRON CORP,CVX,www.chevron.com
A,USD,STD,INDL,C,002991,2021-12-31,CHEVRON CORP,CVX,www.chevron.com
A,USD,STD,INDL,C,002991,2022-12-31,CHEVRON CORP,CVX,www.chevron.com
A,USD,STD,INDL,C,002991,2023-12-31,CHEVRON CORP,CVX,www.chevron.com
A,USD,STD,INDL,C,002991,2024-12-31,CHEVRON CORP,CVX,www.chevron.com
A,USD,STD,INDL,C,002991,2025-12-31,CHEVRON CORP,CVX,www.chevron.com
A,USD,STD,INDL,C,003026,2010-12-31,CHURCH & DWIGHT INC,CHD,www.churchdwight.com
A,USD,STD,INDL,C,003026,2011-12-31,CHURCH & DWIGHT INC,CHD,www.churchdwight.com
A,USD,STD,INDL,C,003026,2012-12-31,CHURCH & DWIGHT INC,CHD,www.churchdwight.com
A,USD,STD,INDL,C,003026,2013-12-31,CHURCH & DWIGHT INC,CHD,www.churchdwight.com
A,USD,STD,INDL,C,003026,2014-12-31,CHURCH & DWIGHT INC,CHD,www.churchdwight.com
A,USD,STD,INDL,C,003026,2015-12-31,CHURCH & DWIGHT INC,CHD,www.churchdwight.com
A,USD,STD,INDL,C,003026,2016-12-31,CHURCH & DWIGHT INC,CHD,www.churchdwight.com
A,USD,STD,INDL,C,003026,2017-12-31,CHURCH & DWIGHT INC,CHD,www.churchdwight.com
A,USD,STD,INDL,C,003026,2018-12-31,CHURCH & DWIGHT INC,CHD,www.churchdwight.com
A,USD,STD,INDL,C,003026,2019-12-31,CHURCH & DWIGHT INC,CHD,www.churchdwight.com
A,USD,STD,INDL,C,003026,2020-12-31,CHURCH & DWIGHT INC,CHD,www.churchdwight.com
A,USD,STD,INDL,C,003026,2021-12-31,CHURCH & DWIGHT INC,CHD,www.churchdwight.com
A,USD,STD,INDL,C,003026,2022-12-31,CHURCH & DWIGHT INC,CHD,www.churchdwight.com
A,USD,STD,INDL,C,003026,2023-12-31,CHURCH & DWIGHT INC,CHD,www.churchdwight.com
A,USD,STD,INDL,C,003026,2024-12-31,CHURCH & DWIGHT INC,CHD,www.churchdwight.com
A,USD,STD,INDL,C,003026,2025-12-31,CHURCH & DWIGHT INC,CHD,www.churchdwight.com
A,USD,STD,INDL,C,003062,2010-05-31,CINTAS CORP,CTAS,www.cintas.com
A,USD,STD,INDL,C,003062,2011-05-31,CINTAS CORP,CTAS,www.cintas.com
A,USD,STD,INDL,C,003062,2012-05-31,CINTAS CORP,CTAS,www.cintas.com
A,USD,STD,INDL,C,003062,2013-05-31,CINTAS CORP,CTAS,www.cintas.com
A,USD,STD,INDL,C,003062,2014-05-31,CINTAS CORP,CTAS,www.cintas.com
A,USD,STD,INDL,C,003062,2015-05-31,CINTAS CORP,CTAS,www.cintas.com
A,USD,STD,INDL,C,003062,2016-05-31,CINTAS CORP,CTAS,www.cintas.com
A,USD,STD,INDL,C,003062,2017-05-31,CINTAS CORP,CTAS,www.cintas.com
A,USD,STD,INDL,C,003062,2018-05-31,CINTAS CORP,CTAS,www.cintas.com
A,USD,STD,INDL,C,003062,2019-05-31,CINTAS CORP,CTAS,www.cintas.com
A,USD,STD,INDL,C,003062,2020-05-31,CINTAS CORP,CTAS,www.cintas.com
A,USD,STD,INDL,C,003062,2021-05-31,CINTAS CORP,CTAS,www.cintas.com
A,USD,STD,INDL,C,003062,2022-05-31,CINTAS CORP,CTAS,www.cintas.com
A,USD,STD,INDL,C,003062,2023-05-31,CINTAS CORP,CTAS,www.cintas.com
A,USD,STD,INDL,C,003062,2024-05-31,CINTAS CORP,CTAS,www.cintas.com
A,USD,STD,INDL,C,003062,2025-05-31,CINTAS CORP,CTAS,www.cintas.com
A,USD,STD,INDL,C,003121,2010-06-30,CLOROX CO/DE,CLX,www.thecloroxcompany.com
A,USD,STD,INDL,C,003121,2011-06-30,CLOROX CO/DE,CLX,www.thecloroxcompany.com
A,USD,STD,INDL,C,003121,2012-06-30,CLOROX CO/DE,CLX,www.thecloroxcompany.com
A,USD,STD,INDL,C,003121,2013-06-30,CLOROX CO/DE,CLX,www.thecloroxcompany.com
A,USD,STD,INDL,C,003121,2014-06-30,CLOROX CO/DE,CLX,www.thecloroxcompany.com
A,USD,STD,INDL,C,003121,2015-06-30,CLOROX CO/DE,CLX,www.thecloroxcompany.com
A,USD,STD,INDL,C,003121,2016-06-30,CLOROX CO/DE,CLX,www.thecloroxcompany.com
A,USD,STD,INDL,C,003121,2017-06-30,CLOROX CO/DE,CLX,www.thecloroxcompany.com
A,USD,STD,INDL,C,003121,2018-06-30,CLOROX CO/DE,CLX,www.thecloroxcompany.com
A,USD,STD,INDL,C,003121,2019-06-30,CLOROX CO/DE,CLX,www.thecloroxcompany.com
A,USD,STD,INDL,C,003121,2020-06-30,CLOROX CO/DE,CLX,www.thecloroxcompany.com
A,USD,STD,INDL,C,003121,2021-06-30,CLOROX CO/DE,CLX,www.thecloroxcompany.com
A,USD,STD,INDL,C,003121,2022-06-30,CLOROX CO/DE,CLX,www.thecloroxcompany.com
A,USD,STD,INDL,C,003121,2023-06-30,CLOROX CO/DE,CLX,www.thecloroxcompany.com
A,USD,STD,INDL,C,003121,2024-06-30,CLOROX CO/DE,CLX,www.thecloroxcompany.com
A,USD,STD,INDL,C,003121,2025-06-30,CLOROX CO/DE,CLX,www.thecloroxcompany.com
A,USD,STD,INDL,C,003144,2010-12-31,COCA-COLA CO,KO,www.coca-colacompany.com
A,USD,STD,INDL,C,003144,2011-12-31,COCA-COLA CO,KO,www.coca-colacompany.com
A,USD,STD,INDL,C,003144,2012-12-31,COCA-COLA CO,KO,www.coca-colacompany.com
A,USD,STD,INDL,C,003144,2013-12-31,COCA-COLA CO,KO,www.coca-colacompany.com
A,USD,STD,INDL,C,003144,2014-12-31,COCA-COLA CO,KO,www.coca-colacompany.com
A,USD,STD,INDL,C,003144,2015-12-31,COCA-COLA CO,KO,www.coca-colacompany.com
A,USD,STD,INDL,C,003144,2016-12-31,COCA-COLA CO,KO,www.coca-colacompany.com
A,USD,STD,INDL,C,003144,2017-12-31,COCA-COLA CO,KO,www.coca-colacompany.com
A,USD,STD,INDL,C,003144,2018-12-31,COCA-COLA CO,KO,www.coca-colacompany.com
A,USD,STD,INDL,C,003144,2019-12-31,COCA-COLA CO,KO,www.coca-colacompany.com
A,USD,STD,INDL,C,003144,2020-12-31,COCA-COLA CO,KO,www.coca-colacompany.com
A,USD,STD,INDL,C,003144,2021-12-31,COCA-COLA CO,KO,www.coca-colacompany.com
A,USD,STD,INDL,C,003144,2022-12-31,COCA-COLA CO,KO,www.coca-colacompany.com
A,USD,STD,INDL,C,003144,2023-12-31,COCA-COLA CO,KO,www.coca-colacompany.com
A,USD,STD,INDL,C,003144,2024-12-31,COCA-COLA CO,KO,www.coca-colacompany.com
A,USD,STD,INDL,C,003144,2025-12-31,COCA-COLA CO,KO,www.coca-colacompany.com
A,USD,STD,INDL,C,003170,2010-12-31,COLGATE-PALMOLIVE CO,CL,www.colgatepalmolive.com
A,USD,STD,INDL,C,003170,2011-12-31,COLGATE-PALMOLIVE CO,CL,www.colgatepalmolive.com
A,USD,STD,INDL,C,003170,2012-12-31,COLGATE-PALMOLIVE CO,CL,www.colgatepalmolive.com
A,USD,STD,INDL,C,003170,2013-12-31,COLGATE-PALMOLIVE CO,CL,www.colgatepalmolive.com
A,USD,STD,INDL,C,003170,2014-12-31,COLGATE-PALMOLIVE CO,CL,www.colgatepalmolive.com
A,USD,STD,INDL,C,003170,2015-12-31,COLGATE-PALMOLIVE CO,CL,www.colgatepalmolive.com
A,USD,STD,INDL,C,003170,2016-12-31,COLGATE-PALMOLIVE CO,CL,www.colgatepalmolive.com
A,USD,STD,INDL,C,003170,2017-12-31,COLGATE-PALMOLIVE CO,CL,www.colgatepalmolive.com
A,USD,STD,INDL,C,003170,2018-12-31,COLGATE-PALMOLIVE CO,CL,www.colgatepalmolive.com
A,USD,STD,INDL,C,003170,2019-12-31,COLGATE-PALMOLIVE CO,CL,www.colgatepalmolive.com
A,USD,STD,INDL,C,003170,2020-12-31,COLGATE-PALMOLIVE CO,CL,www.colgatepalmolive.com
A,USD,STD,INDL,C,003170,2021-12-31,COLGATE-PALMOLIVE CO,CL,www.colgatepalmolive.com
A,USD,STD,INDL,C,003170,2022-12-31,COLGATE-PALMOLIVE CO,CL,www.colgatepalmolive.com
A,USD,STD,INDL,C,003170,2023-12-31,COLGATE-PALMOLIVE CO,CL,www.colgatepalmolive.com
A,USD,STD,INDL,C,003170,2024-12-31,COLGATE-PALMOLIVE CO,CL,www.colgatepalmolive.com
A,USD,STD,INDL,C,003170,2025-12-31,COLGATE-PALMOLIVE CO,CL,www.colgatepalmolive.com
A,USD,STD,FS,C,003221,2010-12-31,AON PLC,AON,www.aon.com
A,USD,STD,INDL,C,003221,2010-12-31,AON PLC,AON,www.aon.com
A,USD,STD,FS,C,003221,2011-12-31,AON PLC,AON,www.aon.com
A,USD,STD,INDL,C,003221,2011-12-31,AON PLC,AON,www.aon.com
A,USD,STD,FS,C,003221,2012-12-31,AON PLC,AON,www.aon.com
A,USD,STD,INDL,C,003221,2012-12-31,AON PLC,AON,www.aon.com
A,USD,STD,FS,C,003221,2013-12-31,AON PLC,AON,www.aon.com
A,USD,STD,INDL,C,003221,2013-12-31,AON PLC,AON,www.aon.com
A,USD,STD,FS,C,003221,2014-12-31,AON PLC,AON,www.aon.com
A,USD,STD,INDL,C,003221,2014-12-31,AON PLC,AON,www.aon.com
A,USD,STD,FS,C,003221,2015-12-31,AON PLC,AON,www.aon.com
A,USD,STD,INDL,C,003221,2015-12-31,AON PLC,AON,www.aon.com
A,USD,STD,FS,C,003221,2016-12-31,AON PLC,AON,www.aon.com
A,USD,STD,INDL,C,003221,2016-12-31,AON PLC,AON,www.aon.com
A,USD,STD,FS,C,003221,2017-12-31,AON PLC,AON,www.aon.com
A,USD,STD,INDL,C,003221,2017-12-31,AON PLC,AON,www.aon.com
A,USD,STD,FS,C,003221,2018-12-31,AON PLC,AON,www.aon.com
A,USD,STD,INDL,C,003221,2018-12-31,AON PLC,AON,www.aon.com
A,USD,STD,FS,C,003221,2019-12-31,AON PLC,AON,www.aon.com
A,USD,STD,INDL,C,003221,2019-12-31,AON PLC,AON,www.aon.com
A,USD,STD,FS,C,003221,2020-12-31,AON PLC,AON,www.aon.com
A,USD,STD,INDL,C,003221,2020-12-31,AON PLC,AON,www.aon.com
A,USD,STD,FS,C,003221,2021-12-31,AON PLC,AON,www.aon.com
A,USD,STD,INDL,C,003221,2021-12-31,AON PLC,AON,www.aon.com
A,USD,STD,FS,C,003221,2022-12-31,AON PLC,AON,www.aon.com
A,USD,STD,INDL,C,003221,2022-12-31,AON PLC,AON,www.aon.com
A,USD,STD,FS,C,003221,2023-12-31,AON PLC,AON,www.aon.com
A,USD,STD,INDL,C,003221,2023-12-31,AON PLC,AON,www.aon.com
A,USD,STD,FS,C,003221,2024-12-31,AON PLC,AON,www.aon.com
A,USD,STD,INDL,C,003221,2024-12-31,AON PLC,AON,www.aon.com
A,USD,STD,FS,C,003221,2025-12-31,AON PLC,AON,www.aon.com
A,USD,STD,INDL,C,003221,2025-12-31,AON PLC,AON,www.aon.com
A,USD,STD,INDL,C,003226,2010-12-31,COMCAST CORP,CMCSA,corporate.comcast.com
A,USD,STD,INDL,C,003226,2011-12-31,COMCAST CORP,CMCSA,corporate.comcast.com
A,USD,STD,INDL,C,003226,2012-12-31,COMCAST CORP,CMCSA,corporate.comcast.com
A,USD,STD,INDL,C,003226,2013-12-31,COMCAST CORP,CMCSA,corporate.comcast.com
A,USD,STD,INDL,C,003226,2014-12-31,COMCAST CORP,CMCSA,corporate.comcast.com
A,USD,STD,INDL,C,003226,2015-12-31,COMCAST CORP,CMCSA,corporate.comcast.com
A,USD,STD,INDL,C,003226,2016-12-31,COMCAST CORP,CMCSA,corporate.comcast.com
A,USD,STD,INDL,C,003226,2017-12-31,COMCAST CORP,CMCSA,corporate.comcast.com
A,USD,STD,INDL,C,003226,2018-12-31,COMCAST CORP,CMCSA,corporate.comcast.com
A,USD,STD,INDL,C,003226,2019-12-31,COMCAST CORP,CMCSA,corporate.comcast.com
A,USD,STD,INDL,C,003226,2020-12-31,COMCAST CORP,CMCSA,corporate.comcast.com
A,USD,STD,INDL,C,003226,2021-12-31,COMCAST CORP,CMCSA,corporate.comcast.com
A,USD,STD,INDL,C,003226,2022-12-31,COMCAST CORP,CMCSA,corporate.comcast.com
A,USD,STD,INDL,C,003226,2023-12-31,COMCAST CORP,CMCSA,corporate.comcast.com
A,USD,STD,INDL,C,003226,2024-12-31,COMCAST CORP,CMCSA,corporate.comcast.com
A,USD,STD,INDL,C,003226,2025-12-31,COMCAST CORP,CMCSA,corporate.comcast.com
A,USD,STD,FS,C,003243,2010-12-31,CITIGROUP INC,C,www.citigroup.com
A,USD,STD,INDL,C,003243,2010-12-31,CITIGROUP INC,C,www.citigroup.com
A,USD,STD,FS,C,003243,2011-12-31,CITIGROUP INC,C,www.citigroup.com
A,USD,STD,INDL,C,003243,2011-12-31,CITIGROUP INC,C,www.citigroup.com
A,USD,STD,FS,C,003243,2012-12-31,CITIGROUP INC,C,www.citigroup.com
A,USD,STD,INDL,C,003243,2012-12-31,CITIGROUP INC,C,www.citigroup.com
A,USD,STD,FS,C,003243,2013-12-31,CITIGROUP INC,C,www.citigroup.com
A,USD,STD,INDL,C,003243,2013-12-31,CITIGROUP INC,C,www.citigroup.com
A,USD,STD,FS,C,003243,2014-12-31,CITIGROUP INC,C,www.citigroup.com
A,USD,STD,INDL,C,003243,2014-12-31,CITIGROUP INC,C,www.citigroup.com
A,USD,STD,FS,C,003243,2015-12-31,CITIGROUP INC,C,www.citigroup.com
A,USD,STD,INDL,C,003243,2015-12-31,CITIGROUP INC,C,www.citigroup.com
A,USD,STD,FS,C,003243,2016-12-31,CITIGROUP INC,C,www.citigroup.com
A,USD,STD,INDL,C,003243,2016-12-31,CITIGROUP INC,C,www.citigroup.com
A,USD,STD,FS,C,003243,2017-12-31,CITIGROUP INC,C,www.citigroup.com
A,USD,STD,INDL,C,003243,2017-12-31,CITIGROUP INC,C,www.citigroup.com
A,USD,STD,FS,C,003243,2018-12-31,CITIGROUP INC,C,www.citigroup.com
A,USD,STD,INDL,C,003243,2018-12-31,CITIGROUP INC,C,www.citigroup.com
A,USD,STD,FS,C,003243,2019-12-31,CITIGROUP INC,C,www.citigroup.com
A,USD,STD,INDL,C,003243,2019-12-31,CITIGROUP INC,C,www.citigroup.com
A,USD,STD,FS,C,003243,2020-12-31,CITIGROUP INC,C,www.citigroup.com
A,USD,STD,INDL,C,003243,2020-12-31,CITIGROUP INC,C,www.citigroup.com
A,USD,STD,FS,C,003243,2021-12-31,CITIGROUP INC,C,www.citigroup.com
A,USD,STD,INDL,C,003243,2021-12-31,CITIGROUP INC,C,www.citigroup.com
A,USD,STD,FS,C,003243,2022-12-31,CITIGROUP INC,C,www.citigroup.com
A,USD,STD,INDL,C,003243,2022-12-31,CITIGROUP INC,C,www.citigroup.com
A,USD,STD,FS,C,003243,2023-12-31,CITIGROUP INC,C,www.citigroup.com
A,USD,STD,INDL,C,003243,2023-12-31,CITIGROUP INC,C,www.citigroup.com
A,USD,STD,FS,C,003243,2024-12-31,CITIGROUP INC,C,www.citigroup.com
A,USD,STD,INDL,C,003243,2024-12-31,CITIGROUP INC,C,www.citigroup.com
A,USD,STD,FS,C,003243,2025-12-31,CITIGROUP INC,C,www.citigroup.com
A,USD,STD,INDL,C,003243,2025-12-31,CITIGROUP INC,C,www.citigroup.com
A,USD,STD,INDL,C,003362,2010-05-31,CONAGRA BRANDS INC,CAG,www.conagrabrands.com
A,USD,STD,INDL,C,003362,2011-05-31,CONAGRA BRANDS INC,CAG,www.conagrabrands.com
A,USD,STD,INDL,C,003362,2012-05-31,CONAGRA BRANDS INC,CAG,www.conagrabrands.com
A,USD,STD,INDL,C,003362,2013-05-31,CONAGRA BRANDS INC,CAG,www.conagrabrands.com
A,USD,STD,INDL,C,003362,2014-05-31,CONAGRA BRANDS INC,CAG,www.conagrabrands.com
A,USD,STD,INDL,C,003362,2015-05-31,CONAGRA BRANDS INC,CAG,www.conagrabrands.com
A,USD,STD,INDL,C,003362,2016-05-31,CONAGRA BRANDS INC,CAG,www.conagrabrands.com
A,USD,STD,INDL,C,003362,2017-05-31,CONAGRA BRANDS INC,CAG,www.conagrabrands.com
A,USD,STD,INDL,C,003362,2018-05-31,CONAGRA BRANDS INC,CAG,www.conagrabrands.com
A,USD,STD,INDL,C,003362,2019-05-31,CONAGRA BRANDS INC,CAG,www.conagrabrands.com
A,USD,STD,INDL,C,003362,2020-05-31,CONAGRA BRANDS INC,CAG,www.conagrabrands.com
A,USD,STD,INDL,C,003362,2021-05-31,CONAGRA BRANDS INC,CAG,www.conagrabrands.com
A,USD,STD,INDL,C,003362,2022-05-31,CONAGRA BRANDS INC,CAG,www.conagrabrands.com
A,USD,STD,INDL,C,003362,2023-05-31,CONAGRA BRANDS INC,CAG,www.conagrabrands.com
A,USD,STD,INDL,C,003362,2024-05-31,CONAGRA BRANDS INC,CAG,www.conagrabrands.com
A,USD,STD,INDL,C,003362,2025-05-31,CONAGRA BRANDS INC,CAG,www.conagrabrands.com
A,USD,STD,INDL,C,003413,2010-12-31,CONSOLIDATED EDISON INC,ED,www.conedison.com
A,USD,STD,INDL,C,003413,2011-12-31,CONSOLIDATED EDISON INC,ED,www.conedison.com
A,USD,STD,INDL,C,003413,2012-12-31,CONSOLIDATED EDISON INC,ED,www.conedison.com
A,USD,STD,INDL,C,003413,2013-12-31,CONSOLIDATED EDISON INC,ED,www.conedison.com
A,USD,STD,INDL,C,003413,2014-12-31,CONSOLIDATED EDISON INC,ED,www.conedison.com
A,USD,STD,INDL,C,003413,2015-12-31,CONSOLIDATED EDISON INC,ED,www.conedison.com
A,USD,STD,INDL,C,003413,2016-12-31,CONSOLIDATED EDISON INC,ED,www.conedison.com
A,USD,STD,INDL,C,003413,2017-12-31,CONSOLIDATED EDISON INC,ED,www.conedison.com
A,USD,STD,INDL,C,003413,2018-12-31,CONSOLIDATED EDISON INC,ED,www.conedison.com
A,USD,STD,INDL,C,003413,2019-12-31,CONSOLIDATED EDISON INC,ED,www.conedison.com
A,USD,STD,INDL,C,003413,2020-12-31,CONSOLIDATED EDISON INC,ED,www.conedison.com
A,USD,STD,INDL,C,003413,2021-12-31,CONSOLIDATED EDISON INC,ED,www.conedison.com
A,USD,STD,INDL,C,003413,2022-12-31,CONSOLIDATED EDISON INC,ED,www.conedison.com
A,USD,STD,INDL,C,003413,2023-12-31,CONSOLIDATED EDISON INC,ED,www.conedison.com
A,USD,STD,INDL,C,003413,2024-12-31,CONSOLIDATED EDISON INC,ED,www.conedison.com
A,USD,STD,INDL,C,003413,2025-12-31,CONSOLIDATED EDISON INC,ED,www.conedison.com
A,USD,STD,INDL,C,003439,2010-12-31,CMS ENERGY CORP,CMS,www.cmsenergy.com
A,USD,STD,INDL,C,003439,2011-12-31,CMS ENERGY CORP,CMS,www.cmsenergy.com
A,USD,STD,INDL,C,003439,2012-12-31,CMS ENERGY CORP,CMS,www.cmsenergy.com
A,USD,STD,INDL,C,003439,2013-12-31,CMS ENERGY CORP,CMS,www.cmsenergy.com
A,USD,STD,INDL,C,003439,2014-12-31,CMS ENERGY CORP,CMS,www.cmsenergy.com
A,USD,STD,INDL,C,003439,2015-12-31,CMS ENERGY CORP,CMS,www.cmsenergy.com
A,USD,STD,INDL,C,003439,2016-12-31,CMS ENERGY CORP,CMS,www.cmsenergy.com
A,USD,STD,INDL,C,003439,2017-12-31,CMS ENERGY CORP,CMS,www.cmsenergy.com
A,USD,STD,INDL,C,003439,2018-12-31,CMS ENERGY CORP,CMS,www.cmsenergy.com
A,USD,STD,INDL,C,003439,2019-12-31,CMS ENERGY CORP,CMS,www.cmsenergy.com
A,USD,STD,INDL,C,003439,2020-12-31,CMS ENERGY CORP,CMS,www.cmsenergy.com
A,USD,STD,INDL,C,003439,2021-12-31,CMS ENERGY CORP,CMS,www.cmsenergy.com
A,USD,STD,INDL,C,003439,2022-12-31,CMS ENERGY CORP,CMS,www.cmsenergy.com
A,USD,STD,INDL,C,003439,2023-12-31,CMS ENERGY CORP,CMS,www.cmsenergy.com
A,USD,STD,INDL,C,003439,2024-12-31,CMS ENERGY CORP,CMS,www.cmsenergy.com
A,USD,STD,INDL,C,003439,2025-12-31,CMS ENERGY CORP,CMS,www.cmsenergy.com
A,USD,STD,INDL,C,003504,2010-10-31,COOPER COS INC (THE),COO,www.coopercos.com
A,USD,STD,INDL,C,003504,2011-10-31,COOPER COS INC (THE),COO,www.coopercos.com
A,USD,STD,INDL,C,003504,2012-10-31,COOPER COS INC (THE),COO,www.coopercos.com
A,USD,STD,INDL,C,003504,2013-10-31,COOPER COS INC (THE),COO,www.coopercos.com
A,USD,STD,INDL,C,003504,2014-10-31,COOPER COS INC (THE),COO,www.coopercos.com
A,USD,STD,INDL,C,003504,2015-10-31,COOPER COS INC (THE),COO,www.coopercos.com
A,USD,STD,INDL,C,003504,2016-10-31,COOPER COS INC (THE),COO,www.coopercos.com
A,USD,STD,INDL,C,003504,2017-10-31,COOPER COS INC (THE),COO,www.coopercos.com
A,USD,STD,INDL,C,003504,2018-10-31,COOPER COS INC (THE),COO,www.coopercos.com
A,USD,STD,INDL,C,003504,2019-10-31,COOPER COS INC (THE),COO,www.coopercos.com
A,USD,STD,INDL,C,003504,2020-10-31,COOPER COS INC (THE),COO,www.coopercos.com
A,USD,STD,INDL,C,003504,2021-10-31,COOPER COS INC (THE),COO,www.coopercos.com
A,USD,STD,INDL,C,003504,2022-10-31,COOPER COS INC (THE),COO,www.coopercos.com
A,USD,STD,INDL,C,003504,2023-10-31,COOPER COS INC (THE),COO,www.coopercos.com
A,USD,STD,INDL,C,003504,2024-10-31,COOPER COS INC (THE),COO,www.coopercos.com
A,USD,STD,INDL,C,003504,2025-10-31,COOPER COS INC (THE),COO,www.coopercos.com
A,USD,STD,INDL,C,003505,2010-12-31,MOLSON COORS BEVERAGE CO,TAP,www.molsoncoors.com
A,USD,STD,INDL,C,003505,2011-12-31,MOLSON COORS BEVERAGE CO,TAP,www.molsoncoors.com
A,USD,STD,INDL,C,003505,2012-12-31,MOLSON COORS BEVERAGE CO,TAP,www.molsoncoors.com
A,USD,STD,INDL,C,003505,2013-12-31,MOLSON COORS BEVERAGE CO,TAP,www.molsoncoors.com
A,USD,STD,INDL,C,003505,2014-12-31,MOLSON COORS BEVERAGE CO,TAP,www.molsoncoors.com
A,USD,STD,INDL,C,003505,2015-12-31,MOLSON COORS BEVERAGE CO,TAP,www.molsoncoors.com
A,USD,STD,INDL,C,003505,2016-12-31,MOLSON COORS BEVERAGE CO,TAP,www.molsoncoors.com
A,USD,STD,INDL,C,003505,2017-12-31,MOLSON COORS BEVERAGE CO,TAP,www.molsoncoors.com
A,USD,STD,INDL,C,003505,2018-12-31,MOLSON COORS BEVERAGE CO,TAP,www.molsoncoors.com
A,USD,STD,INDL,C,003505,2019-12-31,MOLSON COORS BEVERAGE CO,TAP,www.molsoncoors.com
A,USD,STD,INDL,C,003505,2020-12-31,MOLSON COORS BEVERAGE CO,TAP,www.molsoncoors.com
A,USD,STD,INDL,C,003505,2021-12-31,MOLSON COORS BEVERAGE CO,TAP,www.molsoncoors.com
A,USD,STD,INDL,C,003505,2022-12-31,MOLSON COORS BEVERAGE CO,TAP,www.molsoncoors.com
A,USD,STD,INDL,C,003505,2023-12-31,MOLSON COORS BEVERAGE CO,TAP,www.molsoncoors.com
A,USD,STD,INDL,C,003505,2024-12-31,MOLSON COORS BEVERAGE CO,TAP,www.molsoncoors.com
A,USD,STD,INDL,C,003505,2025-12-31,MOLSON COORS BEVERAGE CO,TAP,www.molsoncoors.com
A,USD,STD,INDL,C,003532,2010-12-31,CORNING INC,GLW,www.corning.com
A,USD,STD,INDL,C,003532,2011-12-31,CORNING INC,GLW,www.corning.com
A,USD,STD,INDL,C,003532,2012-12-31,CORNING INC,GLW,www.corning.com
A,USD,STD,INDL,C,003532,2013-12-31,CORNING INC,GLW,www.corning.com
A,USD,STD,INDL,C,003532,2014-12-31,CORNING INC,GLW,www.corning.com
A,USD,STD,INDL,C,003532,2015-12-31,CORNING INC,GLW,www.corning.com
A,USD,STD,INDL,C,003532,2016-12-31,CORNING INC,GLW,www.corning.com
A,USD,STD,INDL,C,003532,2017-12-31,CORNING INC,GLW,www.corning.com
A,USD,STD,INDL,C,003532,2018-12-31,CORNING INC,GLW,www.corning.com
A,USD,STD,INDL,C,003532,2019-12-31,CORNING INC,GLW,www.corning.com
A,USD,STD,INDL,C,003532,2020-12-31,CORNING INC,GLW,www.corning.com
A,USD,STD,INDL,C,003532,2021-12-31,CORNING INC,GLW,www.corning.com
A,USD,STD,INDL,C,003532,2022-12-31,CORNING INC,GLW,www.corning.com
A,USD,STD,INDL,C,003532,2023-12-31,CORNING INC,GLW,www.corning.com
A,USD,STD,INDL,C,003532,2024-12-31,CORNING INC,GLW,www.corning.com
A,USD,STD,INDL,C,003532,2025-12-31,CORNING INC,GLW,www.corning.com
A,USD,STD,INDL,C,003650,2010-12-31,CUMMINS INC,CMI,www.cummins.com
A,USD,STD,INDL,C,003650,2011-12-31,CUMMINS INC,CMI,www.cummins.com
A,USD,STD,INDL,C,003650,2012-12-31,CUMMINS INC,CMI,www.cummins.com
A,USD,STD,INDL,C,003650,2013-12-31,CUMMINS INC,CMI,www.cummins.com
A,USD,STD,INDL,C,003650,2014-12-31,CUMMINS INC,CMI,www.cummins.com
A,USD,STD,INDL,C,003650,2015-12-31,CUMMINS INC,CMI,www.cummins.com
A,USD,STD,INDL,C,003650,2016-12-31,CUMMINS INC,CMI,www.cummins.com
A,USD,STD,INDL,C,003650,2017-12-31,CUMMINS INC,CMI,www.cummins.com
A,USD,STD,INDL,C,003650,2018-12-31,CUMMINS INC,CMI,www.cummins.com
A,USD,STD,INDL,C,003650,2019-12-31,CUMMINS INC,CMI,www.cummins.com
A,USD,STD,INDL,C,003650,2020-12-31,CUMMINS INC,CMI,www.cummins.com
A,USD,STD,INDL,C,003650,2021-12-31,CUMMINS INC,CMI,www.cummins.com
A,USD,STD,INDL,C,003650,2022-12-31,CUMMINS INC,CMI,www.cummins.com
A,USD,STD,INDL,C,003650,2023-12-31,CUMMINS INC,CMI,www.cummins.com
A,USD,STD,INDL,C,003650,2024-12-31,CUMMINS INC,CMI,www.cummins.com
A,USD,STD,INDL,C,003650,2025-12-31,CUMMINS INC,CMI,www.cummins.com
A,USD,STD,INDL,C,003735,2010-12-31,DANAHER CORP,DHR,www.danaher.com
A,USD,STD,INDL,C,003735,2011-12-31,DANAHER CORP,DHR,www.danaher.com
A,USD,STD,INDL,C,003735,2012-12-31,DANAHER CORP,DHR,www.danaher.com
A,USD,STD,INDL,C,003735,2013-12-31,DANAHER CORP,DHR,www.danaher.com
A,USD,STD,INDL,C,003735,2014-12-31,DANAHER CORP,DHR,www.danaher.com
A,USD,STD,INDL,C,003735,2015-12-31,DANAHER CORP,DHR,www.danaher.com
A,USD,STD,INDL,C,003735,2016-12-31,DANAHER CORP,DHR,www.danaher.com
A,USD,STD,INDL,C,003735,2017-12-31,DANAHER CORP,DHR,www.danaher.com
A,USD,STD,INDL,C,003735,2018-12-31,DANAHER CORP,DHR,www.danaher.com
A,USD,STD,INDL,C,003735,2019-12-31,DANAHER CORP,DHR,www.danaher.com
A,USD,STD,INDL,C,003735,2020-12-31,DANAHER CORP,DHR,www.danaher.com
A,USD,STD,INDL,C,003735,2021-12-31,DANAHER CORP,DHR,www.danaher.com
A,USD,STD,INDL,C,003735,2022-12-31,DANAHER CORP,DHR,www.danaher.com
A,USD,STD,INDL,C,003735,2023-12-31,DANAHER CORP,DHR,www.danaher.com
A,USD,STD,INDL,C,003735,2024-12-31,DANAHER CORP,DHR,www.danaher.com
A,USD,STD,INDL,C,003735,2025-12-31,DANAHER CORP,DHR,www.danaher.com
A,USD,STD,INDL,C,003813,2010-01-31,TARGET CORP,TGT,corporate.target.com
A,USD,STD,INDL,C,003813,2011-01-31,TARGET CORP,TGT,corporate.target.com
A,USD,STD,INDL,C,003813,2012-01-31,TARGET CORP,TGT,corporate.target.com
A,USD,STD,INDL,C,003813,2013-01-31,TARGET CORP,TGT,corporate.target.com
A,USD,STD,INDL,C,003813,2014-01-31,TARGET CORP,TGT,corporate.target.com
A,USD,STD,INDL,C,003813,2015-01-31,TARGET CORP,TGT,corporate.target.com
A,USD,STD,INDL,C,003813,2016-01-31,TARGET CORP,TGT,corporate.target.com
A,USD,STD,INDL,C,003813,2017-01-31,TARGET CORP,TGT,corporate.target.com
A,USD,STD,INDL,C,003813,2018-01-31,TARGET CORP,TGT,corporate.target.com
A,USD,STD,INDL,C,003813,2019-01-31,TARGET CORP,TGT,corporate.target.com
A,USD,STD,INDL,C,003813,2020-01-31,TARGET CORP,TGT,corporate.target.com
A,USD,STD,INDL,C,003813,2021-01-31,TARGET CORP,TGT,corporate.target.com
A,USD,STD,INDL,C,003813,2022-01-31,TARGET CORP,TGT,corporate.target.com
A,USD,STD,INDL,C,003813,2023-01-31,TARGET CORP,TGT,corporate.target.com
A,USD,STD,INDL,C,003813,2024-01-31,TARGET CORP,TGT,corporate.target.com
A,USD,STD,INDL,C,003813,2025-01-31,TARGET CORP,TGT,corporate.target.com
A,USD,STD,INDL,C,003813,2026-01-31,TARGET CORP,TGT,corporate.target.com
A,USD,STD,INDL,C,003835,2010-10-31,DEERE & CO,DE,www.deere.com/en
A,USD,STD,INDL,C,003835,2011-10-31,DEERE & CO,DE,www.deere.com/en
A,USD,STD,INDL,C,003835,2012-10-31,DEERE & CO,DE,www.deere.com/en
A,USD,STD,INDL,C,003835,2013-10-31,DEERE & CO,DE,www.deere.com/en
A,USD,STD,INDL,C,003835,2014-10-31,DEERE & CO,DE,www.deere.com/en
A,USD,STD,INDL,C,003835,2015-10-31,DEERE & CO,DE,www.deere.com/en
A,USD,STD,INDL,C,003835,2016-10-31,DEERE & CO,DE,www.deere.com/en
A,USD,STD,INDL,C,003835,2017-10-31,DEERE & CO,DE,www.deere.com/en
A,USD,STD,INDL,C,003835,2018-10-31,DEERE & CO,DE,www.deere.com/en
A,USD,STD,INDL,C,003835,2019-10-31,DEERE & CO,DE,www.deere.com/en
A,USD,STD,INDL,C,003835,2020-10-31,DEERE & CO,DE,www.deere.com/en
A,USD,STD,INDL,C,003835,2021-10-31,DEERE & CO,DE,www.deere.com/en
A,USD,STD,INDL,C,003835,2022-10-31,DEERE & CO,DE,www.deere.com/en
A,USD,STD,INDL,C,003835,2023-10-31,DEERE & CO,DE,www.deere.com/en
A,USD,STD,INDL,C,003835,2024-10-31,DEERE & CO,DE,www.deere.com/en
A,USD,STD,INDL,C,003835,2025-10-31,DEERE & CO,DE,www.deere.com/en
A,USD,STD,INDL,C,003851,2010-12-31,DELTA AIR LINES INC,DAL,www.delta.com
A,USD,STD,INDL,C,003851,2011-12-31,DELTA AIR LINES INC,DAL,www.delta.com
A,USD,STD,INDL,C,003851,2012-12-31,DELTA AIR LINES INC,DAL,www.delta.com
A,USD,STD,INDL,C,003851,2013-12-31,DELTA AIR LINES INC,DAL,www.delta.com
A,USD,STD,INDL,C,003851,2014-12-31,DELTA AIR LINES INC,DAL,www.delta.com
A,USD,STD,INDL,C,003851,2015-12-31,DELTA AIR LINES INC,DAL,www.delta.com
A,USD,STD,INDL,C,003851,2016-12-31,DELTA AIR LINES INC,DAL,www.delta.com
A,USD,STD,INDL,C,003851,2017-12-31,DELTA AIR LINES INC,DAL,www.delta.com
A,USD,STD,INDL,C,003851,2018-12-31,DELTA AIR LINES INC,DAL,www.delta.com
A,USD,STD,INDL,C,003851,2019-12-31,DELTA AIR LINES INC,DAL,www.delta.com
A,USD,STD,INDL,C,003851,2020-12-31,DELTA AIR LINES INC,DAL,www.delta.com
A,USD,STD,INDL,C,003851,2021-12-31,DELTA AIR LINES INC,DAL,www.delta.com
A,USD,STD,INDL,C,003851,2022-12-31,DELTA AIR LINES INC,DAL,www.delta.com
A,USD,STD,INDL,C,003851,2023-12-31,DELTA AIR LINES INC,DAL,www.delta.com
A,USD,STD,INDL,C,003851,2024-12-31,DELTA AIR LINES INC,DAL,www.delta.com
A,USD,STD,INDL,C,003851,2025-12-31,DELTA AIR LINES INC,DAL,www.delta.com
A,USD,STD,INDL,C,003897,2010-12-31,DTE ENERGY CO,DTE,www.dteenergy.com
A,USD,STD,INDL,C,003897,2011-12-31,DTE ENERGY CO,DTE,www.dteenergy.com
A,USD,STD,INDL,C,003897,2012-12-31,DTE ENERGY CO,DTE,www.dteenergy.com
A,USD,STD,INDL,C,003897,2013-12-31,DTE ENERGY CO,DTE,www.dteenergy.com
A,USD,STD,INDL,C,003897,2014-12-31,DTE ENERGY CO,DTE,www.dteenergy.com
A,USD,STD,INDL,C,003897,2015-12-31,DTE ENERGY CO,DTE,www.dteenergy.com
A,USD,STD,INDL,C,003897,2016-12-31,DTE ENERGY CO,DTE,www.dteenergy.com
A,USD,STD,INDL,C,003897,2017-12-31,DTE ENERGY CO,DTE,www.dteenergy.com
A,USD,STD,INDL,C,003897,2018-12-31,DTE ENERGY CO,DTE,www.dteenergy.com
A,USD,STD,INDL,C,003897,2019-12-31,DTE ENERGY CO,DTE,www.dteenergy.com
A,USD,STD,INDL,C,003897,2020-12-31,DTE ENERGY CO,DTE,www.dteenergy.com
A,USD,STD,INDL,C,003897,2021-12-31,DTE ENERGY CO,DTE,www.dteenergy.com
A,USD,STD,INDL,C,003897,2022-12-31,DTE ENERGY CO,DTE,www.dteenergy.com
A,USD,STD,INDL,C,003897,2023-12-31,DTE ENERGY CO,DTE,www.dteenergy.com
A,USD,STD,INDL,C,003897,2024-12-31,DTE ENERGY CO,DTE,www.dteenergy.com
A,USD,STD,INDL,C,003897,2025-12-31,DTE ENERGY CO,DTE,www.dteenergy.com
A,USD,STD,INDL,C,003980,2010-09-30,DISNEY (WALT) CO,DIS,thewaltdisneycompany.com
A,USD,STD,INDL,C,003980,2011-09-30,DISNEY (WALT) CO,DIS,thewaltdisneycompany.com
A,USD,STD,INDL,C,003980,2012-09-30,DISNEY (WALT) CO,DIS,thewaltdisneycompany.com
A,USD,STD,INDL,C,003980,2013-09-30,DISNEY (WALT) CO,DIS,thewaltdisneycompany.com
A,USD,STD,INDL,C,003980,2014-09-30,DISNEY (WALT) CO,DIS,thewaltdisneycompany.com
A,USD,STD,INDL,C,003980,2015-09-30,DISNEY (WALT) CO,DIS,thewaltdisneycompany.com
A,USD,STD,INDL,C,003980,2016-09-30,DISNEY (WALT) CO,DIS,thewaltdisneycompany.com
A,USD,STD,INDL,C,003980,2017-09-30,DISNEY (WALT) CO,DIS,thewaltdisneycompany.com
A,USD,STD,INDL,C,003980,2018-09-30,DISNEY (WALT) CO,DIS,thewaltdisneycompany.com
A,USD,STD,INDL,C,003980,2019-09-30,DISNEY (WALT) CO,DIS,thewaltdisneycompany.com
A,USD,STD,INDL,C,003980,2020-09-30,DISNEY (WALT) CO,DIS,thewaltdisneycompany.com
A,USD,STD,INDL,C,003980,2021-09-30,DISNEY (WALT) CO,DIS,thewaltdisneycompany.com
A,USD,STD,INDL,C,003980,2022-09-30,DISNEY (WALT) CO,DIS,thewaltdisneycompany.com
A,USD,STD,INDL,C,003980,2023-09-30,DISNEY (WALT) CO,DIS,thewaltdisneycompany.com
A,USD,STD,INDL,C,003980,2024-09-30,DISNEY (WALT) CO,DIS,thewaltdisneycompany.com
A,USD,STD,INDL,C,003980,2025-09-30,DISNEY (WALT) CO,DIS,thewaltdisneycompany.com
A,USD,STD,INDL,C,004016,2010-01-31,DOLLAR GENERAL CORP,DG,www.dollargeneral.com
A,USD,STD,INDL,C,004016,2011-01-31,DOLLAR GENERAL CORP,DG,www.dollargeneral.com
A,USD,STD,INDL,C,004016,2012-01-31,DOLLAR GENERAL CORP,DG,www.dollargeneral.com
A,USD,STD,INDL,C,004016,2013-01-31,DOLLAR GENERAL CORP,DG,www.dollargeneral.com
A,USD,STD,INDL,C,004016,2014-01-31,DOLLAR GENERAL CORP,DG,www.dollargeneral.com
A,USD,STD,INDL,C,004016,2015-01-31,DOLLAR GENERAL CORP,DG,www.dollargeneral.com
A,USD,STD,INDL,C,004016,2016-01-31,DOLLAR GENERAL CORP,DG,www.dollargeneral.com
A,USD,STD,INDL,C,004016,2017-01-31,DOLLAR GENERAL CORP,DG,www.dollargeneral.com
A,USD,STD,INDL,C,004016,2018-01-31,DOLLAR GENERAL CORP,DG,www.dollargeneral.com
A,USD,STD,INDL,C,004016,2019-01-31,DOLLAR GENERAL CORP,DG,www.dollargeneral.com
A,USD,STD,INDL,C,004016,2020-01-31,DOLLAR GENERAL CORP,DG,www.dollargeneral.com
A,USD,STD,INDL,C,004016,2021-01-31,DOLLAR GENERAL CORP,DG,www.dollargeneral.com
A,USD,STD,INDL,C,004016,2022-01-31,DOLLAR GENERAL CORP,DG,www.dollargeneral.com
A,USD,STD,INDL,C,004016,2023-01-31,DOLLAR GENERAL CORP,DG,www.dollargeneral.com
A,USD,STD,INDL,C,004016,2024-01-31,DOLLAR GENERAL CORP,DG,www.dollargeneral.com
A,USD,STD,INDL,C,004016,2025-01-31,DOLLAR GENERAL CORP,DG,www.dollargeneral.com
A,USD,STD,INDL,C,004016,2026-01-31,DOLLAR GENERAL CORP,DG,www.dollargeneral.com
A,USD,STD,INDL,C,004029,2010-12-31,DOMINION ENERGY INC,D,www.dominionenergy.com
A,USD,STD,INDL,C,004029,2011-12-31,DOMINION ENERGY INC,D,www.dominionenergy.com
A,USD,STD,INDL,C,004029,2012-12-31,DOMINION ENERGY INC,D,www.dominionenergy.com
A,USD,STD,INDL,C,004029,2013-12-31,DOMINION ENERGY INC,D,www.dominionenergy.com
A,USD,STD,INDL,C,004029,2014-12-31,DOMINION ENERGY INC,D,www.dominionenergy.com
A,USD,STD,INDL,C,004029,2015-12-31,DOMINION ENERGY INC,D,www.dominionenergy.com
A,USD,STD,INDL,C,004029,2016-12-31,DOMINION ENERGY INC,D,www.dominionenergy.com
A,USD,STD,INDL,C,004029,2017-12-31,DOMINION ENERGY INC,D,www.dominionenergy.com
A,USD,STD,INDL,C,004029,2018-12-31,DOMINION ENERGY INC,D,www.dominionenergy.com
A,USD,STD,INDL,C,004029,2019-12-31,DOMINION ENERGY INC,D,www.dominionenergy.com
A,USD,STD,INDL,C,004029,2020-12-31,DOMINION ENERGY INC,D,www.dominionenergy.com
A,USD,STD,INDL,C,004029,2021-12-31,DOMINION ENERGY INC,D,www.dominionenergy.com
A,USD,STD,INDL,C,004029,2022-12-31,DOMINION ENERGY INC,D,www.dominionenergy.com
A,USD,STD,INDL,C,004029,2023-12-31,DOMINION ENERGY INC,D,www.dominionenergy.com
A,USD,STD,INDL,C,004029,2024-12-31,DOMINION ENERGY INC,D,www.dominionenergy.com
A,USD,STD,INDL,C,004029,2025-12-31,DOMINION ENERGY INC,D,www.dominionenergy.com
A,USD,STD,INDL,C,004058,2010-12-31,DOVER CORP,DOV,www.dovercorporation.com
A,USD,STD,INDL,C,004058,2011-12-31,DOVER CORP,DOV,www.dovercorporation.com
A,USD,STD,INDL,C,004058,2012-12-31,DOVER CORP,DOV,www.dovercorporation.com
A,USD,STD,INDL,C,004058,2013-12-31,DOVER CORP,DOV,www.dovercorporation.com
A,USD,STD,INDL,C,004058,2014-12-31,DOVER CORP,DOV,www.dovercorporation.com
A,USD,STD,INDL,C,004058,2015-12-31,DOVER CORP,DOV,www.dovercorporation.com
A,USD,STD,INDL,C,004058,2016-12-31,DOVER CORP,DOV,www.dovercorporation.com
A,USD,STD,INDL,C,004058,2017-12-31,DOVER CORP,DOV,www.dovercorporation.com
A,USD,STD,INDL,C,004058,2018-12-31,DOVER CORP,DOV,www.dovercorporation.com
A,USD,STD,INDL,C,004058,2019-12-31,DOVER CORP,DOV,www.dovercorporation.com
A,USD,STD,INDL,C,004058,2020-12-31,DOVER CORP,DOV,www.dovercorporation.com
A,USD,STD,INDL,C,004058,2021-12-31,DOVER CORP,DOV,www.dovercorporation.com
A,USD,STD,INDL,C,004058,2022-12-31,DOVER CORP,DOV,www.dovercorporation.com
A,USD,STD,INDL,C,004058,2023-12-31,DOVER CORP,DOV,www.dovercorporation.com
A,USD,STD,INDL,C,004058,2024-12-31,DOVER CORP,DOV,www.dovercorporation.com
A,USD,STD,INDL,C,004058,2025-12-31,DOVER CORP,DOV,www.dovercorporation.com
A,USD,STD,INDL,C,004060,2010-12-31,DUPONT DE NEMOURS INC,DD,www.dupont.com
A,USD,STD,INDL,C,004060,2011-12-31,DUPONT DE NEMOURS INC,DD,www.dupont.com
A,USD,STD,INDL,C,004060,2012-12-31,DUPONT DE NEMOURS INC,DD,www.dupont.com
A,USD,STD,INDL,C,004060,2013-12-31,DUPONT DE NEMOURS INC,DD,www.dupont.com
A,USD,STD,INDL,C,004060,2014-12-31,DUPONT DE NEMOURS INC,DD,www.dupont.com
A,USD,STD,INDL,C,004060,2015-12-31,DUPONT DE NEMOURS INC,DD,www.dupont.com
A,USD,STD,INDL,C,004060,2016-12-31,DUPONT DE NEMOURS INC,DD,www.dupont.com
A,USD,STD,INDL,C,004060,2017-12-31,DUPONT DE NEMOURS INC,DD,www.dupont.com
A,USD,STD,INDL,C,004060,2018-12-31,DUPONT DE NEMOURS INC,DD,www.dupont.com
A,USD,STD,INDL,C,004060,2019-12-31,DUPONT DE NEMOURS INC,DD,www.dupont.com
A,USD,STD,INDL,C,004060,2020-12-31,DUPONT DE NEMOURS INC,DD,www.dupont.com
A,USD,STD,INDL,C,004060,2021-12-31,DUPONT DE NEMOURS INC,DD,www.dupont.com
A,USD,STD,INDL,C,004060,2022-12-31,DUPONT DE NEMOURS INC,DD,www.dupont.com
A,USD,STD,INDL,C,004060,2023-12-31,DUPONT DE NEMOURS INC,DD,www.dupont.com
A,USD,STD,INDL,C,004060,2024-12-31,DUPONT DE NEMOURS INC,DD,www.dupont.com
A,USD,STD,INDL,C,004060,2025-12-31,DUPONT DE NEMOURS INC,DD,www.dupont.com
A,USD,STD,INDL,C,004066,2010-12-31,OMNICOM GROUP INC,OMC,www.omc.com
A,USD,STD,INDL,C,004066,2011-12-31,OMNICOM GROUP INC,OMC,www.omc.com
A,USD,STD,INDL,C,004066,2012-12-31,OMNICOM GROUP INC,OMC,www.omc.com
A,USD,STD,INDL,C,004066,2013-12-31,OMNICOM GROUP INC,OMC,www.omc.com
A,USD,STD,INDL,C,004066,2014-12-31,OMNICOM GROUP INC,OMC,www.omc.com
A,USD,STD,INDL,C,004066,2015-12-31,OMNICOM GROUP INC,OMC,www.omc.com
A,USD,STD,INDL,C,004066,2016-12-31,OMNICOM GROUP INC,OMC,www.omc.com
A,USD,STD,INDL,C,004066,2017-12-31,OMNICOM GROUP INC,OMC,www.omc.com
A,USD,STD,INDL,C,004066,2018-12-31,OMNICOM GROUP INC,OMC,www.omc.com
A,USD,STD,INDL,C,004066,2019-12-31,OMNICOM GROUP INC,OMC,www.omc.com
A,USD,STD,INDL,C,004066,2020-12-31,OMNICOM GROUP INC,OMC,www.omc.com
A,USD,STD,INDL,C,004066,2021-12-31,OMNICOM GROUP INC,OMC,www.omc.com
A,USD,STD,INDL,C,004066,2022-12-31,OMNICOM GROUP INC,OMC,www.omc.com
A,USD,STD,INDL,C,004066,2023-12-31,OMNICOM GROUP INC,OMC,www.omc.com
A,USD,STD,INDL,C,004066,2024-12-31,OMNICOM GROUP INC,OMC,www.omc.com
A,USD,STD,INDL,C,004066,2025-12-31,OMNICOM GROUP INC,OMC,www.omc.com
A,USD,STD,INDL,C,004093,2010-12-31,DUKE ENERGY CORP,DUK,www.duke-energy.com/home
A,USD,STD,INDL,C,004093,2011-12-31,DUKE ENERGY CORP,DUK,www.duke-energy.com/home
A,USD,STD,INDL,C,004093,2012-12-31,DUKE ENERGY CORP,DUK,www.duke-energy.com/home
A,USD,STD,INDL,C,004093,2013-12-31,DUKE ENERGY CORP,DUK,www.duke-energy.com/home
A,USD,STD,INDL,C,004093,2014-12-31,DUKE ENERGY CORP,DUK,www.duke-energy.com/home
A,USD,STD,INDL,C,004093,2015-12-31,DUKE ENERGY CORP,DUK,www.duke-energy.com/home
A,USD,STD,INDL,C,004093,2016-12-31,DUKE ENERGY CORP,DUK,www.duke-energy.com/home
A,USD,STD,INDL,C,004093,2017-12-31,DUKE ENERGY CORP,DUK,www.duke-energy.com/home
A,USD,STD,INDL,C,004093,2018-12-31,DUKE ENERGY CORP,DUK,www.duke-energy.com/home
A,USD,STD,INDL,C,004093,2019-12-31,DUKE ENERGY CORP,DUK,www.duke-energy.com/home
A,USD,STD,INDL,C,004093,2020-12-31,DUKE ENERGY CORP,DUK,www.duke-energy.com/home
A,USD,STD,INDL,C,004093,2021-12-31,DUKE ENERGY CORP,DUK,www.duke-energy.com/home
A,USD,STD,INDL,C,004093,2022-12-31,DUKE ENERGY CORP,DUK,www.duke-energy.com/home
A,USD,STD,INDL,C,004093,2023-12-31,DUKE ENERGY CORP,DUK,www.duke-energy.com/home
A,USD,STD,INDL,C,004093,2024-12-31,DUKE ENERGY CORP,DUK,www.duke-energy.com/home
A,USD,STD,INDL,C,004093,2025-12-31,DUKE ENERGY CORP,DUK,www.duke-energy.com/home
A,USD,STD,INDL,C,004145,2010-12-31,REVVITY INC,RVTY,www.revvity.com
A,USD,STD,INDL,C,004145,2011-12-31,REVVITY INC,RVTY,www.revvity.com
A,USD,STD,INDL,C,004145,2012-12-31,REVVITY INC,RVTY,www.revvity.com
A,USD,STD,INDL,C,004145,2013-12-31,REVVITY INC,RVTY,www.revvity.com
A,USD,STD,INDL,C,004145,2014-12-31,REVVITY INC,RVTY,www.revvity.com
A,USD,STD,INDL,C,004145,2015-12-31,REVVITY INC,RVTY,www.revvity.com
A,USD,STD,INDL,C,004145,2016-12-31,REVVITY INC,RVTY,www.revvity.com
A,USD,STD,INDL,C,004145,2017-12-31,REVVITY INC,RVTY,www.revvity.com
A,USD,STD,INDL,C,004145,2018-12-31,REVVITY INC,RVTY,www.revvity.com
A,USD,STD,INDL,C,004145,2019-12-31,REVVITY INC,RVTY,www.revvity.com
A,USD,STD,INDL,C,004145,2020-12-31,REVVITY INC,RVTY,www.revvity.com
A,USD,STD,INDL,C,004145,2021-12-31,REVVITY INC,RVTY,www.revvity.com
A,USD,STD,INDL,C,004145,2022-12-31,REVVITY INC,RVTY,www.revvity.com
A,USD,STD,INDL,C,004145,2023-12-31,REVVITY INC,RVTY,www.revvity.com
A,USD,STD,INDL,C,004145,2024-12-31,REVVITY INC,RVTY,www.revvity.com
A,USD,STD,INDL,C,004145,2025-12-31,REVVITY INC,RVTY,www.revvity.com
A,USD,STD,INDL,C,004199,2010-12-31,EATON CORP PLC,ETN,www.eaton.com
A,USD,STD,INDL,C,004199,2011-12-31,EATON CORP PLC,ETN,www.eaton.com
A,USD,STD,INDL,C,004199,2012-12-31,EATON CORP PLC,ETN,www.eaton.com
A,USD,STD,INDL,C,004199,2013-12-31,EATON CORP PLC,ETN,www.eaton.com
A,USD,STD,INDL,C,004199,2014-12-31,EATON CORP PLC,ETN,www.eaton.com
A,USD,STD,INDL,C,004199,2015-12-31,EATON CORP PLC,ETN,www.eaton.com
A,USD,STD,INDL,C,004199,2016-12-31,EATON CORP PLC,ETN,www.eaton.com
A,USD,STD,INDL,C,004199,2017-12-31,EATON CORP PLC,ETN,www.eaton.com
A,USD,STD,INDL,C,004199,2018-12-31,EATON CORP PLC,ETN,www.eaton.com
A,USD,STD,INDL,C,004199,2019-12-31,EATON CORP PLC,ETN,www.eaton.com
A,USD,STD,INDL,C,004199,2020-12-31,EATON CORP PLC,ETN,www.eaton.com
A,USD,STD,INDL,C,004199,2021-12-31,EATON CORP PLC,ETN,www.eaton.com
A,USD,STD,INDL,C,004199,2022-12-31,EATON CORP PLC,ETN,www.eaton.com
A,USD,STD,INDL,C,004199,2023-12-31,EATON CORP PLC,ETN,www.eaton.com
A,USD,STD,INDL,C,004199,2024-12-31,EATON CORP PLC,ETN,www.eaton.com
A,USD,STD,INDL,C,004199,2025-12-31,EATON CORP PLC,ETN,www.eaton.com
A,USD,STD,INDL,C,004213,2010-12-31,ECOLAB INC,ECL,www.ecolab.com
A,USD,STD,INDL,C,004213,2011-12-31,ECOLAB INC,ECL,www.ecolab.com
A,USD,STD,INDL,C,004213,2012-12-31,ECOLAB INC,ECL,www.ecolab.com
A,USD,STD,INDL,C,004213,2013-12-31,ECOLAB INC,ECL,www.ecolab.com
A,USD,STD,INDL,C,004213,2014-12-31,ECOLAB INC,ECL,www.ecolab.com
A,USD,STD,INDL,C,004213,2015-12-31,ECOLAB INC,ECL,www.ecolab.com
A,USD,STD,INDL,C,004213,2016-12-31,ECOLAB INC,ECL,www.ecolab.com
A,USD,STD,INDL,C,004213,2017-12-31,ECOLAB INC,ECL,www.ecolab.com
A,USD,STD,INDL,C,004213,2018-12-31,ECOLAB INC,ECL,www.ecolab.com
A,USD,STD,INDL,C,004213,2019-12-31,ECOLAB INC,ECL,www.ecolab.com
A,USD,STD,INDL,C,004213,2020-12-31,ECOLAB INC,ECL,www.ecolab.com
A,USD,STD,INDL,C,004213,2021-12-31,ECOLAB INC,ECL,www.ecolab.com
A,USD,STD,INDL,C,004213,2022-12-31,ECOLAB INC,ECL,www.ecolab.com
A,USD,STD,INDL,C,004213,2023-12-31,ECOLAB INC,ECL,www.ecolab.com
A,USD,STD,INDL,C,004213,2024-12-31,ECOLAB INC,ECL,www.ecolab.com
A,USD,STD,INDL,C,004213,2025-12-31,ECOLAB INC,ECL,www.ecolab.com
A,USD,STD,INDL,C,004321,2010-09-30,EMERSON ELECTRIC CO,EMR,www.emerson.com
A,USD,STD,INDL,C,004321,2011-09-30,EMERSON ELECTRIC CO,EMR,www.emerson.com
A,USD,STD,INDL,C,004321,2012-09-30,EMERSON ELECTRIC CO,EMR,www.emerson.com
A,USD,STD,INDL,C,004321,2013-09-30,EMERSON ELECTRIC CO,EMR,www.emerson.com
A,USD,STD,INDL,C,004321,2014-09-30,EMERSON ELECTRIC CO,EMR,www.emerson.com
A,USD,STD,INDL,C,004321,2015-09-30,EMERSON ELECTRIC CO,EMR,www.emerson.com
A,USD,STD,INDL,C,004321,2016-09-30,EMERSON ELECTRIC CO,EMR,www.emerson.com
A,USD,STD,INDL,C,004321,2017-09-30,EMERSON ELECTRIC CO,EMR,www.emerson.com
A,USD,STD,INDL,C,004321,2018-09-30,EMERSON ELECTRIC CO,EMR,www.emerson.com
A,USD,STD,INDL,C,004321,2019-09-30,EMERSON ELECTRIC CO,EMR,www.emerson.com
A,USD,STD,INDL,C,004321,2020-09-30,EMERSON ELECTRIC CO,EMR,www.emerson.com
A,USD,STD,INDL,C,004321,2021-09-30,EMERSON ELECTRIC CO,EMR,www.emerson.com
A,USD,STD,INDL,C,004321,2022-09-30,EMERSON ELECTRIC CO,EMR,www.emerson.com
A,USD,STD,INDL,C,004321,2023-09-30,EMERSON ELECTRIC CO,EMR,www.emerson.com
A,USD,STD,INDL,C,004321,2024-09-30,EMERSON ELECTRIC CO,EMR,www.emerson.com
A,USD,STD,INDL,C,004321,2025-09-30,EMERSON ELECTRIC CO,EMR,www.emerson.com
A,USD,STD,INDL,C,004383,2010-09-30,ATMOS ENERGY CORP,ATO,www.atmosenergy.com
A,USD,STD,INDL,C,004383,2011-09-30,ATMOS ENERGY CORP,ATO,www.atmosenergy.com
A,USD,STD,INDL,C,004383,2012-09-30,ATMOS ENERGY CORP,ATO,www.atmosenergy.com
A,USD,STD,INDL,C,004383,2013-09-30,ATMOS ENERGY CORP,ATO,www.atmosenergy.com
A,USD,STD,INDL,C,004383,2014-09-30,ATMOS ENERGY CORP,ATO,www.atmosenergy.com
A,USD,STD,INDL,C,004383,2015-09-30,ATMOS ENERGY CORP,ATO,www.atmosenergy.com
A,USD,STD,INDL,C,004383,2016-09-30,ATMOS ENERGY CORP,ATO,www.atmosenergy.com
A,USD,STD,INDL,C,004383,2017-09-30,ATMOS ENERGY CORP,ATO,www.atmosenergy.com
A,USD,STD,INDL,C,004383,2018-09-30,ATMOS ENERGY CORP,ATO,www.atmosenergy.com
A,USD,STD,INDL,C,004383,2019-09-30,ATMOS ENERGY CORP,ATO,www.atmosenergy.com
A,USD,STD,INDL,C,004383,2020-09-30,ATMOS ENERGY CORP,ATO,www.atmosenergy.com
A,USD,STD,INDL,C,004383,2021-09-30,ATMOS ENERGY CORP,ATO,www.atmosenergy.com
A,USD,STD,INDL,C,004383,2022-09-30,ATMOS ENERGY CORP,ATO,www.atmosenergy.com
A,USD,STD,INDL,C,004383,2023-09-30,ATMOS ENERGY CORP,ATO,www.atmosenergy.com
A,USD,STD,INDL,C,004383,2024-09-30,ATMOS ENERGY CORP,ATO,www.atmosenergy.com
A,USD,STD,INDL,C,004383,2025-09-30,ATMOS ENERGY CORP,ATO,www.atmosenergy.com
A,USD,STD,INDL,C,004423,2010-12-31,EQUIFAX INC,EFX,www.equifax.com
A,USD,STD,INDL,C,004423,2011-12-31,EQUIFAX INC,EFX,www.equifax.com
A,USD,STD,INDL,C,004423,2012-12-31,EQUIFAX INC,EFX,www.equifax.com
A,USD,STD,INDL,C,004423,2013-12-31,EQUIFAX INC,EFX,www.equifax.com
A,USD,STD,INDL,C,004423,2014-12-31,EQUIFAX INC,EFX,www.equifax.com
A,USD,STD,INDL,C,004423,2015-12-31,EQUIFAX INC,EFX,www.equifax.com
A,USD,STD,INDL,C,004423,2016-12-31,EQUIFAX INC,EFX,www.equifax.com
A,USD,STD,INDL,C,004423,2017-12-31,EQUIFAX INC,EFX,www.equifax.com
A,USD,STD,INDL,C,004423,2018-12-31,EQUIFAX INC,EFX,www.equifax.com
A,USD,STD,INDL,C,004423,2019-12-31,EQUIFAX INC,EFX,www.equifax.com
A,USD,STD,INDL,C,004423,2020-12-31,EQUIFAX INC,EFX,www.equifax.com
A,USD,STD,INDL,C,004423,2021-12-31,EQUIFAX INC,EFX,www.equifax.com
A,USD,STD,INDL,C,004423,2022-12-31,EQUIFAX INC,EFX,www.equifax.com
A,USD,STD,INDL,C,004423,2023-12-31,EQUIFAX INC,EFX,www.equifax.com
A,USD,STD,INDL,C,004423,2024-12-31,EQUIFAX INC,EFX,www.equifax.com
A,USD,STD,INDL,C,004423,2025-12-31,EQUIFAX INC,EFX,www.equifax.com
A,USD,STD,INDL,C,004430,2010-12-31,EQT CORP,EQT,www.eqt.com
A,USD,STD,INDL,C,004430,2011-12-31,EQT CORP,EQT,www.eqt.com
A,USD,STD,INDL,C,004430,2012-12-31,EQT CORP,EQT,www.eqt.com
A,USD,STD,INDL,C,004430,2013-12-31,EQT CORP,EQT,www.eqt.com
A,USD,STD,INDL,C,004430,2014-12-31,EQT CORP,EQT,www.eqt.com
A,USD,STD,INDL,C,004430,2015-12-31,EQT CORP,EQT,www.eqt.com
A,USD,STD,INDL,C,004430,2016-12-31,EQT CORP,EQT,www.eqt.com
A,USD,STD,INDL,C,004430,2017-12-31,EQT CORP,EQT,www.eqt.com
A,USD,STD,INDL,C,004430,2018-12-31,EQT CORP,EQT,www.eqt.com
A,USD,STD,INDL,C,004430,2019-12-31,EQT CORP,EQT,www.eqt.com
A,USD,STD,INDL,C,004430,2020-12-31,EQT CORP,EQT,www.eqt.com
A,USD,STD,INDL,C,004430,2021-12-31,EQT CORP,EQT,www.eqt.com
A,USD,STD,INDL,C,004430,2022-12-31,EQT CORP,EQT,www.eqt.com
A,USD,STD,INDL,C,004430,2023-12-31,EQT CORP,EQT,www.eqt.com
A,USD,STD,INDL,C,004430,2024-12-31,EQT CORP,EQT,www.eqt.com
A,USD,STD,INDL,C,004430,2025-12-31,EQT CORP,EQT,www.eqt.com
A,USD,STD,INDL,C,004494,2010-12-31,EXPEDITORS INTL WASH INC,EXPD,www.expeditors.com
A,USD,STD,INDL,C,004494,2011-12-31,EXPEDITORS INTL WASH INC,EXPD,www.expeditors.com
A,USD,STD,INDL,C,004494,2012-12-31,EXPEDITORS INTL WASH INC,EXPD,www.expeditors.com
A,USD,STD,INDL,C,004494,2013-12-31,EXPEDITORS INTL WASH INC,EXPD,www.expeditors.com
A,USD,STD,INDL,C,004494,2014-12-31,EXPEDITORS INTL WASH INC,EXPD,www.expeditors.com
A,USD,STD,INDL,C,004494,2015-12-31,EXPEDITORS INTL WASH INC,EXPD,www.expeditors.com
A,USD,STD,INDL,C,004494,2016-12-31,EXPEDITORS INTL WASH INC,EXPD,www.expeditors.com
A,USD,STD,INDL,C,004494,2017-12-31,EXPEDITORS INTL WASH INC,EXPD,www.expeditors.com
A,USD,STD,INDL,C,004494,2018-12-31,EXPEDITORS INTL WASH INC,EXPD,www.expeditors.com
A,USD,STD,INDL,C,004494,2019-12-31,EXPEDITORS INTL WASH INC,EXPD,www.expeditors.com
A,USD,STD,INDL,C,004494,2020-12-31,EXPEDITORS INTL WASH INC,EXPD,www.expeditors.com
A,USD,STD,INDL,C,004494,2021-12-31,EXPEDITORS INTL WASH INC,EXPD,www.expeditors.com
A,USD,STD,INDL,C,004494,2022-12-31,EXPEDITORS INTL WASH INC,EXPD,www.expeditors.com
A,USD,STD,INDL,C,004494,2023-12-31,EXPEDITORS INTL WASH INC,EXPD,www.expeditors.com
A,USD,STD,INDL,C,004494,2024-12-31,EXPEDITORS INTL WASH INC,EXPD,www.expeditors.com
A,USD,STD,INDL,C,004494,2025-12-31,EXPEDITORS INTL WASH INC,EXPD,www.expeditors.com
A,USD,STD,INDL,C,004503,2010-12-31,EXXON MOBIL CORP,XOM,corporate.exxonmobil.com
A,USD,STD,INDL,C,004503,2011-12-31,EXXON MOBIL CORP,XOM,corporate.exxonmobil.com
A,USD,STD,INDL,C,004503,2012-12-31,EXXON MOBIL CORP,XOM,corporate.exxonmobil.com
A,USD,STD,INDL,C,004503,2013-12-31,EXXON MOBIL CORP,XOM,corporate.exxonmobil.com
A,USD,STD,INDL,C,004503,2014-12-31,EXXON MOBIL CORP,XOM,corporate.exxonmobil.com
A,USD,STD,INDL,C,004503,2015-12-31,EXXON MOBIL CORP,XOM,corporate.exxonmobil.com
A,USD,STD,INDL,C,004503,2016-12-31,EXXON MOBIL CORP,XOM,corporate.exxonmobil.com
A,USD,STD,INDL,C,004503,2017-12-31,EXXON MOBIL CORP,XOM,corporate.exxonmobil.com
A,USD,STD,INDL,C,004503,2018-12-31,EXXON MOBIL CORP,XOM,corporate.exxonmobil.com
A,USD,STD,INDL,C,004503,2019-12-31,EXXON MOBIL CORP,XOM,corporate.exxonmobil.com
A,USD,STD,INDL,C,004503,2020-12-31,EXXON MOBIL CORP,XOM,corporate.exxonmobil.com
A,USD,STD,INDL,C,004503,2021-12-31,EXXON MOBIL CORP,XOM,corporate.exxonmobil.com
A,USD,STD,INDL,C,004503,2022-12-31,EXXON MOBIL CORP,XOM,corporate.exxonmobil.com
A,USD,STD,INDL,C,004503,2023-12-31,EXXON MOBIL CORP,XOM,corporate.exxonmobil.com
A,USD,STD,INDL,C,004503,2024-12-31,EXXON MOBIL CORP,XOM,corporate.exxonmobil.com
A,USD,STD,INDL,C,004503,2025-12-31,EXXON MOBIL CORP,XOM,corporate.exxonmobil.com
A,USD,STD,INDL,C,004517,2010-12-31,NEXTERA ENERGY INC,NEE,www.nexteraenergy.com
A,USD,STD,INDL,C,004517,2011-12-31,NEXTERA ENERGY INC,NEE,www.nexteraenergy.com
A,USD,STD,INDL,C,004517,2012-12-31,NEXTERA ENERGY INC,NEE,www.nexteraenergy.com
A,USD,STD,INDL,C,004517,2013-12-31,NEXTERA ENERGY INC,NEE,www.nexteraenergy.com
A,USD,STD,INDL,C,004517,2014-12-31,NEXTERA ENERGY INC,NEE,www.nexteraenergy.com
A,USD,STD,INDL,C,004517,2015-12-31,NEXTERA ENERGY INC,NEE,www.nexteraenergy.com
A,USD,STD,INDL,C,004517,2016-12-31,NEXTERA ENERGY INC,NEE,www.nexteraenergy.com
A,USD,STD,INDL,C,004517,2017-12-31,NEXTERA ENERGY INC,NEE,www.nexteraenergy.com
A,USD,STD,INDL,C,004517,2018-12-31,NEXTERA ENERGY INC,NEE,www.nexteraenergy.com
A,USD,STD,INDL,C,004517,2019-12-31,NEXTERA ENERGY INC,NEE,www.nexteraenergy.com
A,USD,STD,INDL,C,004517,2020-12-31,NEXTERA ENERGY INC,NEE,www.nexteraenergy.com
A,USD,STD,INDL,C,004517,2021-12-31,NEXTERA ENERGY INC,NEE,www.nexteraenergy.com
A,USD,STD,INDL,C,004517,2022-12-31,NEXTERA ENERGY INC,NEE,www.nexteraenergy.com
A,USD,STD,INDL,C,004517,2023-12-31,NEXTERA ENERGY INC,NEE,www.nexteraenergy.com
A,USD,STD,INDL,C,004517,2024-12-31,NEXTERA ENERGY INC,NEE,www.nexteraenergy.com
A,USD,STD,INDL,C,004517,2025-12-31,NEXTERA ENERGY INC,NEE,www.nexteraenergy.com
A,USD,STD,INDL,C,004598,2010-05-31,FEDEX CORP,FDX,www.fedex.com
A,USD,STD,INDL,C,004598,2011-05-31,FEDEX CORP,FDX,www.fedex.com
A,USD,STD,INDL,C,004598,2012-05-31,FEDEX CORP,FDX,www.fedex.com
A,USD,STD,INDL,C,004598,2013-05-31,FEDEX CORP,FDX,www.fedex.com
A,USD,STD,INDL,C,004598,2014-05-31,FEDEX CORP,FDX,www.fedex.com
A,USD,STD,INDL,C,004598,2015-05-31,FEDEX CORP,FDX,www.fedex.com
A,USD,STD,INDL,C,004598,2016-05-31,FEDEX CORP,FDX,www.fedex.com
A,USD,STD,INDL,C,004598,2017-05-31,FEDEX CORP,FDX,www.fedex.com
A,USD,STD,INDL,C,004598,2018-05-31,FEDEX CORP,FDX,www.fedex.com
A,USD,STD,INDL,C,004598,2019-05-31,FEDEX CORP,FDX,www.fedex.com
A,USD,STD,INDL,C,004598,2020-05-31,FEDEX CORP,FDX,www.fedex.com
A,USD,STD,INDL,C,004598,2021-05-31,FEDEX CORP,FDX,www.fedex.com
A,USD,STD,INDL,C,004598,2022-05-31,FEDEX CORP,FDX,www.fedex.com
A,USD,STD,INDL,C,004598,2023-05-31,FEDEX CORP,FDX,www.fedex.com
A,USD,STD,INDL,C,004598,2024-05-31,FEDEX CORP,FDX,www.fedex.com
A,USD,STD,INDL,C,004598,2025-05-31,FEDEX CORP,FDX,www.fedex.com
A,USD,STD,FS,C,004605,2010-12-31,FEDERAL REALTY INVESTMENT TR,FRT,www.federalrealty.com
A,USD,STD,INDL,C,004605,2010-12-31,FEDERAL REALTY INVESTMENT TR,FRT,www.federalrealty.com
A,USD,STD,FS,C,004605,2011-12-31,FEDERAL REALTY INVESTMENT TR,FRT,www.federalrealty.com
A,USD,STD,INDL,C,004605,2011-12-31,FEDERAL REALTY INVESTMENT TR,FRT,www.federalrealty.com
A,USD,STD,FS,C,004605,2012-12-31,FEDERAL REALTY INVESTMENT TR,FRT,www.federalrealty.com
A,USD,STD,INDL,C,004605,2012-12-31,FEDERAL REALTY INVESTMENT TR,FRT,www.federalrealty.com
A,USD,STD,FS,C,004605,2013-12-31,FEDERAL REALTY INVESTMENT TR,FRT,www.federalrealty.com
A,USD,STD,INDL,C,004605,2013-12-31,FEDERAL REALTY INVESTMENT TR,FRT,www.federalrealty.com
A,USD,STD,FS,C,004605,2014-12-31,FEDERAL REALTY INVESTMENT TR,FRT,www.federalrealty.com
A,USD,STD,INDL,C,004605,2014-12-31,FEDERAL REALTY INVESTMENT TR,FRT,www.federalrealty.com
A,USD,STD,FS,C,004605,2015-12-31,FEDERAL REALTY INVESTMENT TR,FRT,www.federalrealty.com
A,USD,STD,INDL,C,004605,2015-12-31,FEDERAL REALTY INVESTMENT TR,FRT,www.federalrealty.com
A,USD,STD,FS,C,004605,2016-12-31,FEDERAL REALTY INVESTMENT TR,FRT,www.federalrealty.com
A,USD,STD,INDL,C,004605,2016-12-31,FEDERAL REALTY INVESTMENT TR,FRT,www.federalrealty.com
A,USD,STD,FS,C,004605,2017-12-31,FEDERAL REALTY INVESTMENT TR,FRT,www.federalrealty.com
A,USD,STD,INDL,C,004605,2017-12-31,FEDERAL REALTY INVESTMENT TR,FRT,www.federalrealty.com
A,USD,STD,FS,C,004605,2018-12-31,FEDERAL REALTY INVESTMENT TR,FRT,www.federalrealty.com
A,USD,STD,INDL,C,004605,2018-12-31,FEDERAL REALTY INVESTMENT TR,FRT,www.federalrealty.com
A,USD,STD,FS,C,004605,2019-12-31,FEDERAL REALTY INVESTMENT TR,FRT,www.federalrealty.com
A,USD,STD,INDL,C,004605,2019-12-31,FEDERAL REALTY INVESTMENT TR,FRT,www.federalrealty.com
A,USD,STD,FS,C,004605,2020-12-31,FEDERAL REALTY INVESTMENT TR,FRT,www.federalrealty.com
A,USD,STD,INDL,C,004605,2020-12-31,FEDERAL REALTY INVESTMENT TR,FRT,www.federalrealty.com
A,USD,STD,FS,C,004605,2021-12-31,FEDERAL REALTY INVESTMENT TR,FRT,www.federalrealty.com
A,USD,STD,INDL,C,004605,2021-12-31,FEDERAL REALTY INVESTMENT TR,FRT,www.federalrealty.com
A,USD,STD,FS,C,004605,2022-12-31,FEDERAL REALTY INVESTMENT TR,FRT,www.federalrealty.com
A,USD,STD,INDL,C,004605,2022-12-31,FEDERAL REALTY INVESTMENT TR,FRT,www.federalrealty.com
A,USD,STD,FS,C,004605,2023-12-31,FEDERAL REALTY INVESTMENT TR,FRT,www.federalrealty.com
A,USD,STD,INDL,C,004605,2023-12-31,FEDERAL REALTY INVESTMENT TR,FRT,www.federalrealty.com
A,USD,STD,FS,C,004605,2024-12-31,FEDERAL REALTY INVESTMENT TR,FRT,www.federalrealty.com
A,USD,STD,INDL,C,004605,2024-12-31,FEDERAL REALTY INVESTMENT TR,FRT,www.federalrealty.com
A,USD,STD,FS,C,004605,2025-12-31,FEDERAL REALTY INVESTMENT TR,FRT,www.federalrealty.com
A,USD,STD,INDL,C,004605,2025-12-31,FEDERAL REALTY INVESTMENT TR,FRT,www.federalrealty.com
A,USD,STD,FS,C,004640,2010-12-31,FIFTH THIRD BANCORP,FITB,www.53.com
A,USD,STD,INDL,C,004640,2010-12-31,FIFTH THIRD BANCORP,FITB,www.53.com
A,USD,STD,FS,C,004640,2011-12-31,FIFTH THIRD BANCORP,FITB,www.53.com
A,USD,STD,INDL,C,004640,2011-12-31,FIFTH THIRD BANCORP,FITB,www.53.com
A,USD,STD,FS,C,004640,2012-12-31,FIFTH THIRD BANCORP,FITB,www.53.com
A,USD,STD,INDL,C,004640,2012-12-31,FIFTH THIRD BANCORP,FITB,www.53.com
A,USD,STD,FS,C,004640,2013-12-31,FIFTH THIRD BANCORP,FITB,www.53.com
A,USD,STD,INDL,C,004640,2013-12-31,FIFTH THIRD BANCORP,FITB,www.53.com
A,USD,STD,FS,C,004640,2014-12-31,FIFTH THIRD BANCORP,FITB,www.53.com
A,USD,STD,INDL,C,004640,2014-12-31,FIFTH THIRD BANCORP,FITB,www.53.com
A,USD,STD,FS,C,004640,2015-12-31,FIFTH THIRD BANCORP,FITB,www.53.com
A,USD,STD,INDL,C,004640,2015-12-31,FIFTH THIRD BANCORP,FITB,www.53.com
A,USD,STD,FS,C,004640,2016-12-31,FIFTH THIRD BANCORP,FITB,www.53.com
A,USD,STD,INDL,C,004640,2016-12-31,FIFTH THIRD BANCORP,FITB,www.53.com
A,USD,STD,FS,C,004640,2017-12-31,FIFTH THIRD BANCORP,FITB,www.53.com
A,USD,STD,INDL,C,004640,2017-12-31,FIFTH THIRD BANCORP,FITB,www.53.com
A,USD,STD,FS,C,004640,2018-12-31,FIFTH THIRD BANCORP,FITB,www.53.com
A,USD,STD,INDL,C,004640,2018-12-31,FIFTH THIRD BANCORP,FITB,www.53.com
A,USD,STD,FS,C,004640,2019-12-31,FIFTH THIRD BANCORP,FITB,www.53.com
A,USD,STD,INDL,C,004640,2019-12-31,FIFTH THIRD BANCORP,FITB,www.53.com
A,USD,STD,FS,C,004640,2020-12-31,FIFTH THIRD BANCORP,FITB,www.53.com
A,USD,STD,INDL,C,004640,2020-12-31,FIFTH THIRD BANCORP,FITB,www.53.com
A,USD,STD,FS,C,004640,2021-12-31,FIFTH THIRD BANCORP,FITB,www.53.com
A,USD,STD,INDL,C,004640,2021-12-31,FIFTH THIRD BANCORP,FITB,www.53.com
A,USD,STD,FS,C,004640,2022-12-31,FIFTH THIRD BANCORP,FITB,www.53.com
A,USD,STD,INDL,C,004640,2022-12-31,FIFTH THIRD BANCORP,FITB,www.53.com
A,USD,STD,FS,C,004640,2023-12-31,FIFTH THIRD BANCORP,FITB,www.53.com
A,USD,STD,INDL,C,004640,2023-12-31,FIFTH THIRD BANCORP,FITB,www.53.com
A,USD,STD,FS,C,004640,2024-12-31,FIFTH THIRD BANCORP,FITB,www.53.com
A,USD,STD,INDL,C,004640,2024-12-31,FIFTH THIRD BANCORP,FITB,www.53.com
A,USD,STD,FS,C,004640,2025-12-31,FIFTH THIRD BANCORP,FITB,www.53.com
A,USD,STD,INDL,C,004640,2025-12-31,FIFTH THIRD BANCORP,FITB,www.53.com
A,USD,STD,FS,C,004674,2010-12-31,REGIONS FINANCIAL CORP,RF,www.regions.com
A,USD,STD,INDL,C,004674,2010-12-31,REGIONS FINANCIAL CORP,RF,www.regions.com
A,USD,STD,FS,C,004674,2011-12-31,REGIONS FINANCIAL CORP,RF,www.regions.com
A,USD,STD,INDL,C,004674,2011-12-31,REGIONS FINANCIAL CORP,RF,www.regions.com
A,USD,STD,FS,C,004674,2012-12-31,REGIONS FINANCIAL CORP,RF,www.regions.com
A,USD,STD,INDL,C,004674,2012-12-31,REGIONS FINANCIAL CORP,RF,www.regions.com
A,USD,STD,FS,C,004674,2013-12-31,REGIONS FINANCIAL CORP,RF,www.regions.com
A,USD,STD,INDL,C,004674,2013-12-31,REGIONS FINANCIAL CORP,RF,www.regions.com
A,USD,STD,FS,C,004674,2014-12-31,REGIONS FINANCIAL CORP,RF,www.regions.com
A,USD,STD,INDL,C,004674,2014-12-31,REGIONS FINANCIAL CORP,RF,www.regions.com
A,USD,STD,FS,C,004674,2015-12-31,REGIONS FINANCIAL CORP,RF,www.regions.com
A,USD,STD,INDL,C,004674,2015-12-31,REGIONS FINANCIAL CORP,RF,www.regions.com
A,USD,STD,FS,C,004674,2016-12-31,REGIONS FINANCIAL CORP,RF,www.regions.com
A,USD,STD,INDL,C,004674,2016-12-31,REGIONS FINANCIAL CORP,RF,www.regions.com
A,USD,STD,FS,C,004674,2017-12-31,REGIONS FINANCIAL CORP,RF,www.regions.com
A,USD,STD,INDL,C,004674,2017-12-31,REGIONS FINANCIAL CORP,RF,www.regions.com
A,USD,STD,FS,C,004674,2018-12-31,REGIONS FINANCIAL CORP,RF,www.regions.com
A,USD,STD,INDL,C,004674,2018-12-31,REGIONS FINANCIAL CORP,RF,www.regions.com
A,USD,STD,FS,C,004674,2019-12-31,REGIONS FINANCIAL CORP,RF,www.regions.com
A,USD,STD,INDL,C,004674,2019-12-31,REGIONS FINANCIAL CORP,RF,www.regions.com
A,USD,STD,FS,C,004674,2020-12-31,REGIONS FINANCIAL CORP,RF,www.regions.com
A,USD,STD,INDL,C,004674,2020-12-31,REGIONS FINANCIAL CORP,RF,www.regions.com
A,USD,STD,FS,C,004674,2021-12-31,REGIONS FINANCIAL CORP,RF,www.regions.com
A,USD,STD,INDL,C,004674,2021-12-31,REGIONS FINANCIAL CORP,RF,www.regions.com
A,USD,STD,FS,C,004674,2022-12-31,REGIONS FINANCIAL CORP,RF,www.regions.com
A,USD,STD,INDL,C,004674,2022-12-31,REGIONS FINANCIAL CORP,RF,www.regions.com
A,USD,STD,FS,C,004674,2023-12-31,REGIONS FINANCIAL CORP,RF,www.regions.com
A,USD,STD,INDL,C,004674,2023-12-31,REGIONS FINANCIAL CORP,RF,www.regions.com
A,USD,STD,FS,C,004674,2024-12-31,REGIONS FINANCIAL CORP,RF,www.regions.com
A,USD,STD,INDL,C,004674,2024-12-31,REGIONS FINANCIAL CORP,RF,www.regions.com
A,USD,STD,FS,C,004674,2025-12-31,REGIONS FINANCIAL CORP,RF,www.regions.com
A,USD,STD,INDL,C,004674,2025-12-31,REGIONS FINANCIAL CORP,RF,www.regions.com
A,USD,STD,FS,C,004699,2010-12-31,M&T BANK CORP,MTB,www.mtb.com
A,USD,STD,INDL,C,004699,2010-12-31,M&T BANK CORP,MTB,www.mtb.com
A,USD,STD,FS,C,004699,2011-12-31,M&T BANK CORP,MTB,www.mtb.com
A,USD,STD,INDL,C,004699,2011-12-31,M&T BANK CORP,MTB,www.mtb.com
A,USD,STD,FS,C,004699,2012-12-31,M&T BANK CORP,MTB,www.mtb.com
A,USD,STD,INDL,C,004699,2012-12-31,M&T BANK CORP,MTB,www.mtb.com
A,USD,STD,FS,C,004699,2013-12-31,M&T BANK CORP,MTB,www.mtb.com
A,USD,STD,INDL,C,004699,2013-12-31,M&T BANK CORP,MTB,www.mtb.com
A,USD,STD,FS,C,004699,2014-12-31,M&T BANK CORP,MTB,www.mtb.com
A,USD,STD,INDL,C,004699,2014-12-31,M&T BANK CORP,MTB,www.mtb.com
A,USD,STD,FS,C,004699,2015-12-31,M&T BANK CORP,MTB,www.mtb.com
A,USD,STD,INDL,C,004699,2015-12-31,M&T BANK CORP,MTB,www.mtb.com
A,USD,STD,FS,C,004699,2016-12-31,M&T BANK CORP,MTB,www.mtb.com
A,USD,STD,INDL,C,004699,2016-12-31,M&T BANK CORP,MTB,www.mtb.com
A,USD,STD,FS,C,004699,2017-12-31,M&T BANK CORP,MTB,www.mtb.com
A,USD,STD,INDL,C,004699,2017-12-31,M&T BANK CORP,MTB,www.mtb.com
A,USD,STD,FS,C,004699,2018-12-31,M&T BANK CORP,MTB,www.mtb.com
A,USD,STD,INDL,C,004699,2018-12-31,M&T BANK CORP,MTB,www.mtb.com
A,USD,STD,FS,C,004699,2019-12-31,M&T BANK CORP,MTB,www.mtb.com
A,USD,STD,INDL,C,004699,2019-12-31,M&T BANK CORP,MTB,www.mtb.com
A,USD,STD,FS,C,004699,2020-12-31,M&T BANK CORP,MTB,www.mtb.com
A,USD,STD,INDL,C,004699,2020-12-31,M&T BANK CORP,MTB,www.mtb.com
A,USD,STD,FS,C,004699,2021-12-31,M&T BANK CORP,MTB,www.mtb.com
A,USD,STD,INDL,C,004699,2021-12-31,M&T BANK CORP,MTB,www.mtb.com
A,USD,STD,FS,C,004699,2022-12-31,M&T BANK CORP,MTB,www.mtb.com
A,USD,STD,INDL,C,004699,2022-12-31,M&T BANK CORP,MTB,www.mtb.com
A,USD,STD,FS,C,004699,2023-12-31,M&T BANK CORP,MTB,www.mtb.com
A,USD,STD,INDL,C,004699,2023-12-31,M&T BANK CORP,MTB,www.mtb.com
A,USD,STD,FS,C,004699,2024-12-31,M&T BANK CORP,MTB,www.mtb.com
A,USD,STD,INDL,C,004699,2024-12-31,M&T BANK CORP,MTB,www.mtb.com
A,USD,STD,FS,C,004699,2025-12-31,M&T BANK CORP,MTB,www.mtb.com
A,USD,STD,INDL,C,004699,2025-12-31,M&T BANK CORP,MTB,www.mtb.com
A,USD,STD,FS,C,004723,2010-12-31,US BANCORP,USB,www.usbank.com
A,USD,STD,INDL,C,004723,2010-12-31,US BANCORP,USB,www.usbank.com
A,USD,STD,FS,C,004723,2011-12-31,US BANCORP,USB,www.usbank.com
A,USD,STD,INDL,C,004723,2011-12-31,US BANCORP,USB,www.usbank.com
A,USD,STD,FS,C,004723,2012-12-31,US BANCORP,USB,www.usbank.com
A,USD,STD,INDL,C,004723,2012-12-31,US BANCORP,USB,www.usbank.com
A,USD,STD,FS,C,004723,2013-12-31,US BANCORP,USB,www.usbank.com
A,USD,STD,INDL,C,004723,2013-12-31,US BANCORP,USB,www.usbank.com
A,USD,STD,FS,C,004723,2014-12-31,US BANCORP,USB,www.usbank.com
A,USD,STD,INDL,C,004723,2014-12-31,US BANCORP,USB,www.usbank.com
A,USD,STD,FS,C,004723,2015-12-31,US BANCORP,USB,www.usbank.com
A,USD,STD,INDL,C,004723,2015-12-31,US BANCORP,USB,www.usbank.com
A,USD,STD,FS,C,004723,2016-12-31,US BANCORP,USB,www.usbank.com
A,USD,STD,INDL,C,004723,2016-12-31,US BANCORP,USB,www.usbank.com
A,USD,STD,FS,C,004723,2017-12-31,US BANCORP,USB,www.usbank.com
A,USD,STD,INDL,C,004723,2017-12-31,US BANCORP,USB,www.usbank.com
A,USD,STD,FS,C,004723,2018-12-31,US BANCORP,USB,www.usbank.com
A,USD,STD,INDL,C,004723,2018-12-31,US BANCORP,USB,www.usbank.com
A,USD,STD,FS,C,004723,2019-12-31,US BANCORP,USB,www.usbank.com
A,USD,STD,INDL,C,004723,2019-12-31,US BANCORP,USB,www.usbank.com
A,USD,STD,FS,C,004723,2020-12-31,US BANCORP,USB,www.usbank.com
A,USD,STD,INDL,C,004723,2020-12-31,US BANCORP,USB,www.usbank.com
A,USD,STD,FS,C,004723,2021-12-31,US BANCORP,USB,www.usbank.com
A,USD,STD,INDL,C,004723,2021-12-31,US BANCORP,USB,www.usbank.com
A,USD,STD,FS,C,004723,2022-12-31,US BANCORP,USB,www.usbank.com
A,USD,STD,INDL,C,004723,2022-12-31,US BANCORP,USB,www.usbank.com
A,USD,STD,FS,C,004723,2023-12-31,US BANCORP,USB,www.usbank.com
A,USD,STD,INDL,C,004723,2023-12-31,US BANCORP,USB,www.usbank.com
A,USD,STD,FS,C,004723,2024-12-31,US BANCORP,USB,www.usbank.com
A,USD,STD,INDL,C,004723,2024-12-31,US BANCORP,USB,www.usbank.com
A,USD,STD,FS,C,004723,2025-12-31,US BANCORP,USB,www.usbank.com
A,USD,STD,INDL,C,004723,2025-12-31,US BANCORP,USB,www.usbank.com
A,USD,STD,INDL,C,004839,2010-12-31,FORD MOTOR CO,F,www.ford.com
A,USD,STD,INDL,C,004839,2011-12-31,FORD MOTOR CO,F,www.ford.com
A,USD,STD,INDL,C,004839,2012-12-31,FORD MOTOR CO,F,www.ford.com
A,USD,STD,INDL,C,004839,2013-12-31,FORD MOTOR CO,F,www.ford.com
A,USD,STD,INDL,C,004839,2014-12-31,FORD MOTOR CO,F,www.ford.com
A,USD,STD,INDL,C,004839,2015-12-31,FORD MOTOR CO,F,www.ford.com
A,USD,STD,INDL,C,004839,2016-12-31,FORD MOTOR CO,F,www.ford.com
A,USD,STD,INDL,C,004839,2017-12-31,FORD MOTOR CO,F,www.ford.com
A,USD,STD,INDL,C,004839,2018-12-31,FORD MOTOR CO,F,www.ford.com
A,USD,STD,INDL,C,004839,2019-12-31,FORD MOTOR CO,F,www.ford.com
A,USD,STD,INDL,C,004839,2020-12-31,FORD MOTOR CO,F,www.ford.com
A,USD,STD,INDL,C,004839,2021-12-31,FORD MOTOR CO,F,www.ford.com
A,USD,STD,INDL,C,004839,2022-12-31,FORD MOTOR CO,F,www.ford.com
A,USD,STD,INDL,C,004839,2023-12-31,FORD MOTOR CO,F,www.ford.com
A,USD,STD,INDL,C,004839,2024-12-31,FORD MOTOR CO,F,www.ford.com
A,USD,STD,INDL,C,004839,2025-12-31,FORD MOTOR CO,F,www.ford.com
A,USD,STD,FS,C,004885,2010-09-30,FRANKLIN RESOURCES INC,BEN,www.franklinresources.com
A,USD,STD,INDL,C,004885,2010-09-30,FRANKLIN RESOURCES INC,BEN,www.franklinresources.com
A,USD,STD,FS,C,004885,2011-09-30,FRANKLIN RESOURCES INC,BEN,www.franklinresources.com
A,USD,STD,INDL,C,004885,2011-09-30,FRANKLIN RESOURCES INC,BEN,www.franklinresources.com
A,USD,STD,FS,C,004885,2012-09-30,FRANKLIN RESOURCES INC,BEN,www.franklinresources.com
A,USD,STD,INDL,C,004885,2012-09-30,FRANKLIN RESOURCES INC,BEN,www.franklinresources.com
A,USD,STD,FS,C,004885,2013-09-30,FRANKLIN RESOURCES INC,BEN,www.franklinresources.com
A,USD,STD,INDL,C,004885,2013-09-30,FRANKLIN RESOURCES INC,BEN,www.franklinresources.com
A,USD,STD,FS,C,004885,2014-09-30,FRANKLIN RESOURCES INC,BEN,www.franklinresources.com
A,USD,STD,INDL,C,004885,2014-09-30,FRANKLIN RESOURCES INC,BEN,www.franklinresources.com
A,USD,STD,FS,C,004885,2015-09-30,FRANKLIN RESOURCES INC,BEN,www.franklinresources.com
A,USD,STD,INDL,C,004885,2015-09-30,FRANKLIN RESOURCES INC,BEN,www.franklinresources.com
A,USD,STD,FS,C,004885,2016-09-30,FRANKLIN RESOURCES INC,BEN,www.franklinresources.com
A,USD,STD,INDL,C,004885,2016-09-30,FRANKLIN RESOURCES INC,BEN,www.franklinresources.com
A,USD,STD,FS,C,004885,2017-09-30,FRANKLIN RESOURCES INC,BEN,www.franklinresources.com
A,USD,STD,INDL,C,004885,2017-09-30,FRANKLIN RESOURCES INC,BEN,www.franklinresources.com
A,USD,STD,FS,C,004885,2018-09-30,FRANKLIN RESOURCES INC,BEN,www.franklinresources.com
A,USD,STD,INDL,C,004885,2018-09-30,FRANKLIN RESOURCES INC,BEN,www.franklinresources.com
A,USD,STD,FS,C,004885,2019-09-30,FRANKLIN RESOURCES INC,BEN,www.franklinresources.com
A,USD,STD,INDL,C,004885,2019-09-30,FRANKLIN RESOURCES INC,BEN,www.franklinresources.com
A,USD,STD,FS,C,004885,2020-09-30,FRANKLIN RESOURCES INC,BEN,www.franklinresources.com
A,USD,STD,INDL,C,004885,2020-09-30,FRANKLIN RESOURCES INC,BEN,www.franklinresources.com
A,USD,STD,FS,C,004885,2021-09-30,FRANKLIN RESOURCES INC,BEN,www.franklinresources.com
A,USD,STD,INDL,C,004885,2021-09-30,FRANKLIN RESOURCES INC,BEN,www.franklinresources.com
A,USD,STD,FS,C,004885,2022-09-30,FRANKLIN RESOURCES INC,BEN,www.franklinresources.com
A,USD,STD,INDL,C,004885,2022-09-30,FRANKLIN RESOURCES INC,BEN,www.franklinresources.com
A,USD,STD,FS,C,004885,2023-09-30,FRANKLIN RESOURCES INC,BEN,www.franklinresources.com
A,USD,STD,INDL,C,004885,2023-09-30,FRANKLIN RESOURCES INC,BEN,www.franklinresources.com
A,USD,STD,FS,C,004885,2024-09-30,FRANKLIN RESOURCES INC,BEN,www.franklinresources.com
A,USD,STD,INDL,C,004885,2024-09-30,FRANKLIN RESOURCES INC,BEN,www.franklinresources.com
A,USD,STD,FS,C,004885,2025-09-30,FRANKLIN RESOURCES INC,BEN,www.franklinresources.com
A,USD,STD,INDL,C,004885,2025-09-30,FRANKLIN RESOURCES INC,BEN,www.franklinresources.com
A,USD,STD,INDL,C,004973,2010-12-31,ARTHUR J GALLAGHER & CO,AJG,www.ajg.com
A,USD,STD,INDL,C,004973,2011-12-31,ARTHUR J GALLAGHER & CO,AJG,www.ajg.com
A,USD,STD,INDL,C,004973,2012-12-31,ARTHUR J GALLAGHER & CO,AJG,www.ajg.com
A,USD,STD,INDL,C,004973,2013-12-31,ARTHUR J GALLAGHER & CO,AJG,www.ajg.com
A,USD,STD,INDL,C,004973,2014-12-31,ARTHUR J GALLAGHER & CO,AJG,www.ajg.com
A,USD,STD,INDL,C,004973,2015-12-31,ARTHUR J GALLAGHER & CO,AJG,www.ajg.com
A,USD,STD,INDL,C,004973,2016-12-31,ARTHUR J GALLAGHER & CO,AJG,www.ajg.com
A,USD,STD,INDL,C,004973,2017-12-31,ARTHUR J GALLAGHER & CO,AJG,www.ajg.com
A,USD,STD,INDL,C,004973,2018-12-31,ARTHUR J GALLAGHER & CO,AJG,www.ajg.com
A,USD,STD,INDL,C,004973,2019-12-31,ARTHUR J GALLAGHER & CO,AJG,www.ajg.com
A,USD,STD,INDL,C,004973,2020-12-31,ARTHUR J GALLAGHER & CO,AJG,www.ajg.com
A,USD,STD,INDL,C,004973,2021-12-31,ARTHUR J GALLAGHER & CO,AJG,www.ajg.com
A,USD,STD,INDL,C,004973,2022-12-31,ARTHUR J GALLAGHER & CO,AJG,www.ajg.com
A,USD,STD,INDL,C,004973,2023-12-31,ARTHUR J GALLAGHER & CO,AJG,www.ajg.com
A,USD,STD,INDL,C,004973,2024-12-31,ARTHUR J GALLAGHER & CO,AJG,www.ajg.com
A,USD,STD,INDL,C,004973,2025-12-31,ARTHUR J GALLAGHER & CO,AJG,www.ajg.com
A,USD,STD,INDL,C,005046,2010-12-31,GENERAL DYNAMICS CORP,GD,www.gd.com
A,USD,STD,INDL,C,005046,2011-12-31,GENERAL DYNAMICS CORP,GD,www.gd.com
A,USD,STD,INDL,C,005046,2012-12-31,GENERAL DYNAMICS CORP,GD,www.gd.com
A,USD,STD,INDL,C,005046,2013-12-31,GENERAL DYNAMICS CORP,GD,www.gd.com
A,USD,STD,INDL,C,005046,2014-12-31,GENERAL DYNAMICS CORP,GD,www.gd.com
A,USD,STD,INDL,C,005046,2015-12-31,GENERAL DYNAMICS CORP,GD,www.gd.com
A,USD,STD,INDL,C,005046,2016-12-31,GENERAL DYNAMICS CORP,GD,www.gd.com
A,USD,STD,INDL,C,005046,2017-12-31,GENERAL DYNAMICS CORP,GD,www.gd.com
A,USD,STD,INDL,C,005046,2018-12-31,GENERAL DYNAMICS CORP,GD,www.gd.com
A,USD,STD,INDL,C,005046,2019-12-31,GENERAL DYNAMICS CORP,GD,www.gd.com
A,USD,STD,INDL,C,005046,2020-12-31,GENERAL DYNAMICS CORP,GD,www.gd.com
A,USD,STD,INDL,C,005046,2021-12-31,GENERAL DYNAMICS CORP,GD,www.gd.com
A,USD,STD,INDL,C,005046,2022-12-31,GENERAL DYNAMICS CORP,GD,www.gd.com
A,USD,STD,INDL,C,005046,2023-12-31,GENERAL DYNAMICS CORP,GD,www.gd.com
A,USD,STD,INDL,C,005046,2024-12-31,GENERAL DYNAMICS CORP,GD,www.gd.com
A,USD,STD,INDL,C,005046,2025-12-31,GENERAL DYNAMICS CORP,GD,www.gd.com
A,USD,STD,INDL,C,005047,2010-12-31,GE AEROSPACE,GE,www.geaerospace.com
A,USD,STD,INDL,C,005047,2011-12-31,GE AEROSPACE,GE,www.geaerospace.com
A,USD,STD,INDL,C,005047,2012-12-31,GE AEROSPACE,GE,www.geaerospace.com
A,USD,STD,INDL,C,005047,2013-12-31,GE AEROSPACE,GE,www.geaerospace.com
A,USD,STD,INDL,C,005047,2014-12-31,GE AEROSPACE,GE,www.geaerospace.com
A,USD,STD,INDL,C,005047,2015-12-31,GE AEROSPACE,GE,www.geaerospace.com
A,USD,STD,INDL,C,005047,2016-12-31,GE AEROSPACE,GE,www.geaerospace.com
A,USD,STD,INDL,C,005047,2017-12-31,GE AEROSPACE,GE,www.geaerospace.com
A,USD,STD,INDL,C,005047,2018-12-31,GE AEROSPACE,GE,www.geaerospace.com
A,USD,STD,INDL,C,005047,2019-12-31,GE AEROSPACE,GE,www.geaerospace.com
A,USD,STD,INDL,C,005047,2020-12-31,GE AEROSPACE,GE,www.geaerospace.com
A,USD,STD,INDL,C,005047,2021-12-31,GE AEROSPACE,GE,www.geaerospace.com
A,USD,STD,INDL,C,005047,2022-12-31,GE AEROSPACE,GE,www.geaerospace.com
A,USD,STD,INDL,C,005047,2023-12-31,GE AEROSPACE,GE,www.geaerospace.com
A,USD,STD,INDL,C,005047,2024-12-31,GE AEROSPACE,GE,www.geaerospace.com
A,USD,STD,INDL,C,005047,2025-12-31,GE AEROSPACE,GE,www.geaerospace.com
A,USD,STD,INDL,C,005071,2010-05-31,GENERAL MILLS INC,GIS,www.generalmills.com
A,USD,STD,INDL,C,005071,2011-05-31,GENERAL MILLS INC,GIS,www.generalmills.com
A,USD,STD,INDL,C,005071,2012-05-31,GENERAL MILLS INC,GIS,www.generalmills.com
A,USD,STD,INDL,C,005071,2013-05-31,GENERAL MILLS INC,GIS,www.generalmills.com
A,USD,STD,INDL,C,005071,2014-05-31,GENERAL MILLS INC,GIS,www.generalmills.com
A,USD,STD,INDL,C,005071,2015-05-31,GENERAL MILLS INC,GIS,www.generalmills.com
A,USD,STD,INDL,C,005071,2016-05-31,GENERAL MILLS INC,GIS,www.generalmills.com
A,USD,STD,INDL,C,005071,2017-05-31,GENERAL MILLS INC,GIS,www.generalmills.com
A,USD,STD,INDL,C,005071,2018-05-31,GENERAL MILLS INC,GIS,www.generalmills.com
A,USD,STD,INDL,C,005071,2019-05-31,GENERAL MILLS INC,GIS,www.generalmills.com
A,USD,STD,INDL,C,005071,2020-05-31,GENERAL MILLS INC,GIS,www.generalmills.com
A,USD,STD,INDL,C,005071,2021-05-31,GENERAL MILLS INC,GIS,www.generalmills.com
A,USD,STD,INDL,C,005071,2022-05-31,GENERAL MILLS INC,GIS,www.generalmills.com
A,USD,STD,INDL,C,005071,2023-05-31,GENERAL MILLS INC,GIS,www.generalmills.com
A,USD,STD,INDL,C,005071,2024-05-31,GENERAL MILLS INC,GIS,www.generalmills.com
A,USD,STD,INDL,C,005071,2025-05-31,GENERAL MILLS INC,GIS,www.generalmills.com
A,USD,STD,INDL,C,005073,2010-12-31,GENERAL MOTORS CO,GM,www.gm.com
A,USD,STD,INDL,C,005073,2011-12-31,GENERAL MOTORS CO,GM,www.gm.com
A,USD,STD,INDL,C,005073,2012-12-31,GENERAL MOTORS CO,GM,www.gm.com
A,USD,STD,INDL,C,005073,2013-12-31,GENERAL MOTORS CO,GM,www.gm.com
A,USD,STD,INDL,C,005073,2014-12-31,GENERAL MOTORS CO,GM,www.gm.com
A,USD,STD,INDL,C,005073,2015-12-31,GENERAL MOTORS CO,GM,www.gm.com
A,USD,STD,INDL,C,005073,2016-12-31,GENERAL MOTORS CO,GM,www.gm.com
A,USD,STD,INDL,C,005073,2017-12-31,GENERAL MOTORS CO,GM,www.gm.com
A,USD,STD,INDL,C,005073,2018-12-31,GENERAL MOTORS CO,GM,www.gm.com
A,USD,STD,INDL,C,005073,2019-12-31,GENERAL MOTORS CO,GM,www.gm.com
A,USD,STD,INDL,C,005073,2020-12-31,GENERAL MOTORS CO,GM,www.gm.com
A,USD,STD,INDL,C,005073,2021-12-31,GENERAL MOTORS CO,GM,www.gm.com
A,USD,STD,INDL,C,005073,2022-12-31,GENERAL MOTORS CO,GM,www.gm.com
A,USD,STD,INDL,C,005073,2023-12-31,GENERAL MOTORS CO,GM,www.gm.com
A,USD,STD,INDL,C,005073,2024-12-31,GENERAL MOTORS CO,GM,www.gm.com
A,USD,STD,INDL,C,005073,2025-12-31,GENERAL MOTORS CO,GM,www.gm.com
A,USD,STD,INDL,C,005125,2010-12-31,GENUINE PARTS CO,GPC,www.genpt.com
A,USD,STD,INDL,C,005125,2011-12-31,GENUINE PARTS CO,GPC,www.genpt.com
A,USD,STD,INDL,C,005125,2012-12-31,GENUINE PARTS CO,GPC,www.genpt.com
A,USD,STD,INDL,C,005125,2013-12-31,GENUINE PARTS CO,GPC,www.genpt.com
A,USD,STD,INDL,C,005125,2014-12-31,GENUINE PARTS CO,GPC,www.genpt.com
A,USD,STD,INDL,C,005125,2015-12-31,GENUINE PARTS CO,GPC,www.genpt.com
A,USD,STD,INDL,C,005125,2016-12-31,GENUINE PARTS CO,GPC,www.genpt.com
A,USD,STD,INDL,C,005125,2017-12-31,GENUINE PARTS CO,GPC,www.genpt.com
A,USD,STD,INDL,C,005125,2018-12-31,GENUINE PARTS CO,GPC,www.genpt.com
A,USD,STD,INDL,C,005125,2019-12-31,GENUINE PARTS CO,GPC,www.genpt.com
A,USD,STD,INDL,C,005125,2020-12-31,GENUINE PARTS CO,GPC,www.genpt.com
A,USD,STD,INDL,C,005125,2021-12-31,GENUINE PARTS CO,GPC,www.genpt.com
A,USD,STD,INDL,C,005125,2022-12-31,GENUINE PARTS CO,GPC,www.genpt.com
A,USD,STD,INDL,C,005125,2023-12-31,GENUINE PARTS CO,GPC,www.genpt.com
A,USD,STD,INDL,C,005125,2024-12-31,GENUINE PARTS CO,GPC,www.genpt.com
A,USD,STD,INDL,C,005125,2025-12-31,GENUINE PARTS CO,GPC,www.genpt.com
A,USD,STD,INDL,C,005256,2010-12-31,GRAINGER (W W) INC,GWW,www.grainger.com
A,USD,STD,INDL,C,005256,2011-12-31,GRAINGER (W W) INC,GWW,www.grainger.com
A,USD,STD,INDL,C,005256,2012-12-31,GRAINGER (W W) INC,GWW,www.grainger.com
A,USD,STD,INDL,C,005256,2013-12-31,GRAINGER (W W) INC,GWW,www.grainger.com
A,USD,STD,INDL,C,005256,2014-12-31,GRAINGER (W W) INC,GWW,www.grainger.com
A,USD,STD,INDL,C,005256,2015-12-31,GRAINGER (W W) INC,GWW,www.grainger.com
A,USD,STD,INDL,C,005256,2016-12-31,GRAINGER (W W) INC,GWW,www.grainger.com
A,USD,STD,INDL,C,005256,2017-12-31,GRAINGER (W W) INC,GWW,www.grainger.com
A,USD,STD,INDL,C,005256,2018-12-31,GRAINGER (W W) INC,GWW,www.grainger.com
A,USD,STD,INDL,C,005256,2019-12-31,GRAINGER (W W) INC,GWW,www.grainger.com
A,USD,STD,INDL,C,005256,2020-12-31,GRAINGER (W W) INC,GWW,www.grainger.com
A,USD,STD,INDL,C,005256,2021-12-31,GRAINGER (W W) INC,GWW,www.grainger.com
A,USD,STD,INDL,C,005256,2022-12-31,GRAINGER (W W) INC,GWW,www.grainger.com
A,USD,STD,INDL,C,005256,2023-12-31,GRAINGER (W W) INC,GWW,www.grainger.com
A,USD,STD,INDL,C,005256,2024-12-31,GRAINGER (W W) INC,GWW,www.grainger.com
A,USD,STD,INDL,C,005256,2025-12-31,GRAINGER (W W) INC,GWW,www.grainger.com
A,USD,STD,INDL,C,005439,2010-12-31,HALLIBURTON CO,HAL,www.halliburton.com
A,USD,STD,INDL,C,005439,2011-12-31,HALLIBURTON CO,HAL,www.halliburton.com
A,USD,STD,INDL,C,005439,2012-12-31,HALLIBURTON CO,HAL,www.halliburton.com
A,USD,STD,INDL,C,005439,2013-12-31,HALLIBURTON CO,HAL,www.halliburton.com
A,USD,STD,INDL,C,005439,2014-12-31,HALLIBURTON CO,HAL,www.halliburton.com
A,USD,STD,INDL,C,005439,2015-12-31,HALLIBURTON CO,HAL,www.halliburton.com
A,USD,STD,INDL,C,005439,2016-12-31,HALLIBURTON CO,HAL,www.halliburton.com
A,USD,STD,INDL,C,005439,2017-12-31,HALLIBURTON CO,HAL,www.halliburton.com
A,USD,STD,INDL,C,005439,2018-12-31,HALLIBURTON CO,HAL,www.halliburton.com
A,USD,STD,INDL,C,005439,2019-12-31,HALLIBURTON CO,HAL,www.halliburton.com
A,USD,STD,INDL,C,005439,2020-12-31,HALLIBURTON CO,HAL,www.halliburton.com
A,USD,STD,INDL,C,005439,2021-12-31,HALLIBURTON CO,HAL,www.halliburton.com
A,USD,STD,INDL,C,005439,2022-12-31,HALLIBURTON CO,HAL,www.halliburton.com
A,USD,STD,INDL,C,005439,2023-12-31,HALLIBURTON CO,HAL,www.halliburton.com
A,USD,STD,INDL,C,005439,2024-12-31,HALLIBURTON CO,HAL,www.halliburton.com
A,USD,STD,INDL,C,005439,2025-12-31,HALLIBURTON CO,HAL,www.halliburton.com
A,USD,STD,INDL,C,005492,2010-06-30,L3HARRIS TECHNOLOGIES INC,LHX,www.l3harris.com
A,USD,STD,INDL,C,005492,2011-06-30,L3HARRIS TECHNOLOGIES INC,LHX,www.l3harris.com
A,USD,STD,INDL,C,005492,2012-06-30,L3HARRIS TECHNOLOGIES INC,LHX,www.l3harris.com
A,USD,STD,INDL,C,005492,2013-06-30,L3HARRIS TECHNOLOGIES INC,LHX,www.l3harris.com
A,USD,STD,INDL,C,005492,2014-06-30,L3HARRIS TECHNOLOGIES INC,LHX,www.l3harris.com
A,USD,STD,INDL,C,005492,2015-06-30,L3HARRIS TECHNOLOGIES INC,LHX,www.l3harris.com
A,USD,STD,INDL,C,005492,2016-06-30,L3HARRIS TECHNOLOGIES INC,LHX,www.l3harris.com
A,USD,STD,INDL,C,005492,2017-06-30,L3HARRIS TECHNOLOGIES INC,LHX,www.l3harris.com
A,USD,STD,INDL,C,005492,2018-06-30,L3HARRIS TECHNOLOGIES INC,LHX,www.l3harris.com
A,USD,STD,INDL,C,005492,2019-06-30,L3HARRIS TECHNOLOGIES INC,LHX,www.l3harris.com
A,USD,STD,INDL,C,005492,2020-12-31,L3HARRIS TECHNOLOGIES INC,LHX,www.l3harris.com
A,USD,STD,INDL,C,005492,2021-12-31,L3HARRIS TECHNOLOGIES INC,LHX,www.l3harris.com
A,USD,STD,INDL,C,005492,2022-12-31,L3HARRIS TECHNOLOGIES INC,LHX,www.l3harris.com
A,USD,STD,INDL,C,005492,2023-12-31,L3HARRIS TECHNOLOGIES INC,LHX,www.l3harris.com
A,USD,STD,INDL,C,005492,2024-12-31,L3HARRIS TECHNOLOGIES INC,LHX,www.l3harris.com
A,USD,STD,INDL,C,005492,2025-12-31,L3HARRIS TECHNOLOGIES INC,LHX,www.l3harris.com
A,USD,STD,INDL,C,005518,2010-12-31,HASBRO INC,HAS,corporate.hasbro.com
A,USD,STD,INDL,C,005518,2011-12-31,HASBRO INC,HAS,corporate.hasbro.com
A,USD,STD,INDL,C,005518,2012-12-31,HASBRO INC,HAS,corporate.hasbro.com
A,USD,STD,INDL,C,005518,2013-12-31,HASBRO INC,HAS,corporate.hasbro.com
A,USD,STD,INDL,C,005518,2014-12-31,HASBRO INC,HAS,corporate.hasbro.com
A,USD,STD,INDL,C,005518,2015-12-31,HASBRO INC,HAS,corporate.hasbro.com
A,USD,STD,INDL,C,005518,2016-12-31,HASBRO INC,HAS,corporate.hasbro.com
A,USD,STD,INDL,C,005518,2017-12-31,HASBRO INC,HAS,corporate.hasbro.com
A,USD,STD,INDL,C,005518,2018-12-31,HASBRO INC,HAS,corporate.hasbro.com
A,USD,STD,INDL,C,005518,2019-12-31,HASBRO INC,HAS,corporate.hasbro.com
A,USD,STD,INDL,C,005518,2020-12-31,HASBRO INC,HAS,corporate.hasbro.com
A,USD,STD,INDL,C,005518,2021-12-31,HASBRO INC,HAS,corporate.hasbro.com
A,USD,STD,INDL,C,005518,2022-12-31,HASBRO INC,HAS,corporate.hasbro.com
A,USD,STD,INDL,C,005518,2023-12-31,HASBRO INC,HAS,corporate.hasbro.com
A,USD,STD,INDL,C,005518,2024-12-31,HASBRO INC,HAS,corporate.hasbro.com
A,USD,STD,INDL,C,005518,2025-12-31,HASBRO INC,HAS,corporate.hasbro.com
A,USD,STD,FS,C,005543,2010-12-31,WELLTOWER INC,WELL,www.welltower.com
A,USD,STD,INDL,C,005543,2010-12-31,WELLTOWER INC,WELL,www.welltower.com
A,USD,STD,FS,C,005543,2011-12-31,WELLTOWER INC,WELL,www.welltower.com
A,USD,STD,INDL,C,005543,2011-12-31,WELLTOWER INC,WELL,www.welltower.com
A,USD,STD,FS,C,005543,2012-12-31,WELLTOWER INC,WELL,www.welltower.com
A,USD,STD,INDL,C,005543,2012-12-31,WELLTOWER INC,WELL,www.welltower.com
A,USD,STD,FS,C,005543,2013-12-31,WELLTOWER INC,WELL,www.welltower.com
A,USD,STD,INDL,C,005543,2013-12-31,WELLTOWER INC,WELL,www.welltower.com
A,USD,STD,FS,C,005543,2014-12-31,WELLTOWER INC,WELL,www.welltower.com
A,USD,STD,INDL,C,005543,2014-12-31,WELLTOWER INC,WELL,www.welltower.com
A,USD,STD,FS,C,005543,2015-12-31,WELLTOWER INC,WELL,www.welltower.com
A,USD,STD,INDL,C,005543,2015-12-31,WELLTOWER INC,WELL,www.welltower.com
A,USD,STD,FS,C,005543,2016-12-31,WELLTOWER INC,WELL,www.welltower.com
A,USD,STD,INDL,C,005543,2016-12-31,WELLTOWER INC,WELL,www.welltower.com
A,USD,STD,FS,C,005543,2017-12-31,WELLTOWER INC,WELL,www.welltower.com
A,USD,STD,INDL,C,005543,2017-12-31,WELLTOWER INC,WELL,www.welltower.com
A,USD,STD,FS,C,005543,2018-12-31,WELLTOWER INC,WELL,www.welltower.com
A,USD,STD,INDL,C,005543,2018-12-31,WELLTOWER INC,WELL,www.welltower.com
A,USD,STD,FS,C,005543,2019-12-31,WELLTOWER INC,WELL,www.welltower.com
A,USD,STD,INDL,C,005543,2019-12-31,WELLTOWER INC,WELL,www.welltower.com
A,USD,STD,FS,C,005543,2020-12-31,WELLTOWER INC,WELL,www.welltower.com
A,USD,STD,INDL,C,005543,2020-12-31,WELLTOWER INC,WELL,www.welltower.com
A,USD,STD,FS,C,005543,2021-12-31,WELLTOWER INC,WELL,www.welltower.com
A,USD,STD,INDL,C,005543,2021-12-31,WELLTOWER INC,WELL,www.welltower.com
A,USD,STD,FS,C,005543,2022-12-31,WELLTOWER INC,WELL,www.welltower.com
A,USD,STD,INDL,C,005543,2022-12-31,WELLTOWER INC,WELL,www.welltower.com
A,USD,STD,FS,C,005543,2023-12-31,WELLTOWER INC,WELL,www.welltower.com
A,USD,STD,INDL,C,005543,2023-12-31,WELLTOWER INC,WELL,www.welltower.com
A,USD,STD,FS,C,005543,2024-12-31,WELLTOWER INC,WELL,www.welltower.com
A,USD,STD,INDL,C,005543,2024-12-31,WELLTOWER INC,WELL,www.welltower.com
A,USD,STD,FS,C,005543,2025-12-31,WELLTOWER INC,WELL,www.welltower.com
A,USD,STD,INDL,C,005543,2025-12-31,WELLTOWER INC,WELL,www.welltower.com
A,USD,STD,INDL,C,005568,2010-04-30,KRAFT HEINZ CO,KHC,www.kraftheinzcompany.com
A,USD,STD,INDL,C,005568,2011-04-30,KRAFT HEINZ CO,KHC,www.kraftheinzcompany.com
A,USD,STD,INDL,C,005568,2012-04-30,KRAFT HEINZ CO,KHC,www.kraftheinzcompany.com
A,USD,STD,INDL,C,005568,2013-04-30,KRAFT HEINZ CO,KHC,www.kraftheinzcompany.com
A,USD,STD,INDL,C,005568,2013-12-31,KRAFT HEINZ CO,KHC,www.kraftheinzcompany.com
A,USD,STD,INDL,C,005568,2014-12-31,KRAFT HEINZ CO,KHC,www.kraftheinzcompany.com
A,USD,STD,INDL,C,005568,2015-12-31,KRAFT HEINZ CO,KHC,www.kraftheinzcompany.com
A,USD,STD,INDL,C,005568,2016-12-31,KRAFT HEINZ CO,KHC,www.kraftheinzcompany.com
A,USD,STD,INDL,C,005568,2017-12-31,KRAFT HEINZ CO,KHC,www.kraftheinzcompany.com
A,USD,STD,INDL,C,005568,2018-12-31,KRAFT HEINZ CO,KHC,www.kraftheinzcompany.com
A,USD,STD,INDL,C,005568,2019-12-31,KRAFT HEINZ CO,KHC,www.kraftheinzcompany.com
A,USD,STD,INDL,C,005568,2020-12-31,KRAFT HEINZ CO,KHC,www.kraftheinzcompany.com
A,USD,STD,INDL,C,005568,2021-12-31,KRAFT HEINZ CO,KHC,www.kraftheinzcompany.com
A,USD,STD,INDL,C,005568,2022-12-31,KRAFT HEINZ CO,KHC,www.kraftheinzcompany.com
A,USD,STD,INDL,C,005568,2023-12-31,KRAFT HEINZ CO,KHC,www.kraftheinzcompany.com
A,USD,STD,INDL,C,005568,2024-12-31,KRAFT HEINZ CO,KHC,www.kraftheinzcompany.com
A,USD,STD,INDL,C,005568,2025-12-31,KRAFT HEINZ CO,KHC,www.kraftheinzcompany.com
A,USD,STD,INDL,C,005597,2010-12-31,HERSHEY CO,HSY,www.thehersheycompany.com
A,USD,STD,INDL,C,005597,2011-12-31,HERSHEY CO,HSY,www.thehersheycompany.com
A,USD,STD,INDL,C,005597,2012-12-31,HERSHEY CO,HSY,www.thehersheycompany.com
A,USD,STD,INDL,C,005597,2013-12-31,HERSHEY CO,HSY,www.thehersheycompany.com
A,USD,STD,INDL,C,005597,2014-12-31,HERSHEY CO,HSY,www.thehersheycompany.com
A,USD,STD,INDL,C,005597,2015-12-31,HERSHEY CO,HSY,www.thehersheycompany.com
A,USD,STD,INDL,C,005597,2016-12-31,HERSHEY CO,HSY,www.thehersheycompany.com
A,USD,STD,INDL,C,005597,2017-12-31,HERSHEY CO,HSY,www.thehersheycompany.com
A,USD,STD,INDL,C,005597,2018-12-31,HERSHEY CO,HSY,www.thehersheycompany.com
A,USD,STD,INDL,C,005597,2019-12-31,HERSHEY CO,HSY,www.thehersheycompany.com
A,USD,STD,INDL,C,005597,2020-12-31,HERSHEY CO,HSY,www.thehersheycompany.com
A,USD,STD,INDL,C,005597,2021-12-31,HERSHEY CO,HSY,www.thehersheycompany.com
A,USD,STD,INDL,C,005597,2022-12-31,HERSHEY CO,HSY,www.thehersheycompany.com
A,USD,STD,INDL,C,005597,2023-12-31,HERSHEY CO,HSY,www.thehersheycompany.com
A,USD,STD,INDL,C,005597,2024-12-31,HERSHEY CO,HSY,www.thehersheycompany.com
A,USD,STD,INDL,C,005597,2025-12-31,HERSHEY CO,HSY,www.thehersheycompany.com
A,USD,STD,INDL,C,005606,2010-10-31,HP INC,HPQ,www.hp.com
A,USD,STD,INDL,C,005606,2011-10-31,HP INC,HPQ,www.hp.com
A,USD,STD,INDL,C,005606,2012-10-31,HP INC,HPQ,www.hp.com
A,USD,STD,INDL,C,005606,2013-10-31,HP INC,HPQ,www.hp.com
A,USD,STD,INDL,C,005606,2014-10-31,HP INC,HPQ,www.hp.com
A,USD,STD,INDL,C,005606,2015-10-31,HP INC,HPQ,www.hp.com
A,USD,STD,INDL,C,005606,2016-10-31,HP INC,HPQ,www.hp.com
A,USD,STD,INDL,C,005606,2017-10-31,HP INC,HPQ,www.hp.com
A,USD,STD,INDL,C,005606,2018-10-31,HP INC,HPQ,www.hp.com
A,USD,STD,INDL,C,005606,2019-10-31,HP INC,HPQ,www.hp.com
A,USD,STD,INDL,C,005606,2020-10-31,HP INC,HPQ,www.hp.com
A,USD,STD,INDL,C,005606,2021-10-31,HP INC,HPQ,www.hp.com
A,USD,STD,INDL,C,005606,2022-10-31,HP INC,HPQ,www.hp.com
A,USD,STD,INDL,C,005606,2023-10-31,HP INC,HPQ,www.hp.com
A,USD,STD,INDL,C,005606,2024-10-31,HP INC,HPQ,www.hp.com
A,USD,STD,INDL,C,005606,2025-10-31,HP INC,HPQ,www.hp.com
A,USD,STD,INDL,C,005643,2010-12-31,HILTON WORLDWIDE HOLDINGS,HLT,www.hilton.com
A,USD,STD,INDL,C,005643,2011-12-31,HILTON WORLDWIDE HOLDINGS,HLT,www.hilton.com
A,USD,STD,INDL,C,005643,2012-12-31,HILTON WORLDWIDE HOLDINGS,HLT,www.hilton.com
A,USD,STD,INDL,C,005643,2013-12-31,HILTON WORLDWIDE HOLDINGS,HLT,www.hilton.com
A,USD,STD,INDL,C,005643,2014-12-31,HILTON WORLDWIDE HOLDINGS,HLT,www.hilton.com
A,USD,STD,INDL,C,005643,2015-12-31,HILTON WORLDWIDE HOLDINGS,HLT,www.hilton.com
A,USD,STD,INDL,C,005643,2016-12-31,HILTON WORLDWIDE HOLDINGS,HLT,www.hilton.com
A,USD,STD,INDL,C,005643,2017-12-31,HILTON WORLDWIDE HOLDINGS,HLT,www.hilton.com
A,USD,STD,INDL,C,005643,2018-12-31,HILTON WORLDWIDE HOLDINGS,HLT,www.hilton.com
A,USD,STD,INDL,C,005643,2019-12-31,HILTON WORLDWIDE HOLDINGS,HLT,www.hilton.com
A,USD,STD,INDL,C,005643,2020-12-31,HILTON WORLDWIDE HOLDINGS,HLT,www.hilton.com
A,USD,STD,INDL,C,005643,2021-12-31,HILTON WORLDWIDE HOLDINGS,HLT,www.hilton.com
A,USD,STD,INDL,C,005643,2022-12-31,HILTON WORLDWIDE HOLDINGS,HLT,www.hilton.com
A,USD,STD,INDL,C,005643,2023-12-31,HILTON WORLDWIDE HOLDINGS,HLT,www.hilton.com
A,USD,STD,INDL,C,005643,2024-12-31,HILTON WORLDWIDE HOLDINGS,HLT,www.hilton.com
A,USD,STD,INDL,C,005643,2025-12-31,HILTON WORLDWIDE HOLDINGS,HLT,www.hilton.com
A,USD,STD,INDL,C,005680,2010-01-31,HOME DEPOT INC,HD,www.homedepot.com
A,USD,STD,INDL,C,005680,2011-01-31,HOME DEPOT INC,HD,www.homedepot.com
A,USD,STD,INDL,C,005680,2012-01-31,HOME DEPOT INC,HD,www.homedepot.com
A,USD,STD,INDL,C,005680,2013-01-31,HOME DEPOT INC,HD,www.homedepot.com
A,USD,STD,INDL,C,005680,2014-01-31,HOME DEPOT INC,HD,www.homedepot.com
A,USD,STD,INDL,C,005680,2015-01-31,HOME DEPOT INC,HD,www.homedepot.com
A,USD,STD,INDL,C,005680,2016-01-31,HOME DEPOT INC,HD,www.homedepot.com
A,USD,STD,INDL,C,005680,2017-01-31,HOME DEPOT INC,HD,www.homedepot.com
A,USD,STD,INDL,C,005680,2018-01-31,HOME DEPOT INC,HD,www.homedepot.com
A,USD,STD,INDL,C,005680,2019-01-31,HOME DEPOT INC,HD,www.homedepot.com
A,USD,STD,INDL,C,005680,2020-01-31,HOME DEPOT INC,HD,www.homedepot.com
A,USD,STD,INDL,C,005680,2021-01-31,HOME DEPOT INC,HD,www.homedepot.com
A,USD,STD,INDL,C,005680,2022-01-31,HOME DEPOT INC,HD,www.homedepot.com
A,USD,STD,INDL,C,005680,2023-01-31,HOME DEPOT INC,HD,www.homedepot.com
A,USD,STD,INDL,C,005680,2024-01-31,HOME DEPOT INC,HD,www.homedepot.com
A,USD,STD,INDL,C,005680,2025-01-31,HOME DEPOT INC,HD,www.homedepot.com
A,USD,STD,INDL,C,005680,2026-01-31,HOME DEPOT INC,HD,www.homedepot.com
A,USD,STD,INDL,C,005709,2010-10-31,HORMEL FOODS CORP,HRL,www.hormelfoods.com
A,USD,STD,INDL,C,005709,2011-10-31,HORMEL FOODS CORP,HRL,www.hormelfoods.com
A,USD,STD,INDL,C,005709,2012-10-31,HORMEL FOODS CORP,HRL,www.hormelfoods.com
A,USD,STD,INDL,C,005709,2013-10-31,HORMEL FOODS CORP,HRL,www.hormelfoods.com
A,USD,STD,INDL,C,005709,2014-10-31,HORMEL FOODS CORP,HRL,www.hormelfoods.com
A,USD,STD,INDL,C,005709,2015-10-31,HORMEL FOODS CORP,HRL,www.hormelfoods.com
A,USD,STD,INDL,C,005709,2016-10-31,HORMEL FOODS CORP,HRL,www.hormelfoods.com
A,USD,STD,INDL,C,005709,2017-10-31,HORMEL FOODS CORP,HRL,www.hormelfoods.com
A,USD,STD,INDL,C,005709,2018-10-31,HORMEL FOODS CORP,HRL,www.hormelfoods.com
A,USD,STD,INDL,C,005709,2019-10-31,HORMEL FOODS CORP,HRL,www.hormelfoods.com
A,USD,STD,INDL,C,005709,2020-10-31,HORMEL FOODS CORP,HRL,www.hormelfoods.com
A,USD,STD,INDL,C,005709,2021-10-31,HORMEL FOODS CORP,HRL,www.hormelfoods.com
A,USD,STD,INDL,C,005709,2022-10-31,HORMEL FOODS CORP,HRL,www.hormelfoods.com
A,USD,STD,INDL,C,005709,2023-10-31,HORMEL FOODS CORP,HRL,www.hormelfoods.com
A,USD,STD,INDL,C,005709,2024-10-31,HORMEL FOODS CORP,HRL,www.hormelfoods.com
A,USD,STD,INDL,C,005709,2025-10-31,HORMEL FOODS CORP,HRL,www.hormelfoods.com
A,USD,STD,INDL,C,005742,2010-12-31,CENTERPOINT ENERGY INC,CNP,www.centerpointenergy.com
A,USD,STD,INDL,C,005742,2011-12-31,CENTERPOINT ENERGY INC,CNP,www.centerpointenergy.com
A,USD,STD,INDL,C,005742,2012-12-31,CENTERPOINT ENERGY INC,CNP,www.centerpointenergy.com
A,USD,STD,INDL,C,005742,2013-12-31,CENTERPOINT ENERGY INC,CNP,www.centerpointenergy.com
A,USD,STD,INDL,C,005742,2014-12-31,CENTERPOINT ENERGY INC,CNP,www.centerpointenergy.com
A,USD,STD,INDL,C,005742,2015-12-31,CENTERPOINT ENERGY INC,CNP,www.centerpointenergy.com
A,USD,STD,INDL,C,005742,2016-12-31,CENTERPOINT ENERGY INC,CNP,www.centerpointenergy.com
A,USD,STD,INDL,C,005742,2017-12-31,CENTERPOINT ENERGY INC,CNP,www.centerpointenergy.com
A,USD,STD,INDL,C,005742,2018-12-31,CENTERPOINT ENERGY INC,CNP,www.centerpointenergy.com
A,USD,STD,INDL,C,005742,2019-12-31,CENTERPOINT ENERGY INC,CNP,www.centerpointenergy.com
A,USD,STD,INDL,C,005742,2020-12-31,CENTERPOINT ENERGY INC,CNP,www.centerpointenergy.com
A,USD,STD,INDL,C,005742,2021-12-31,CENTERPOINT ENERGY INC,CNP,www.centerpointenergy.com
A,USD,STD,INDL,C,005742,2022-12-31,CENTERPOINT ENERGY INC,CNP,www.centerpointenergy.com
A,USD,STD,INDL,C,005742,2023-12-31,CENTERPOINT ENERGY INC,CNP,www.centerpointenergy.com
A,USD,STD,INDL,C,005742,2024-12-31,CENTERPOINT ENERGY INC,CNP,www.centerpointenergy.com
A,USD,STD,INDL,C,005742,2025-12-31,CENTERPOINT ENERGY INC,CNP,www.centerpointenergy.com
A,USD,STD,INDL,C,005764,2010-12-31,HUBBELL INC,HUBB,www.hubbell.com
A,USD,STD,INDL,C,005764,2011-12-31,HUBBELL INC,HUBB,www.hubbell.com
A,USD,STD,INDL,C,005764,2012-12-31,HUBBELL INC,HUBB,www.hubbell.com
A,USD,STD,INDL,C,005764,2013-12-31,HUBBELL INC,HUBB,www.hubbell.com
A,USD,STD,INDL,C,005764,2014-12-31,HUBBELL INC,HUBB,www.hubbell.com
A,USD,STD,INDL,C,005764,2015-12-31,HUBBELL INC,HUBB,www.hubbell.com
A,USD,STD,INDL,C,005764,2016-12-31,HUBBELL INC,HUBB,www.hubbell.com
A,USD,STD,INDL,C,005764,2017-12-31,HUBBELL INC,HUBB,www.hubbell.com
A,USD,STD,INDL,C,005764,2018-12-31,HUBBELL INC,HUBB,www.hubbell.com
A,USD,STD,INDL,C,005764,2019-12-31,HUBBELL INC,HUBB,www.hubbell.com
A,USD,STD,INDL,C,005764,2020-12-31,HUBBELL INC,HUBB,www.hubbell.com
A,USD,STD,INDL,C,005764,2021-12-31,HUBBELL INC,HUBB,www.hubbell.com
A,USD,STD,INDL,C,005764,2022-12-31,HUBBELL INC,HUBB,www.hubbell.com
A,USD,STD,INDL,C,005764,2023-12-31,HUBBELL INC,HUBB,www.hubbell.com
A,USD,STD,INDL,C,005764,2024-12-31,HUBBELL INC,HUBB,www.hubbell.com
A,USD,STD,INDL,C,005764,2025-12-31,HUBBELL INC,HUBB,www.hubbell.com
A,USD,STD,INDL,C,005783,2010-12-31,HUNT (JB) TRANSPRT SVCS INC,JBHT,www.jbhunt.com
A,USD,STD,INDL,C,005783,2011-12-31,HUNT (JB) TRANSPRT SVCS INC,JBHT,www.jbhunt.com
A,USD,STD,INDL,C,005783,2012-12-31,HUNT (JB) TRANSPRT SVCS INC,JBHT,www.jbhunt.com
A,USD,STD,INDL,C,005783,2013-12-31,HUNT (JB) TRANSPRT SVCS INC,JBHT,www.jbhunt.com
A,USD,STD,INDL,C,005783,2014-12-31,HUNT (JB) TRANSPRT SVCS INC,JBHT,www.jbhunt.com
A,USD,STD,INDL,C,005783,2015-12-31,HUNT (JB) TRANSPRT SVCS INC,JBHT,www.jbhunt.com
A,USD,STD,INDL,C,005783,2016-12-31,HUNT (JB) TRANSPRT SVCS INC,JBHT,www.jbhunt.com
A,USD,STD,INDL,C,005783,2017-12-31,HUNT (JB) TRANSPRT SVCS INC,JBHT,www.jbhunt.com
A,USD,STD,INDL,C,005783,2018-12-31,HUNT (JB) TRANSPRT SVCS INC,JBHT,www.jbhunt.com
A,USD,STD,INDL,C,005783,2019-12-31,HUNT (JB) TRANSPRT SVCS INC,JBHT,www.jbhunt.com
A,USD,STD,INDL,C,005783,2020-12-31,HUNT (JB) TRANSPRT SVCS INC,JBHT,www.jbhunt.com
A,USD,STD,INDL,C,005783,2021-12-31,HUNT (JB) TRANSPRT SVCS INC,JBHT,www.jbhunt.com
A,USD,STD,INDL,C,005783,2022-12-31,HUNT (JB) TRANSPRT SVCS INC,JBHT,www.jbhunt.com
A,USD,STD,INDL,C,005783,2023-12-31,HUNT (JB) TRANSPRT SVCS INC,JBHT,www.jbhunt.com
A,USD,STD,INDL,C,005783,2024-12-31,HUNT (JB) TRANSPRT SVCS INC,JBHT,www.jbhunt.com
A,USD,STD,INDL,C,005783,2025-12-31,HUNT (JB) TRANSPRT SVCS INC,JBHT,www.jbhunt.com
A,USD,STD,FS,C,005786,2010-12-31,HUNTINGTON BANCSHARES,HBAN,www.huntington.com
A,USD,STD,INDL,C,005786,2010-12-31,HUNTINGTON BANCSHARES,HBAN,www.huntington.com
A,USD,STD,FS,C,005786,2011-12-31,HUNTINGTON BANCSHARES,HBAN,www.huntington.com
A,USD,STD,INDL,C,005786,2011-12-31,HUNTINGTON BANCSHARES,HBAN,www.huntington.com
A,USD,STD,FS,C,005786,2012-12-31,HUNTINGTON BANCSHARES,HBAN,www.huntington.com
A,USD,STD,INDL,C,005786,2012-12-31,HUNTINGTON BANCSHARES,HBAN,www.huntington.com
A,USD,STD,FS,C,005786,2013-12-31,HUNTINGTON BANCSHARES,HBAN,www.huntington.com
A,USD,STD,INDL,C,005786,2013-12-31,HUNTINGTON BANCSHARES,HBAN,www.huntington.com
A,USD,STD,FS,C,005786,2014-12-31,HUNTINGTON BANCSHARES,HBAN,www.huntington.com
A,USD,STD,INDL,C,005786,2014-12-31,HUNTINGTON BANCSHARES,HBAN,www.huntington.com
A,USD,STD,FS,C,005786,2015-12-31,HUNTINGTON BANCSHARES,HBAN,www.huntington.com
A,USD,STD,INDL,C,005786,2015-12-31,HUNTINGTON BANCSHARES,HBAN,www.huntington.com
A,USD,STD,FS,C,005786,2016-12-31,HUNTINGTON BANCSHARES,HBAN,www.huntington.com
A,USD,STD,INDL,C,005786,2016-12-31,HUNTINGTON BANCSHARES,HBAN,www.huntington.com
A,USD,STD,FS,C,005786,2017-12-31,HUNTINGTON BANCSHARES,HBAN,www.huntington.com
A,USD,STD,INDL,C,005786,2017-12-31,HUNTINGTON BANCSHARES,HBAN,www.huntington.com
A,USD,STD,FS,C,005786,2018-12-31,HUNTINGTON BANCSHARES,HBAN,www.huntington.com
A,USD,STD,INDL,C,005786,2018-12-31,HUNTINGTON BANCSHARES,HBAN,www.huntington.com
A,USD,STD,FS,C,005786,2019-12-31,HUNTINGTON BANCSHARES,HBAN,www.huntington.com
A,USD,STD,INDL,C,005786,2019-12-31,HUNTINGTON BANCSHARES,HBAN,www.huntington.com
A,USD,STD,FS,C,005786,2020-12-31,HUNTINGTON BANCSHARES,HBAN,www.huntington.com
A,USD,STD,INDL,C,005786,2020-12-31,HUNTINGTON BANCSHARES,HBAN,www.huntington.com
A,USD,STD,FS,C,005786,2021-12-31,HUNTINGTON BANCSHARES,HBAN,www.huntington.com
A,USD,STD,INDL,C,005786,2021-12-31,HUNTINGTON BANCSHARES,HBAN,www.huntington.com
A,USD,STD,FS,C,005786,2022-12-31,HUNTINGTON BANCSHARES,HBAN,www.huntington.com
A,USD,STD,INDL,C,005786,2022-12-31,HUNTINGTON BANCSHARES,HBAN,www.huntington.com
A,USD,STD,FS,C,005786,2023-12-31,HUNTINGTON BANCSHARES,HBAN,www.huntington.com
A,USD,STD,INDL,C,005786,2023-12-31,HUNTINGTON BANCSHARES,HBAN,www.huntington.com
A,USD,STD,FS,C,005786,2024-12-31,HUNTINGTON BANCSHARES,HBAN,www.huntington.com
A,USD,STD,INDL,C,005786,2024-12-31,HUNTINGTON BANCSHARES,HBAN,www.huntington.com
A,USD,STD,FS,C,005786,2025-12-31,HUNTINGTON BANCSHARES,HBAN,www.huntington.com
A,USD,STD,INDL,C,005786,2025-12-31,HUNTINGTON BANCSHARES,HBAN,www.huntington.com
A,USD,STD,INDL,C,005878,2010-12-31,ILLINOIS TOOL WORKS,ITW,www.itw.com
A,USD,STD,INDL,C,005878,2011-12-31,ILLINOIS TOOL WORKS,ITW,www.itw.com
A,USD,STD,INDL,C,005878,2012-12-31,ILLINOIS TOOL WORKS,ITW,www.itw.com
A,USD,STD,INDL,C,005878,2013-12-31,ILLINOIS TOOL WORKS,ITW,www.itw.com
A,USD,STD,INDL,C,005878,2014-12-31,ILLINOIS TOOL WORKS,ITW,www.itw.com
A,USD,STD,INDL,C,005878,2015-12-31,ILLINOIS TOOL WORKS,ITW,www.itw.com
A,USD,STD,INDL,C,005878,2016-12-31,ILLINOIS TOOL WORKS,ITW,www.itw.com
A,USD,STD,INDL,C,005878,2017-12-31,ILLINOIS TOOL WORKS,ITW,www.itw.com
A,USD,STD,INDL,C,005878,2018-12-31,ILLINOIS TOOL WORKS,ITW,www.itw.com
A,USD,STD,INDL,C,005878,2019-12-31,ILLINOIS TOOL WORKS,ITW,www.itw.com
A,USD,STD,INDL,C,005878,2020-12-31,ILLINOIS TOOL WORKS,ITW,www.itw.com
A,USD,STD,INDL,C,005878,2021-12-31,ILLINOIS TOOL WORKS,ITW,www.itw.com
A,USD,STD,INDL,C,005878,2022-12-31,ILLINOIS TOOL WORKS,ITW,www.itw.com
A,USD,STD,INDL,C,005878,2023-12-31,ILLINOIS TOOL WORKS,ITW,www.itw.com
A,USD,STD,INDL,C,005878,2024-12-31,ILLINOIS TOOL WORKS,ITW,www.itw.com
A,USD,STD,INDL,C,005878,2025-12-31,ILLINOIS TOOL WORKS,ITW,www.itw.com
A,USD,STD,INDL,C,005959,2010-12-31,TRANE TECHNOLOGIES PLC,TT,www.tranetechnologies.com
A,USD,STD,INDL,C,005959,2011-12-31,TRANE TECHNOLOGIES PLC,TT,www.tranetechnologies.com
A,USD,STD,INDL,C,005959,2012-12-31,TRANE TECHNOLOGIES PLC,TT,www.tranetechnologies.com
A,USD,STD,INDL,C,005959,2013-12-31,TRANE TECHNOLOGIES PLC,TT,www.tranetechnologies.com
A,USD,STD,INDL,C,005959,2014-12-31,TRANE TECHNOLOGIES PLC,TT,www.tranetechnologies.com
A,USD,STD,INDL,C,005959,2015-12-31,TRANE TECHNOLOGIES PLC,TT,www.tranetechnologies.com
A,USD,STD,INDL,C,005959,2016-12-31,TRANE TECHNOLOGIES PLC,TT,www.tranetechnologies.com
A,USD,STD,INDL,C,005959,2017-12-31,TRANE TECHNOLOGIES PLC,TT,www.tranetechnologies.com
A,USD,STD,INDL,C,005959,2018-12-31,TRANE TECHNOLOGIES PLC,TT,www.tranetechnologies.com
A,USD,STD,INDL,C,005959,2019-12-31,TRANE TECHNOLOGIES PLC,TT,www.tranetechnologies.com
A,USD,STD,INDL,C,005959,2020-12-31,TRANE TECHNOLOGIES PLC,TT,www.tranetechnologies.com
A,USD,STD,INDL,C,005959,2021-12-31,TRANE TECHNOLOGIES PLC,TT,www.tranetechnologies.com
A,USD,STD,INDL,C,005959,2022-12-31,TRANE TECHNOLOGIES PLC,TT,www.tranetechnologies.com
A,USD,STD,INDL,C,005959,2023-12-31,TRANE TECHNOLOGIES PLC,TT,www.tranetechnologies.com
A,USD,STD,INDL,C,005959,2024-12-31,TRANE TECHNOLOGIES PLC,TT,www.tranetechnologies.com
A,USD,STD,INDL,C,005959,2025-12-31,TRANE TECHNOLOGIES PLC,TT,www.tranetechnologies.com
A,USD,STD,INDL,C,006008,2010-12-31,INTEL CORP,INTC,www.intel.com
A,USD,STD,INDL,C,006008,2011-12-31,INTEL CORP,INTC,www.intel.com
A,USD,STD,INDL,C,006008,2012-12-31,INTEL CORP,INTC,www.intel.com
A,USD,STD,INDL,C,006008,2013-12-31,INTEL CORP,INTC,www.intel.com
A,USD,STD,INDL,C,006008,2014-12-31,INTEL CORP,INTC,www.intel.com
A,USD,STD,INDL,C,006008,2015-12-31,INTEL CORP,INTC,www.intel.com
A,USD,STD,INDL,C,006008,2016-12-31,INTEL CORP,INTC,www.intel.com
A,USD,STD,INDL,C,006008,2017-12-31,INTEL CORP,INTC,www.intel.com
A,USD,STD,INDL,C,006008,2018-12-31,INTEL CORP,INTC,www.intel.com
A,USD,STD,INDL,C,006008,2019-12-31,INTEL CORP,INTC,www.intel.com
A,USD,STD,INDL,C,006008,2020-12-31,INTEL CORP,INTC,www.intel.com
A,USD,STD,INDL,C,006008,2021-12-31,INTEL CORP,INTC,www.intel.com
A,USD,STD,INDL,C,006008,2022-12-31,INTEL CORP,INTC,www.intel.com
A,USD,STD,INDL,C,006008,2023-12-31,INTEL CORP,INTC,www.intel.com
A,USD,STD,INDL,C,006008,2024-12-31,INTEL CORP,INTC,www.intel.com
A,USD,STD,INDL,C,006008,2025-12-31,INTEL CORP,INTC,www.intel.com
A,USD,STD,INDL,C,006066,2010-12-31,INTL BUSINESS MACHINES CORP,IBM,www.ibm.com
A,USD,STD,INDL,C,006066,2011-12-31,INTL BUSINESS MACHINES CORP,IBM,www.ibm.com
A,USD,STD,INDL,C,006066,2012-12-31,INTL BUSINESS MACHINES CORP,IBM,www.ibm.com
A,USD,STD,INDL,C,006066,2013-12-31,INTL BUSINESS MACHINES CORP,IBM,www.ibm.com
A,USD,STD,INDL,C,006066,2014-12-31,INTL BUSINESS MACHINES CORP,IBM,www.ibm.com
A,USD,STD,INDL,C,006066,2015-12-31,INTL BUSINESS MACHINES CORP,IBM,www.ibm.com
A,USD,STD,INDL,C,006066,2016-12-31,INTL BUSINESS MACHINES CORP,IBM,www.ibm.com
A,USD,STD,INDL,C,006066,2017-12-31,INTL BUSINESS MACHINES CORP,IBM,www.ibm.com
A,USD,STD,INDL,C,006066,2018-12-31,INTL BUSINESS MACHINES CORP,IBM,www.ibm.com
A,USD,STD,INDL,C,006066,2019-12-31,INTL BUSINESS MACHINES CORP,IBM,www.ibm.com
A,USD,STD,INDL,C,006066,2020-12-31,INTL BUSINESS MACHINES CORP,IBM,www.ibm.com
A,USD,STD,INDL,C,006066,2021-12-31,INTL BUSINESS MACHINES CORP,IBM,www.ibm.com
A,USD,STD,INDL,C,006066,2022-12-31,INTL BUSINESS MACHINES CORP,IBM,www.ibm.com
A,USD,STD,INDL,C,006066,2023-12-31,INTL BUSINESS MACHINES CORP,IBM,www.ibm.com
A,USD,STD,INDL,C,006066,2024-12-31,INTL BUSINESS MACHINES CORP,IBM,www.ibm.com
A,USD,STD,INDL,C,006066,2025-12-31,INTL BUSINESS MACHINES CORP,IBM,www.ibm.com
A,USD,STD,INDL,C,006078,2010-12-31,INTL FLAVORS & FRAGRANCES,IFF,www.iff.com
A,USD,STD,INDL,C,006078,2011-12-31,INTL FLAVORS & FRAGRANCES,IFF,www.iff.com
A,USD,STD,INDL,C,006078,2012-12-31,INTL FLAVORS & FRAGRANCES,IFF,www.iff.com
A,USD,STD,INDL,C,006078,2013-12-31,INTL FLAVORS & FRAGRANCES,IFF,www.iff.com
A,USD,STD,INDL,C,006078,2014-12-31,INTL FLAVORS & FRAGRANCES,IFF,www.iff.com
A,USD,STD,INDL,C,006078,2015-12-31,INTL FLAVORS & FRAGRANCES,IFF,www.iff.com
A,USD,STD,INDL,C,006078,2016-12-31,INTL FLAVORS & FRAGRANCES,IFF,www.iff.com
A,USD,STD,INDL,C,006078,2017-12-31,INTL FLAVORS & FRAGRANCES,IFF,www.iff.com
A,USD,STD,INDL,C,006078,2018-12-31,INTL FLAVORS & FRAGRANCES,IFF,www.iff.com
A,USD,STD,INDL,C,006078,2019-12-31,INTL FLAVORS & FRAGRANCES,IFF,www.iff.com
A,USD,STD,INDL,C,006078,2020-12-31,INTL FLAVORS & FRAGRANCES,IFF,www.iff.com
A,USD,STD,INDL,C,006078,2021-12-31,INTL FLAVORS & FRAGRANCES,IFF,www.iff.com
A,USD,STD,INDL,C,006078,2022-12-31,INTL FLAVORS & FRAGRANCES,IFF,www.iff.com
A,USD,STD,INDL,C,006078,2023-12-31,INTL FLAVORS & FRAGRANCES,IFF,www.iff.com
A,USD,STD,INDL,C,006078,2024-12-31,INTL FLAVORS & FRAGRANCES,IFF,www.iff.com
A,USD,STD,INDL,C,006078,2025-12-31,INTL FLAVORS & FRAGRANCES,IFF,www.iff.com
A,USD,STD,INDL,C,006104,2010-12-31,INTL PAPER CO,IP,www.internationalpaper.com
A,USD,STD,INDL,C,006104,2011-12-31,INTL PAPER CO,IP,www.internationalpaper.com
A,USD,STD,INDL,C,006104,2012-12-31,INTL PAPER CO,IP,www.internationalpaper.com
A,USD,STD,INDL,C,006104,2013-12-31,INTL PAPER CO,IP,www.internationalpaper.com
A,USD,STD,INDL,C,006104,2014-12-31,INTL PAPER CO,IP,www.internationalpaper.com
A,USD,STD,INDL,C,006104,2015-12-31,INTL PAPER CO,IP,www.internationalpaper.com
A,USD,STD,INDL,C,006104,2016-12-31,INTL PAPER CO,IP,www.internationalpaper.com
A,USD,STD,INDL,C,006104,2017-12-31,INTL PAPER CO,IP,www.internationalpaper.com
A,USD,STD,INDL,C,006104,2018-12-31,INTL PAPER CO,IP,www.internationalpaper.com
A,USD,STD,INDL,C,006104,2019-12-31,INTL PAPER CO,IP,www.internationalpaper.com
A,USD,STD,INDL,C,006104,2020-12-31,INTL PAPER CO,IP,www.internationalpaper.com
A,USD,STD,INDL,C,006104,2021-12-31,INTL PAPER CO,IP,www.internationalpaper.com
A,USD,STD,INDL,C,006104,2022-12-31,INTL PAPER CO,IP,www.internationalpaper.com
A,USD,STD,INDL,C,006104,2023-12-31,INTL PAPER CO,IP,www.internationalpaper.com
A,USD,STD,INDL,C,006104,2024-12-31,INTL PAPER CO,IP,www.internationalpaper.com
A,USD,STD,INDL,C,006104,2025-12-31,INTL PAPER CO,IP,www.internationalpaper.com
A,USD,STD,INDL,C,006216,2010-09-30,JACOBS SOLUTIONS INC,J,www.jacobs.com
A,USD,STD,INDL,C,006216,2011-09-30,JACOBS SOLUTIONS INC,J,www.jacobs.com
A,USD,STD,INDL,C,006216,2012-09-30,JACOBS SOLUTIONS INC,J,www.jacobs.com
A,USD,STD,INDL,C,006216,2013-09-30,JACOBS SOLUTIONS INC,J,www.jacobs.com
A,USD,STD,INDL,C,006216,2014-09-30,JACOBS SOLUTIONS INC,J,www.jacobs.com
A,USD,STD,INDL,C,006216,2015-09-30,JACOBS SOLUTIONS INC,J,www.jacobs.com
A,USD,STD,INDL,C,006216,2016-09-30,JACOBS SOLUTIONS INC,J,www.jacobs.com
A,USD,STD,INDL,C,006216,2017-09-30,JACOBS SOLUTIONS INC,J,www.jacobs.com
A,USD,STD,INDL,C,006216,2018-09-30,JACOBS SOLUTIONS INC,J,www.jacobs.com
A,USD,STD,INDL,C,006216,2019-09-30,JACOBS SOLUTIONS INC,J,www.jacobs.com
A,USD,STD,INDL,C,006216,2020-09-30,JACOBS SOLUTIONS INC,J,www.jacobs.com
A,USD,STD,INDL,C,006216,2021-09-30,JACOBS SOLUTIONS INC,J,www.jacobs.com
A,USD,STD,INDL,C,006216,2022-09-30,JACOBS SOLUTIONS INC,J,www.jacobs.com
A,USD,STD,INDL,C,006216,2023-09-30,JACOBS SOLUTIONS INC,J,www.jacobs.com
A,USD,STD,INDL,C,006216,2024-09-30,JACOBS SOLUTIONS INC,J,www.jacobs.com
A,USD,STD,INDL,C,006216,2025-09-30,JACOBS SOLUTIONS INC,J,www.jacobs.com
A,USD,STD,INDL,C,006223,2010-12-31,EMCOR GROUP INC,EME,emcorgroup.com
A,USD,STD,INDL,C,006223,2011-12-31,EMCOR GROUP INC,EME,emcorgroup.com
A,USD,STD,INDL,C,006223,2012-12-31,EMCOR GROUP INC,EME,emcorgroup.com
A,USD,STD,INDL,C,006223,2013-12-31,EMCOR GROUP INC,EME,emcorgroup.com
A,USD,STD,INDL,C,006223,2014-12-31,EMCOR GROUP INC,EME,emcorgroup.com
A,USD,STD,INDL,C,006223,2015-12-31,EMCOR GROUP INC,EME,emcorgroup.com
A,USD,STD,INDL,C,006223,2016-12-31,EMCOR GROUP INC,EME,emcorgroup.com
A,USD,STD,INDL,C,006223,2017-12-31,EMCOR GROUP INC,EME,emcorgroup.com
A,USD,STD,INDL,C,006223,2018-12-31,EMCOR GROUP INC,EME,emcorgroup.com
A,USD,STD,INDL,C,006223,2019-12-31,EMCOR GROUP INC,EME,emcorgroup.com
A,USD,STD,INDL,C,006223,2020-12-31,EMCOR GROUP INC,EME,emcorgroup.com
A,USD,STD,INDL,C,006223,2021-12-31,EMCOR GROUP INC,EME,emcorgroup.com
A,USD,STD,INDL,C,006223,2022-12-31,EMCOR GROUP INC,EME,emcorgroup.com
A,USD,STD,INDL,C,006223,2023-12-31,EMCOR GROUP INC,EME,emcorgroup.com
A,USD,STD,INDL,C,006223,2024-12-31,EMCOR GROUP INC,EME,emcorgroup.com
A,USD,STD,INDL,C,006223,2025-12-31,EMCOR GROUP INC,EME,emcorgroup.com
A,USD,STD,INDL,C,006266,2010-12-31,JOHNSON & JOHNSON,JNJ,www.jnj.com
A,USD,STD,INDL,C,006266,2011-12-31,JOHNSON & JOHNSON,JNJ,www.jnj.com
A,USD,STD,INDL,C,006266,2012-12-31,JOHNSON & JOHNSON,JNJ,www.jnj.com
A,USD,STD,INDL,C,006266,2013-12-31,JOHNSON & JOHNSON,JNJ,www.jnj.com
A,USD,STD,INDL,C,006266,2014-12-31,JOHNSON & JOHNSON,JNJ,www.jnj.com
A,USD,STD,INDL,C,006266,2015-12-31,JOHNSON & JOHNSON,JNJ,www.jnj.com
A,USD,STD,INDL,C,006266,2016-12-31,JOHNSON & JOHNSON,JNJ,www.jnj.com
A,USD,STD,INDL,C,006266,2017-12-31,JOHNSON & JOHNSON,JNJ,www.jnj.com
A,USD,STD,INDL,C,006266,2018-12-31,JOHNSON & JOHNSON,JNJ,www.jnj.com
A,USD,STD,INDL,C,006266,2019-12-31,JOHNSON & JOHNSON,JNJ,www.jnj.com
A,USD,STD,INDL,C,006266,2020-12-31,JOHNSON & JOHNSON,JNJ,www.jnj.com
A,USD,STD,INDL,C,006266,2021-12-31,JOHNSON & JOHNSON,JNJ,www.jnj.com
A,USD,STD,INDL,C,006266,2022-12-31,JOHNSON & JOHNSON,JNJ,www.jnj.com
A,USD,STD,INDL,C,006266,2023-12-31,JOHNSON & JOHNSON,JNJ,www.jnj.com
A,USD,STD,INDL,C,006266,2024-12-31,JOHNSON & JOHNSON,JNJ,www.jnj.com
A,USD,STD,INDL,C,006266,2025-12-31,JOHNSON & JOHNSON,JNJ,www.jnj.com
A,USD,STD,INDL,C,006268,2010-09-30,JOHNSON CONTROLS INTL PLC,JCI,www.johnsoncontrols.com
A,USD,STD,INDL,C,006268,2011-09-30,JOHNSON CONTROLS INTL PLC,JCI,www.johnsoncontrols.com
A,USD,STD,INDL,C,006268,2012-09-30,JOHNSON CONTROLS INTL PLC,JCI,www.johnsoncontrols.com
A,USD,STD,INDL,C,006268,2013-09-30,JOHNSON CONTROLS INTL PLC,JCI,www.johnsoncontrols.com
A,USD,STD,INDL,C,006268,2014-09-30,JOHNSON CONTROLS INTL PLC,JCI,www.johnsoncontrols.com
A,USD,STD,INDL,C,006268,2015-09-30,JOHNSON CONTROLS INTL PLC,JCI,www.johnsoncontrols.com
A,USD,STD,INDL,C,006268,2016-09-30,JOHNSON CONTROLS INTL PLC,JCI,www.johnsoncontrols.com
A,USD,STD,INDL,C,006268,2017-09-30,JOHNSON CONTROLS INTL PLC,JCI,www.johnsoncontrols.com
A,USD,STD,INDL,C,006268,2018-09-30,JOHNSON CONTROLS INTL PLC,JCI,www.johnsoncontrols.com
A,USD,STD,INDL,C,006268,2019-09-30,JOHNSON CONTROLS INTL PLC,JCI,www.johnsoncontrols.com
A,USD,STD,INDL,C,006268,2020-09-30,JOHNSON CONTROLS INTL PLC,JCI,www.johnsoncontrols.com
A,USD,STD,INDL,C,006268,2021-09-30,JOHNSON CONTROLS INTL PLC,JCI,www.johnsoncontrols.com
A,USD,STD,INDL,C,006268,2022-09-30,JOHNSON CONTROLS INTL PLC,JCI,www.johnsoncontrols.com
A,USD,STD,INDL,C,006268,2023-09-30,JOHNSON CONTROLS INTL PLC,JCI,www.johnsoncontrols.com
A,USD,STD,INDL,C,006268,2024-09-30,JOHNSON CONTROLS INTL PLC,JCI,www.johnsoncontrols.com
A,USD,STD,INDL,C,006268,2025-09-30,JOHNSON CONTROLS INTL PLC,JCI,www.johnsoncontrols.com
A,USD,STD,INDL,C,006304,2010-06-30,KLA CORP,KLAC,www.kla.com
A,USD,STD,INDL,C,006304,2011-06-30,KLA CORP,KLAC,www.kla.com
A,USD,STD,INDL,C,006304,2012-06-30,KLA CORP,KLAC,www.kla.com
A,USD,STD,INDL,C,006304,2013-06-30,KLA CORP,KLAC,www.kla.com
A,USD,STD,INDL,C,006304,2014-06-30,KLA CORP,KLAC,www.kla.com
A,USD,STD,INDL,C,006304,2015-06-30,KLA CORP,KLAC,www.kla.com
A,USD,STD,INDL,C,006304,2016-06-30,KLA CORP,KLAC,www.kla.com
A,USD,STD,INDL,C,006304,2017-06-30,KLA CORP,KLAC,www.kla.com
A,USD,STD,INDL,C,006304,2018-06-30,KLA CORP,KLAC,www.kla.com
A,USD,STD,INDL,C,006304,2019-06-30,KLA CORP,KLAC,www.kla.com
A,USD,STD,INDL,C,006304,2020-06-30,KLA CORP,KLAC,www.kla.com
A,USD,STD,INDL,C,006304,2021-06-30,KLA CORP,KLAC,www.kla.com
A,USD,STD,INDL,C,006304,2022-06-30,KLA CORP,KLAC,www.kla.com
A,USD,STD,INDL,C,006304,2023-06-30,KLA CORP,KLAC,www.kla.com
A,USD,STD,INDL,C,006304,2024-06-30,KLA CORP,KLAC,www.kla.com
A,USD,STD,INDL,C,006304,2025-06-30,KLA CORP,KLAC,www.kla.com
A,USD,STD,INDL,C,006310,2010-12-31,KINDER MORGAN INC,KMI,www.kindermorgan.com
A,USD,STD,INDL,C,006310,2011-12-31,KINDER MORGAN INC,KMI,www.kindermorgan.com
A,USD,STD,INDL,C,006310,2012-12-31,KINDER MORGAN INC,KMI,www.kindermorgan.com
A,USD,STD,INDL,C,006310,2013-12-31,KINDER MORGAN INC,KMI,www.kindermorgan.com
A,USD,STD,INDL,C,006310,2014-12-31,KINDER MORGAN INC,KMI,www.kindermorgan.com
A,USD,STD,INDL,C,006310,2015-12-31,KINDER MORGAN INC,KMI,www.kindermorgan.com
A,USD,STD,INDL,C,006310,2016-12-31,KINDER MORGAN INC,KMI,www.kindermorgan.com
A,USD,STD,INDL,C,006310,2017-12-31,KINDER MORGAN INC,KMI,www.kindermorgan.com
A,USD,STD,INDL,C,006310,2018-12-31,KINDER MORGAN INC,KMI,www.kindermorgan.com
A,USD,STD,INDL,C,006310,2019-12-31,KINDER MORGAN INC,KMI,www.kindermorgan.com
A,USD,STD,INDL,C,006310,2020-12-31,KINDER MORGAN INC,KMI,www.kindermorgan.com
A,USD,STD,INDL,C,006310,2021-12-31,KINDER MORGAN INC,KMI,www.kindermorgan.com
A,USD,STD,INDL,C,006310,2022-12-31,KINDER MORGAN INC,KMI,www.kindermorgan.com
A,USD,STD,INDL,C,006310,2023-12-31,KINDER MORGAN INC,KMI,www.kindermorgan.com
A,USD,STD,INDL,C,006310,2024-12-31,KINDER MORGAN INC,KMI,www.kindermorgan.com
A,USD,STD,INDL,C,006310,2025-12-31,KINDER MORGAN INC,KMI,www.kindermorgan.com
A,USD,STD,INDL,C,006338,2010-12-31,EVERGY INC,EVRG,investors.evergy.com
A,USD,STD,INDL,C,006338,2011-12-31,EVERGY INC,EVRG,investors.evergy.com
A,USD,STD,INDL,C,006338,2012-12-31,EVERGY INC,EVRG,investors.evergy.com
A,USD,STD,INDL,C,006338,2013-12-31,EVERGY INC,EVRG,investors.evergy.com
A,USD,STD,INDL,C,006338,2014-12-31,EVERGY INC,EVRG,investors.evergy.com
A,USD,STD,INDL,C,006338,2015-12-31,EVERGY INC,EVRG,investors.evergy.com
A,USD,STD,INDL,C,006338,2016-12-31,EVERGY INC,EVRG,investors.evergy.com
A,USD,STD,INDL,C,006338,2017-12-31,EVERGY INC,EVRG,investors.evergy.com
A,USD,STD,INDL,C,006338,2018-12-31,EVERGY INC,EVRG,investors.evergy.com
A,USD,STD,INDL,C,006338,2019-12-31,EVERGY INC,EVRG,investors.evergy.com
A,USD,STD,INDL,C,006338,2020-12-31,EVERGY INC,EVRG,investors.evergy.com
A,USD,STD,INDL,C,006338,2021-12-31,EVERGY INC,EVRG,investors.evergy.com
A,USD,STD,INDL,C,006338,2022-12-31,EVERGY INC,EVRG,investors.evergy.com
A,USD,STD,INDL,C,006338,2023-12-31,EVERGY INC,EVRG,investors.evergy.com
A,USD,STD,INDL,C,006338,2024-12-31,EVERGY INC,EVRG,investors.evergy.com
A,USD,STD,INDL,C,006338,2025-12-31,EVERGY INC,EVRG,investors.evergy.com
A,USD,STD,INDL,C,006435,2010-12-31,KIMBERLY-CLARK CORP,KMB,www.kimberly-clark.com
A,USD,STD,INDL,C,006435,2011-12-31,KIMBERLY-CLARK CORP,KMB,www.kimberly-clark.com
A,USD,STD,INDL,C,006435,2012-12-31,KIMBERLY-CLARK CORP,KMB,www.kimberly-clark.com
A,USD,STD,INDL,C,006435,2013-12-31,KIMBERLY-CLARK CORP,KMB,www.kimberly-clark.com
A,USD,STD,INDL,C,006435,2014-12-31,KIMBERLY-CLARK CORP,KMB,www.kimberly-clark.com
A,USD,STD,INDL,C,006435,2015-12-31,KIMBERLY-CLARK CORP,KMB,www.kimberly-clark.com
A,USD,STD,INDL,C,006435,2016-12-31,KIMBERLY-CLARK CORP,KMB,www.kimberly-clark.com
A,USD,STD,INDL,C,006435,2017-12-31,KIMBERLY-CLARK CORP,KMB,www.kimberly-clark.com
A,USD,STD,INDL,C,006435,2018-12-31,KIMBERLY-CLARK CORP,KMB,www.kimberly-clark.com
A,USD,STD,INDL,C,006435,2019-12-31,KIMBERLY-CLARK CORP,KMB,www.kimberly-clark.com
A,USD,STD,INDL,C,006435,2020-12-31,KIMBERLY-CLARK CORP,KMB,www.kimberly-clark.com
A,USD,STD,INDL,C,006435,2021-12-31,KIMBERLY-CLARK CORP,KMB,www.kimberly-clark.com
A,USD,STD,INDL,C,006435,2022-12-31,KIMBERLY-CLARK CORP,KMB,www.kimberly-clark.com
A,USD,STD,INDL,C,006435,2023-12-31,KIMBERLY-CLARK CORP,KMB,www.kimberly-clark.com
A,USD,STD,INDL,C,006435,2024-12-31,KIMBERLY-CLARK CORP,KMB,www.kimberly-clark.com
A,USD,STD,INDL,C,006435,2025-12-31,KIMBERLY-CLARK CORP,KMB,www.kimberly-clark.com
A,USD,STD,INDL,C,006502,2010-01-31,KROGER CO,KR,www.thekrogerco.com
A,USD,STD,INDL,C,006502,2011-01-31,KROGER CO,KR,www.thekrogerco.com
A,USD,STD,INDL,C,006502,2012-01-31,KROGER CO,KR,www.thekrogerco.com
A,USD,STD,INDL,C,006502,2013-01-31,KROGER CO,KR,www.thekrogerco.com
A,USD,STD,INDL,C,006502,2014-01-31,KROGER CO,KR,www.thekrogerco.com
A,USD,STD,INDL,C,006502,2015-01-31,KROGER CO,KR,www.thekrogerco.com
A,USD,STD,INDL,C,006502,2016-01-31,KROGER CO,KR,www.thekrogerco.com
A,USD,STD,INDL,C,006502,2017-01-31,KROGER CO,KR,www.thekrogerco.com
A,USD,STD,INDL,C,006502,2018-01-31,KROGER CO,KR,www.thekrogerco.com
A,USD,STD,INDL,C,006502,2019-01-31,KROGER CO,KR,www.thekrogerco.com
A,USD,STD,INDL,C,006502,2020-01-31,KROGER CO,KR,www.thekrogerco.com
A,USD,STD,INDL,C,006502,2021-01-31,KROGER CO,KR,www.thekrogerco.com
A,USD,STD,INDL,C,006502,2022-01-31,KROGER CO,KR,www.thekrogerco.com
A,USD,STD,INDL,C,006502,2023-01-31,KROGER CO,KR,www.thekrogerco.com
A,USD,STD,INDL,C,006502,2024-01-31,KROGER CO,KR,www.thekrogerco.com
A,USD,STD,INDL,C,006502,2025-01-31,KROGER CO,KR,www.thekrogerco.com
A,USD,STD,INDL,C,006502,2026-01-31,KROGER CO,KR,www.thekrogerco.com
A,USD,STD,INDL,C,006565,2010-06-30,LAM RESEARCH CORP,LRCX,www.lamresearch.com
A,USD,STD,INDL,C,006565,2011-06-30,LAM RESEARCH CORP,LRCX,www.lamresearch.com
A,USD,STD,INDL,C,006565,2012-06-30,LAM RESEARCH CORP,LRCX,www.lamresearch.com
A,USD,STD,INDL,C,006565,2013-06-30,LAM RESEARCH CORP,LRCX,www.lamresearch.com
A,USD,STD,INDL,C,006565,2014-06-30,LAM RESEARCH CORP,LRCX,www.lamresearch.com
A,USD,STD,INDL,C,006565,2015-06-30,LAM RESEARCH CORP,LRCX,www.lamresearch.com
A,USD,STD,INDL,C,006565,2016-06-30,LAM RESEARCH CORP,LRCX,www.lamresearch.com
A,USD,STD,INDL,C,006565,2017-06-30,LAM RESEARCH CORP,LRCX,www.lamresearch.com
A,USD,STD,INDL,C,006565,2018-06-30,LAM RESEARCH CORP,LRCX,www.lamresearch.com
A,USD,STD,INDL,C,006565,2019-06-30,LAM RESEARCH CORP,LRCX,www.lamresearch.com
A,USD,STD,INDL,C,006565,2020-06-30,LAM RESEARCH CORP,LRCX,www.lamresearch.com
A,USD,STD,INDL,C,006565,2021-06-30,LAM RESEARCH CORP,LRCX,www.lamresearch.com
A,USD,STD,INDL,C,006565,2022-06-30,LAM RESEARCH CORP,LRCX,www.lamresearch.com
A,USD,STD,INDL,C,006565,2023-06-30,LAM RESEARCH CORP,LRCX,www.lamresearch.com
A,USD,STD,INDL,C,006565,2024-06-30,LAM RESEARCH CORP,LRCX,www.lamresearch.com
A,USD,STD,INDL,C,006565,2025-06-30,LAM RESEARCH CORP,LRCX,www.lamresearch.com
A,USD,STD,INDL,C,006669,2010-11-30,LENNAR CORP,LEN,www.lennar.com
A,USD,STD,INDL,C,006669,2011-11-30,LENNAR CORP,LEN,www.lennar.com
A,USD,STD,INDL,C,006669,2012-11-30,LENNAR CORP,LEN,www.lennar.com
A,USD,STD,INDL,C,006669,2013-11-30,LENNAR CORP,LEN,www.lennar.com
A,USD,STD,INDL,C,006669,2014-11-30,LENNAR CORP,LEN,www.lennar.com
A,USD,STD,INDL,C,006669,2015-11-30,LENNAR CORP,LEN,www.lennar.com
A,USD,STD,INDL,C,006669,2016-11-30,LENNAR CORP,LEN,www.lennar.com
A,USD,STD,INDL,C,006669,2017-11-30,LENNAR CORP,LEN,www.lennar.com
A,USD,STD,INDL,C,006669,2018-11-30,LENNAR CORP,LEN,www.lennar.com
A,USD,STD,INDL,C,006669,2019-11-30,LENNAR CORP,LEN,www.lennar.com
A,USD,STD,INDL,C,006669,2020-11-30,LENNAR CORP,LEN,www.lennar.com
A,USD,STD,INDL,C,006669,2021-11-30,LENNAR CORP,LEN,www.lennar.com
A,USD,STD,INDL,C,006669,2022-11-30,LENNAR CORP,LEN,www.lennar.com
A,USD,STD,INDL,C,006669,2023-11-30,LENNAR CORP,LEN,www.lennar.com
A,USD,STD,INDL,C,006669,2024-11-30,LENNAR CORP,LEN,www.lennar.com
A,USD,STD,INDL,C,006669,2025-11-30,LENNAR CORP,LEN,www.lennar.com
A,USD,STD,INDL,C,006730,2010-12-31,LILLY (ELI) & CO,LLY,www.lilly.com
A,USD,STD,INDL,C,006730,2011-12-31,LILLY (ELI) & CO,LLY,www.lilly.com
A,USD,STD,INDL,C,006730,2012-12-31,LILLY (ELI) & CO,LLY,www.lilly.com
A,USD,STD,INDL,C,006730,2013-12-31,LILLY (ELI) & CO,LLY,www.lilly.com
A,USD,STD,INDL,C,006730,2014-12-31,LILLY (ELI) & CO,LLY,www.lilly.com
A,USD,STD,INDL,C,006730,2015-12-31,LILLY (ELI) & CO,LLY,www.lilly.com
A,USD,STD,INDL,C,006730,2016-12-31,LILLY (ELI) & CO,LLY,www.lilly.com
A,USD,STD,INDL,C,006730,2017-12-31,LILLY (ELI) & CO,LLY,www.lilly.com
A,USD,STD,INDL,C,006730,2018-12-31,LILLY (ELI) & CO,LLY,www.lilly.com
A,USD,STD,INDL,C,006730,2019-12-31,LILLY (ELI) & CO,LLY,www.lilly.com
A,USD,STD,INDL,C,006730,2020-12-31,LILLY (ELI) & CO,LLY,www.lilly.com
A,USD,STD,INDL,C,006730,2021-12-31,LILLY (ELI) & CO,LLY,www.lilly.com
A,USD,STD,INDL,C,006730,2022-12-31,LILLY (ELI) & CO,LLY,www.lilly.com
A,USD,STD,INDL,C,006730,2023-12-31,LILLY (ELI) & CO,LLY,www.lilly.com
A,USD,STD,INDL,C,006730,2024-12-31,LILLY (ELI) & CO,LLY,www.lilly.com
A,USD,STD,INDL,C,006730,2025-12-31,LILLY (ELI) & CO,LLY,www.lilly.com
A,USD,STD,INDL,C,006774,2010-12-31,LOCKHEED MARTIN CORP,LMT,www.lockheedmartin.com
A,USD,STD,INDL,C,006774,2011-12-31,LOCKHEED MARTIN CORP,LMT,www.lockheedmartin.com
A,USD,STD,INDL,C,006774,2012-12-31,LOCKHEED MARTIN CORP,LMT,www.lockheedmartin.com
A,USD,STD,INDL,C,006774,2013-12-31,LOCKHEED MARTIN CORP,LMT,www.lockheedmartin.com
A,USD,STD,INDL,C,006774,2014-12-31,LOCKHEED MARTIN CORP,LMT,www.lockheedmartin.com
A,USD,STD,INDL,C,006774,2015-12-31,LOCKHEED MARTIN CORP,LMT,www.lockheedmartin.com
A,USD,STD,INDL,C,006774,2016-12-31,LOCKHEED MARTIN CORP,LMT,www.lockheedmartin.com
A,USD,STD,INDL,C,006774,2017-12-31,LOCKHEED MARTIN CORP,LMT,www.lockheedmartin.com
A,USD,STD,INDL,C,006774,2018-12-31,LOCKHEED MARTIN CORP,LMT,www.lockheedmartin.com
A,USD,STD,INDL,C,006774,2019-12-31,LOCKHEED MARTIN CORP,LMT,www.lockheedmartin.com
A,USD,STD,INDL,C,006774,2020-12-31,LOCKHEED MARTIN CORP,LMT,www.lockheedmartin.com
A,USD,STD,INDL,C,006774,2021-12-31,LOCKHEED MARTIN CORP,LMT,www.lockheedmartin.com
A,USD,STD,INDL,C,006774,2022-12-31,LOCKHEED MARTIN CORP,LMT,www.lockheedmartin.com
A,USD,STD,INDL,C,006774,2023-12-31,LOCKHEED MARTIN CORP,LMT,www.lockheedmartin.com
A,USD,STD,INDL,C,006774,2024-12-31,LOCKHEED MARTIN CORP,LMT,www.lockheedmartin.com
A,USD,STD,INDL,C,006774,2025-12-31,LOCKHEED MARTIN CORP,LMT,www.lockheedmartin.com
A,USD,STD,FS,C,006781,2010-12-31,LOEWS CORP,L,www.loews.com
A,USD,STD,INDL,C,006781,2010-12-31,LOEWS CORP,L,www.loews.com
A,USD,STD,FS,C,006781,2011-12-31,LOEWS CORP,L,www.loews.com
A,USD,STD,INDL,C,006781,2011-12-31,LOEWS CORP,L,www.loews.com
A,USD,STD,FS,C,006781,2012-12-31,LOEWS CORP,L,www.loews.com
A,USD,STD,INDL,C,006781,2012-12-31,LOEWS CORP,L,www.loews.com
A,USD,STD,FS,C,006781,2013-12-31,LOEWS CORP,L,www.loews.com
A,USD,STD,INDL,C,006781,2013-12-31,LOEWS CORP,L,www.loews.com
A,USD,STD,FS,C,006781,2014-12-31,LOEWS CORP,L,www.loews.com
A,USD,STD,INDL,C,006781,2014-12-31,LOEWS CORP,L,www.loews.com
A,USD,STD,FS,C,006781,2015-12-31,LOEWS CORP,L,www.loews.com
A,USD,STD,INDL,C,006781,2015-12-31,LOEWS CORP,L,www.loews.com
A,USD,STD,FS,C,006781,2016-12-31,LOEWS CORP,L,www.loews.com
A,USD,STD,INDL,C,006781,2016-12-31,LOEWS CORP,L,www.loews.com
A,USD,STD,FS,C,006781,2017-12-31,LOEWS CORP,L,www.loews.com
A,USD,STD,INDL,C,006781,2017-12-31,LOEWS CORP,L,www.loews.com
A,USD,STD,FS,C,006781,2018-12-31,LOEWS CORP,L,www.loews.com
A,USD,STD,INDL,C,006781,2018-12-31,LOEWS CORP,L,www.loews.com
A,USD,STD,FS,C,006781,2019-12-31,LOEWS CORP,L,www.loews.com
A,USD,STD,INDL,C,006781,2019-12-31,LOEWS CORP,L,www.loews.com
A,USD,STD,FS,C,006781,2020-12-31,LOEWS CORP,L,www.loews.com
A,USD,STD,INDL,C,006781,2020-12-31,LOEWS CORP,L,www.loews.com
A,USD,STD,FS,C,006781,2021-12-31,LOEWS CORP,L,www.loews.com
A,USD,STD,INDL,C,006781,2021-12-31,LOEWS CORP,L,www.loews.com
A,USD,STD,FS,C,006781,2022-12-31,LOEWS CORP,L,www.loews.com
A,USD,STD,INDL,C,006781,2022-12-31,LOEWS CORP,L,www.loews.com
A,USD,STD,FS,C,006781,2023-12-31,LOEWS CORP,L,www.loews.com
A,USD,STD,INDL,C,006781,2023-12-31,LOEWS CORP,L,www.loews.com
A,USD,STD,FS,C,006781,2024-12-31,LOEWS CORP,L,www.loews.com
A,USD,STD,INDL,C,006781,2024-12-31,LOEWS CORP,L,www.loews.com
A,USD,STD,FS,C,006781,2025-12-31,LOEWS CORP,L,www.loews.com
A,USD,STD,INDL,C,006781,2025-12-31,LOEWS CORP,L,www.loews.com
A,USD,STD,INDL,C,006829,2010-01-31,LOWE'S COS INC,LOW,corporate.lowes.com
A,USD,STD,INDL,C,006829,2011-01-31,LOWE'S COS INC,LOW,corporate.lowes.com
A,USD,STD,INDL,C,006829,2012-01-31,LOWE'S COS INC,LOW,corporate.lowes.com
A,USD,STD,INDL,C,006829,2013-01-31,LOWE'S COS INC,LOW,corporate.lowes.com
A,USD,STD,INDL,C,006829,2014-01-31,LOWE'S COS INC,LOW,corporate.lowes.com
A,USD,STD,INDL,C,006829,2015-01-31,LOWE'S COS INC,LOW,corporate.lowes.com
A,USD,STD,INDL,C,006829,2016-01-31,LOWE'S COS INC,LOW,corporate.lowes.com
A,USD,STD,INDL,C,006829,2017-01-31,LOWE'S COS INC,LOW,corporate.lowes.com
A,USD,STD,INDL,C,006829,2018-01-31,LOWE'S COS INC,LOW,corporate.lowes.com
A,USD,STD,INDL,C,006829,2019-01-31,LOWE'S COS INC,LOW,corporate.lowes.com
A,USD,STD,INDL,C,006829,2020-01-31,LOWE'S COS INC,LOW,corporate.lowes.com
A,USD,STD,INDL,C,006829,2021-01-31,LOWE'S COS INC,LOW,corporate.lowes.com
A,USD,STD,INDL,C,006829,2022-01-31,LOWE'S COS INC,LOW,corporate.lowes.com
A,USD,STD,INDL,C,006829,2023-01-31,LOWE'S COS INC,LOW,corporate.lowes.com
A,USD,STD,INDL,C,006829,2024-01-31,LOWE'S COS INC,LOW,corporate.lowes.com
A,USD,STD,INDL,C,006829,2025-01-31,LOWE'S COS INC,LOW,corporate.lowes.com
A,USD,STD,INDL,C,006829,2026-01-31,LOWE'S COS INC,LOW,corporate.lowes.com
A,USD,STD,FS,C,007063,2010-12-31,HOST HOTELS & RESORTS INC,HST,www.hosthotels.com
A,USD,STD,INDL,C,007063,2010-12-31,HOST HOTELS & RESORTS INC,HST,www.hosthotels.com
A,USD,STD,FS,C,007063,2011-12-31,HOST HOTELS & RESORTS INC,HST,www.hosthotels.com
A,USD,STD,INDL,C,007063,2011-12-31,HOST HOTELS & RESORTS INC,HST,www.hosthotels.com
A,USD,STD,FS,C,007063,2012-12-31,HOST HOTELS & RESORTS INC,HST,www.hosthotels.com
A,USD,STD,INDL,C,007063,2012-12-31,HOST HOTELS & RESORTS INC,HST,www.hosthotels.com
A,USD,STD,FS,C,007063,2013-12-31,HOST HOTELS & RESORTS INC,HST,www.hosthotels.com
A,USD,STD,INDL,C,007063,2013-12-31,HOST HOTELS & RESORTS INC,HST,www.hosthotels.com
A,USD,STD,FS,C,007063,2014-12-31,HOST HOTELS & RESORTS INC,HST,www.hosthotels.com
A,USD,STD,INDL,C,007063,2014-12-31,HOST HOTELS & RESORTS INC,HST,www.hosthotels.com
A,USD,STD,FS,C,007063,2015-12-31,HOST HOTELS & RESORTS INC,HST,www.hosthotels.com
A,USD,STD,INDL,C,007063,2015-12-31,HOST HOTELS & RESORTS INC,HST,www.hosthotels.com
A,USD,STD,FS,C,007063,2016-12-31,HOST HOTELS & RESORTS INC,HST,www.hosthotels.com
A,USD,STD,INDL,C,007063,2016-12-31,HOST HOTELS & RESORTS INC,HST,www.hosthotels.com
A,USD,STD,FS,C,007063,2017-12-31,HOST HOTELS & RESORTS INC,HST,www.hosthotels.com
A,USD,STD,INDL,C,007063,2017-12-31,HOST HOTELS & RESORTS INC,HST,www.hosthotels.com
A,USD,STD,FS,C,007063,2018-12-31,HOST HOTELS & RESORTS INC,HST,www.hosthotels.com
A,USD,STD,INDL,C,007063,2018-12-31,HOST HOTELS & RESORTS INC,HST,www.hosthotels.com
A,USD,STD,FS,C,007063,2019-12-31,HOST HOTELS & RESORTS INC,HST,www.hosthotels.com
A,USD,STD,INDL,C,007063,2019-12-31,HOST HOTELS & RESORTS INC,HST,www.hosthotels.com
A,USD,STD,FS,C,007063,2020-12-31,HOST HOTELS & RESORTS INC,HST,www.hosthotels.com
A,USD,STD,INDL,C,007063,2020-12-31,HOST HOTELS & RESORTS INC,HST,www.hosthotels.com
A,USD,STD,FS,C,007063,2021-12-31,HOST HOTELS & RESORTS INC,HST,www.hosthotels.com
A,USD,STD,INDL,C,007063,2021-12-31,HOST HOTELS & RESORTS INC,HST,www.hosthotels.com
A,USD,STD,FS,C,007063,2022-12-31,HOST HOTELS & RESORTS INC,HST,www.hosthotels.com
A,USD,STD,INDL,C,007063,2022-12-31,HOST HOTELS & RESORTS INC,HST,www.hosthotels.com
A,USD,STD,FS,C,007063,2023-12-31,HOST HOTELS & RESORTS INC,HST,www.hosthotels.com
A,USD,STD,INDL,C,007063,2023-12-31,HOST HOTELS & RESORTS INC,HST,www.hosthotels.com
A,USD,STD,FS,C,007063,2024-12-31,HOST HOTELS & RESORTS INC,HST,www.hosthotels.com
A,USD,STD,INDL,C,007063,2024-12-31,HOST HOTELS & RESORTS INC,HST,www.hosthotels.com
A,USD,STD,FS,C,007063,2025-12-31,HOST HOTELS & RESORTS INC,HST,www.hosthotels.com
A,USD,STD,INDL,C,007063,2025-12-31,HOST HOTELS & RESORTS INC,HST,www.hosthotels.com
A,USD,STD,INDL,C,007065,2010-12-31,MARSH,MRSH,www.corporate.marsh.com
A,USD,STD,INDL,C,007065,2011-12-31,MARSH,MRSH,www.corporate.marsh.com
A,USD,STD,INDL,C,007065,2012-12-31,MARSH,MRSH,www.corporate.marsh.com
A,USD,STD,INDL,C,007065,2013-12-31,MARSH,MRSH,www.corporate.marsh.com
A,USD,STD,INDL,C,007065,2014-12-31,MARSH,MRSH,www.corporate.marsh.com
A,USD,STD,INDL,C,007065,2015-12-31,MARSH,MRSH,www.corporate.marsh.com
A,USD,STD,INDL,C,007065,2016-12-31,MARSH,MRSH,www.corporate.marsh.com
A,USD,STD,INDL,C,007065,2017-12-31,MARSH,MRSH,www.corporate.marsh.com
A,USD,STD,INDL,C,007065,2018-12-31,MARSH,MRSH,www.corporate.marsh.com
A,USD,STD,INDL,C,007065,2019-12-31,MARSH,MRSH,www.corporate.marsh.com
A,USD,STD,INDL,C,007065,2020-12-31,MARSH,MRSH,www.corporate.marsh.com
A,USD,STD,INDL,C,007065,2021-12-31,MARSH,MRSH,www.corporate.marsh.com
A,USD,STD,INDL,C,007065,2022-12-31,MARSH,MRSH,www.corporate.marsh.com
A,USD,STD,INDL,C,007065,2023-12-31,MARSH,MRSH,www.corporate.marsh.com
A,USD,STD,INDL,C,007065,2024-12-31,MARSH,MRSH,www.corporate.marsh.com
A,USD,STD,INDL,C,007065,2025-12-31,MARSH,MRSH,www.corporate.marsh.com
A,USD,STD,INDL,C,007085,2010-12-31,MASCO CORP,MAS,masco.com
A,USD,STD,INDL,C,007085,2011-12-31,MASCO CORP,MAS,masco.com
A,USD,STD,INDL,C,007085,2012-12-31,MASCO CORP,MAS,masco.com
A,USD,STD,INDL,C,007085,2013-12-31,MASCO CORP,MAS,masco.com
A,USD,STD,INDL,C,007085,2014-12-31,MASCO CORP,MAS,masco.com
A,USD,STD,INDL,C,007085,2015-12-31,MASCO CORP,MAS,masco.com
A,USD,STD,INDL,C,007085,2016-12-31,MASCO CORP,MAS,masco.com
A,USD,STD,INDL,C,007085,2017-12-31,MASCO CORP,MAS,masco.com
A,USD,STD,INDL,C,007085,2018-12-31,MASCO CORP,MAS,masco.com
A,USD,STD,INDL,C,007085,2019-12-31,MASCO CORP,MAS,masco.com
A,USD,STD,INDL,C,007085,2020-12-31,MASCO CORP,MAS,masco.com
A,USD,STD,INDL,C,007085,2021-12-31,MASCO CORP,MAS,masco.com
A,USD,STD,INDL,C,007085,2022-12-31,MASCO CORP,MAS,masco.com
A,USD,STD,INDL,C,007085,2023-12-31,MASCO CORP,MAS,masco.com
A,USD,STD,INDL,C,007085,2024-12-31,MASCO CORP,MAS,masco.com
A,USD,STD,INDL,C,007085,2025-12-31,MASCO CORP,MAS,masco.com
A,USD,STD,INDL,C,007146,2010-11-30,MCCORMICK & CO INC,MKC,www.mccormickcorporation.com
A,USD,STD,INDL,C,007146,2011-11-30,MCCORMICK & CO INC,MKC,www.mccormickcorporation.com
A,USD,STD,INDL,C,007146,2012-11-30,MCCORMICK & CO INC,MKC,www.mccormickcorporation.com
A,USD,STD,INDL,C,007146,2013-11-30,MCCORMICK & CO INC,MKC,www.mccormickcorporation.com
A,USD,STD,INDL,C,007146,2014-11-30,MCCORMICK & CO INC,MKC,www.mccormickcorporation.com
A,USD,STD,INDL,C,007146,2015-11-30,MCCORMICK & CO INC,MKC,www.mccormickcorporation.com
A,USD,STD,INDL,C,007146,2016-11-30,MCCORMICK & CO INC,MKC,www.mccormickcorporation.com
A,USD,STD,INDL,C,007146,2017-11-30,MCCORMICK & CO INC,MKC,www.mccormickcorporation.com
A,USD,STD,INDL,C,007146,2018-11-30,MCCORMICK & CO INC,MKC,www.mccormickcorporation.com
A,USD,STD,INDL,C,007146,2019-11-30,MCCORMICK & CO INC,MKC,www.mccormickcorporation.com
A,USD,STD,INDL,C,007146,2020-11-30,MCCORMICK & CO INC,MKC,www.mccormickcorporation.com
A,USD,STD,INDL,C,007146,2021-11-30,MCCORMICK & CO INC,MKC,www.mccormickcorporation.com
A,USD,STD,INDL,C,007146,2022-11-30,MCCORMICK & CO INC,MKC,www.mccormickcorporation.com
A,USD,STD,INDL,C,007146,2023-11-30,MCCORMICK & CO INC,MKC,www.mccormickcorporation.com
A,USD,STD,INDL,C,007146,2024-11-30,MCCORMICK & CO INC,MKC,www.mccormickcorporation.com
A,USD,STD,INDL,C,007146,2025-11-30,MCCORMICK & CO INC,MKC,www.mccormickcorporation.com
A,USD,STD,INDL,C,007154,2010-12-31,MCDONALD'S CORP,MCD,www.mcdonalds.com
A,USD,STD,INDL,C,007154,2011-12-31,MCDONALD'S CORP,MCD,www.mcdonalds.com
A,USD,STD,INDL,C,007154,2012-12-31,MCDONALD'S CORP,MCD,www.mcdonalds.com
A,USD,STD,INDL,C,007154,2013-12-31,MCDONALD'S CORP,MCD,www.mcdonalds.com
A,USD,STD,INDL,C,007154,2014-12-31,MCDONALD'S CORP,MCD,www.mcdonalds.com
A,USD,STD,INDL,C,007154,2015-12-31,MCDONALD'S CORP,MCD,www.mcdonalds.com
A,USD,STD,INDL,C,007154,2016-12-31,MCDONALD'S CORP,MCD,www.mcdonalds.com
A,USD,STD,INDL,C,007154,2017-12-31,MCDONALD'S CORP,MCD,www.mcdonalds.com
A,USD,STD,INDL,C,007154,2018-12-31,MCDONALD'S CORP,MCD,www.mcdonalds.com
A,USD,STD,INDL,C,007154,2019-12-31,MCDONALD'S CORP,MCD,www.mcdonalds.com
A,USD,STD,INDL,C,007154,2020-12-31,MCDONALD'S CORP,MCD,www.mcdonalds.com
A,USD,STD,INDL,C,007154,2021-12-31,MCDONALD'S CORP,MCD,www.mcdonalds.com
A,USD,STD,INDL,C,007154,2022-12-31,MCDONALD'S CORP,MCD,www.mcdonalds.com
A,USD,STD,INDL,C,007154,2023-12-31,MCDONALD'S CORP,MCD,www.mcdonalds.com
A,USD,STD,INDL,C,007154,2024-12-31,MCDONALD'S CORP,MCD,www.mcdonalds.com
A,USD,STD,INDL,C,007154,2025-12-31,MCDONALD'S CORP,MCD,www.mcdonalds.com
A,USD,STD,INDL,C,007163,2010-12-31,S&P GLOBAL INC,SPGI,www.spglobal.com
A,USD,STD,INDL,C,007163,2011-12-31,S&P GLOBAL INC,SPGI,www.spglobal.com
A,USD,STD,INDL,C,007163,2012-12-31,S&P GLOBAL INC,SPGI,www.spglobal.com
A,USD,STD,INDL,C,007163,2013-12-31,S&P GLOBAL INC,SPGI,www.spglobal.com
A,USD,STD,INDL,C,007163,2014-12-31,S&P GLOBAL INC,SPGI,www.spglobal.com
A,USD,STD,INDL,C,007163,2015-12-31,S&P GLOBAL INC,SPGI,www.spglobal.com
A,USD,STD,INDL,C,007163,2016-12-31,S&P GLOBAL INC,SPGI,www.spglobal.com
A,USD,STD,INDL,C,007163,2017-12-31,S&P GLOBAL INC,SPGI,www.spglobal.com
A,USD,STD,INDL,C,007163,2018-12-31,S&P GLOBAL INC,SPGI,www.spglobal.com
A,USD,STD,INDL,C,007163,2019-12-31,S&P GLOBAL INC,SPGI,www.spglobal.com
A,USD,STD,INDL,C,007163,2020-12-31,S&P GLOBAL INC,SPGI,www.spglobal.com
A,USD,STD,INDL,C,007163,2021-12-31,S&P GLOBAL INC,SPGI,www.spglobal.com
A,USD,STD,INDL,C,007163,2022-12-31,S&P GLOBAL INC,SPGI,www.spglobal.com
A,USD,STD,INDL,C,007163,2023-12-31,S&P GLOBAL INC,SPGI,www.spglobal.com
A,USD,STD,INDL,C,007163,2024-12-31,S&P GLOBAL INC,SPGI,www.spglobal.com
A,USD,STD,INDL,C,007163,2025-12-31,S&P GLOBAL INC,SPGI,www.spglobal.com
A,USD,STD,INDL,C,007171,2010-03-31,MCKESSON CORP,MCK,www.mckesson.com
A,USD,STD,INDL,C,007171,2011-03-31,MCKESSON CORP,MCK,www.mckesson.com
A,USD,STD,INDL,C,007171,2012-03-31,MCKESSON CORP,MCK,www.mckesson.com
A,USD,STD,INDL,C,007171,2013-03-31,MCKESSON CORP,MCK,www.mckesson.com
A,USD,STD,INDL,C,007171,2014-03-31,MCKESSON CORP,MCK,www.mckesson.com
A,USD,STD,INDL,C,007171,2015-03-31,MCKESSON CORP,MCK,www.mckesson.com
A,USD,STD,INDL,C,007171,2016-03-31,MCKESSON CORP,MCK,www.mckesson.com
A,USD,STD,INDL,C,007171,2017-03-31,MCKESSON CORP,MCK,www.mckesson.com
A,USD,STD,INDL,C,007171,2018-03-31,MCKESSON CORP,MCK,www.mckesson.com
A,USD,STD,INDL,C,007171,2019-03-31,MCKESSON CORP,MCK,www.mckesson.com
A,USD,STD,INDL,C,007171,2020-03-31,MCKESSON CORP,MCK,www.mckesson.com
A,USD,STD,INDL,C,007171,2021-03-31,MCKESSON CORP,MCK,www.mckesson.com
A,USD,STD,INDL,C,007171,2022-03-31,MCKESSON CORP,MCK,www.mckesson.com
A,USD,STD,INDL,C,007171,2023-03-31,MCKESSON CORP,MCK,www.mckesson.com
A,USD,STD,INDL,C,007171,2024-03-31,MCKESSON CORP,MCK,www.mckesson.com
A,USD,STD,INDL,C,007171,2025-03-31,MCKESSON CORP,MCK,www.mckesson.com
A,USD,STD,INDL,C,007228,2010-04-30,MEDTRONIC PLC,MDT,www.medtronic.com
A,USD,STD,INDL,C,007228,2011-04-30,MEDTRONIC PLC,MDT,www.medtronic.com
A,USD,STD,INDL,C,007228,2012-04-30,MEDTRONIC PLC,MDT,www.medtronic.com
A,USD,STD,INDL,C,007228,2013-04-30,MEDTRONIC PLC,MDT,www.medtronic.com
A,USD,STD,INDL,C,007228,2014-04-30,MEDTRONIC PLC,MDT,www.medtronic.com
A,USD,STD,INDL,C,007228,2015-04-30,MEDTRONIC PLC,MDT,www.medtronic.com
A,USD,STD,INDL,C,007228,2016-04-30,MEDTRONIC PLC,MDT,www.medtronic.com
A,USD,STD,INDL,C,007228,2017-04-30,MEDTRONIC PLC,MDT,www.medtronic.com
A,USD,STD,INDL,C,007228,2018-04-30,MEDTRONIC PLC,MDT,www.medtronic.com
A,USD,STD,INDL,C,007228,2019-04-30,MEDTRONIC PLC,MDT,www.medtronic.com
A,USD,STD,INDL,C,007228,2020-04-30,MEDTRONIC PLC,MDT,www.medtronic.com
A,USD,STD,INDL,C,007228,2021-04-30,MEDTRONIC PLC,MDT,www.medtronic.com
A,USD,STD,INDL,C,007228,2022-04-30,MEDTRONIC PLC,MDT,www.medtronic.com
A,USD,STD,INDL,C,007228,2023-04-30,MEDTRONIC PLC,MDT,www.medtronic.com
A,USD,STD,INDL,C,007228,2024-04-30,MEDTRONIC PLC,MDT,www.medtronic.com
A,USD,STD,INDL,C,007228,2025-04-30,MEDTRONIC PLC,MDT,www.medtronic.com
A,USD,STD,INDL,C,007241,2010-12-31,CVS HEALTH CORP,CVS,www.cvshealth.com
A,USD,STD,INDL,C,007241,2011-12-31,CVS HEALTH CORP,CVS,www.cvshealth.com
A,USD,STD,INDL,C,007241,2012-12-31,CVS HEALTH CORP,CVS,www.cvshealth.com
A,USD,STD,INDL,C,007241,2013-12-31,CVS HEALTH CORP,CVS,www.cvshealth.com
A,USD,STD,INDL,C,007241,2014-12-31,CVS HEALTH CORP,CVS,www.cvshealth.com
A,USD,STD,INDL,C,007241,2015-12-31,CVS HEALTH CORP,CVS,www.cvshealth.com
A,USD,STD,INDL,C,007241,2016-12-31,CVS HEALTH CORP,CVS,www.cvshealth.com
A,USD,STD,INDL,C,007241,2017-12-31,CVS HEALTH CORP,CVS,www.cvshealth.com
A,USD,STD,INDL,C,007241,2018-12-31,CVS HEALTH CORP,CVS,www.cvshealth.com
A,USD,STD,INDL,C,007241,2019-12-31,CVS HEALTH CORP,CVS,www.cvshealth.com
A,USD,STD,INDL,C,007241,2020-12-31,CVS HEALTH CORP,CVS,www.cvshealth.com
A,USD,STD,INDL,C,007241,2021-12-31,CVS HEALTH CORP,CVS,www.cvshealth.com
A,USD,STD,INDL,C,007241,2022-12-31,CVS HEALTH CORP,CVS,www.cvshealth.com
A,USD,STD,INDL,C,007241,2023-12-31,CVS HEALTH CORP,CVS,www.cvshealth.com
A,USD,STD,INDL,C,007241,2024-12-31,CVS HEALTH CORP,CVS,www.cvshealth.com
A,USD,STD,INDL,C,007241,2025-12-31,CVS HEALTH CORP,CVS,www.cvshealth.com
A,USD,STD,INDL,C,007257,2010-12-31,MERCK & CO INC,MRK,www.merck.com
A,USD,STD,INDL,C,007257,2011-12-31,MERCK & CO INC,MRK,www.merck.com
A,USD,STD,INDL,C,007257,2012-12-31,MERCK & CO INC,MRK,www.merck.com
A,USD,STD,INDL,C,007257,2013-12-31,MERCK & CO INC,MRK,www.merck.com
A,USD,STD,INDL,C,007257,2014-12-31,MERCK & CO INC,MRK,www.merck.com
A,USD,STD,INDL,C,007257,2015-12-31,MERCK & CO INC,MRK,www.merck.com
A,USD,STD,INDL,C,007257,2016-12-31,MERCK & CO INC,MRK,www.merck.com
A,USD,STD,INDL,C,007257,2017-12-31,MERCK & CO INC,MRK,www.merck.com
A,USD,STD,INDL,C,007257,2018-12-31,MERCK & CO INC,MRK,www.merck.com
A,USD,STD,INDL,C,007257,2019-12-31,MERCK & CO INC,MRK,www.merck.com
A,USD,STD,INDL,C,007257,2020-12-31,MERCK & CO INC,MRK,www.merck.com
A,USD,STD,INDL,C,007257,2021-12-31,MERCK & CO INC,MRK,www.merck.com
A,USD,STD,INDL,C,007257,2022-12-31,MERCK & CO INC,MRK,www.merck.com
A,USD,STD,INDL,C,007257,2023-12-31,MERCK & CO INC,MRK,www.merck.com
A,USD,STD,INDL,C,007257,2024-12-31,MERCK & CO INC,MRK,www.merck.com
A,USD,STD,INDL,C,007257,2025-12-31,MERCK & CO INC,MRK,www.merck.com
A,USD,STD,INDL,C,007343,2010-08-31,MICRON TECHNOLOGY INC,MU,www.micron.com
A,USD,STD,INDL,C,007343,2011-08-31,MICRON TECHNOLOGY INC,MU,www.micron.com
A,USD,STD,INDL,C,007343,2012-08-31,MICRON TECHNOLOGY INC,MU,www.micron.com
A,USD,STD,INDL,C,007343,2013-08-31,MICRON TECHNOLOGY INC,MU,www.micron.com
A,USD,STD,INDL,C,007343,2014-08-31,MICRON TECHNOLOGY INC,MU,www.micron.com
A,USD,STD,INDL,C,007343,2015-08-31,MICRON TECHNOLOGY INC,MU,www.micron.com
A,USD,STD,INDL,C,007343,2016-08-31,MICRON TECHNOLOGY INC,MU,www.micron.com
A,USD,STD,INDL,C,007343,2017-08-31,MICRON TECHNOLOGY INC,MU,www.micron.com
A,USD,STD,INDL,C,007343,2018-08-31,MICRON TECHNOLOGY INC,MU,www.micron.com
A,USD,STD,INDL,C,007343,2019-08-31,MICRON TECHNOLOGY INC,MU,www.micron.com
A,USD,STD,INDL,C,007343,2020-08-31,MICRON TECHNOLOGY INC,MU,www.micron.com
A,USD,STD,INDL,C,007343,2021-08-31,MICRON TECHNOLOGY INC,MU,www.micron.com
A,USD,STD,INDL,C,007343,2022-08-31,MICRON TECHNOLOGY INC,MU,www.micron.com
A,USD,STD,INDL,C,007343,2023-08-31,MICRON TECHNOLOGY INC,MU,www.micron.com
A,USD,STD,INDL,C,007343,2024-08-31,MICRON TECHNOLOGY INC,MU,www.micron.com
A,USD,STD,INDL,C,007343,2025-08-31,MICRON TECHNOLOGY INC,MU,www.micron.com
A,USD,STD,INDL,C,007366,2010-12-31,ENTERGY CORP,ETR,www.entergy.com
A,USD,STD,INDL,C,007366,2011-12-31,ENTERGY CORP,ETR,www.entergy.com
A,USD,STD,INDL,C,007366,2012-12-31,ENTERGY CORP,ETR,www.entergy.com
A,USD,STD,INDL,C,007366,2013-12-31,ENTERGY CORP,ETR,www.entergy.com
A,USD,STD,INDL,C,007366,2014-12-31,ENTERGY CORP,ETR,www.entergy.com
A,USD,STD,INDL,C,007366,2015-12-31,ENTERGY CORP,ETR,www.entergy.com
A,USD,STD,INDL,C,007366,2016-12-31,ENTERGY CORP,ETR,www.entergy.com
A,USD,STD,INDL,C,007366,2017-12-31,ENTERGY CORP,ETR,www.entergy.com
A,USD,STD,INDL,C,007366,2018-12-31,ENTERGY CORP,ETR,www.entergy.com
A,USD,STD,INDL,C,007366,2019-12-31,ENTERGY CORP,ETR,www.entergy.com
A,USD,STD,INDL,C,007366,2020-12-31,ENTERGY CORP,ETR,www.entergy.com
A,USD,STD,INDL,C,007366,2021-12-31,ENTERGY CORP,ETR,www.entergy.com
A,USD,STD,INDL,C,007366,2022-12-31,ENTERGY CORP,ETR,www.entergy.com
A,USD,STD,INDL,C,007366,2023-12-31,ENTERGY CORP,ETR,www.entergy.com
A,USD,STD,INDL,C,007366,2024-12-31,ENTERGY CORP,ETR,www.entergy.com
A,USD,STD,INDL,C,007366,2025-12-31,ENTERGY CORP,ETR,www.entergy.com
A,USD,STD,INDL,C,007435,2010-12-31,3M CO,MMM,www.3m.com
A,USD,STD,INDL,C,007435,2011-12-31,3M CO,MMM,www.3m.com
A,USD,STD,INDL,C,007435,2012-12-31,3M CO,MMM,www.3m.com
A,USD,STD,INDL,C,007435,2013-12-31,3M CO,MMM,www.3m.com
A,USD,STD,INDL,C,007435,2014-12-31,3M CO,MMM,www.3m.com
A,USD,STD,INDL,C,007435,2015-12-31,3M CO,MMM,www.3m.com
A,USD,STD,INDL,C,007435,2016-12-31,3M CO,MMM,www.3m.com
A,USD,STD,INDL,C,007435,2017-12-31,3M CO,MMM,www.3m.com
A,USD,STD,INDL,C,007435,2018-12-31,3M CO,MMM,www.3m.com
A,USD,STD,INDL,C,007435,2019-12-31,3M CO,MMM,www.3m.com
A,USD,STD,INDL,C,007435,2020-12-31,3M CO,MMM,www.3m.com
A,USD,STD,INDL,C,007435,2021-12-31,3M CO,MMM,www.3m.com
A,USD,STD,INDL,C,007435,2022-12-31,3M CO,MMM,www.3m.com
A,USD,STD,INDL,C,007435,2023-12-31,3M CO,MMM,www.3m.com
A,USD,STD,INDL,C,007435,2024-12-31,3M CO,MMM,www.3m.com
A,USD,STD,INDL,C,007435,2025-12-31,3M CO,MMM,www.3m.com
A,USD,STD,INDL,C,007585,2010-12-31,MOTOROLA SOLUTIONS INC,MSI,www.motorolasolutions.com
A,USD,STD,INDL,C,007585,2011-12-31,MOTOROLA SOLUTIONS INC,MSI,www.motorolasolutions.com
A,USD,STD,INDL,C,007585,2012-12-31,MOTOROLA SOLUTIONS INC,MSI,www.motorolasolutions.com
A,USD,STD,INDL,C,007585,2013-12-31,MOTOROLA SOLUTIONS INC,MSI,www.motorolasolutions.com
A,USD,STD,INDL,C,007585,2014-12-31,MOTOROLA SOLUTIONS INC,MSI,www.motorolasolutions.com
A,USD,STD,INDL,C,007585,2015-12-31,MOTOROLA SOLUTIONS INC,MSI,www.motorolasolutions.com
A,USD,STD,INDL,C,007585,2016-12-31,MOTOROLA SOLUTIONS INC,MSI,www.motorolasolutions.com
A,USD,STD,INDL,C,007585,2017-12-31,MOTOROLA SOLUTIONS INC,MSI,www.motorolasolutions.com
A,USD,STD,INDL,C,007585,2018-12-31,MOTOROLA SOLUTIONS INC,MSI,www.motorolasolutions.com
A,USD,STD,INDL,C,007585,2019-12-31,MOTOROLA SOLUTIONS INC,MSI,www.motorolasolutions.com
A,USD,STD,INDL,C,007585,2020-12-31,MOTOROLA SOLUTIONS INC,MSI,www.motorolasolutions.com
A,USD,STD,INDL,C,007585,2021-12-31,MOTOROLA SOLUTIONS INC,MSI,www.motorolasolutions.com
A,USD,STD,INDL,C,007585,2022-12-31,MOTOROLA SOLUTIONS INC,MSI,www.motorolasolutions.com
A,USD,STD,INDL,C,007585,2023-12-31,MOTOROLA SOLUTIONS INC,MSI,www.motorolasolutions.com
A,USD,STD,INDL,C,007585,2024-12-31,MOTOROLA SOLUTIONS INC,MSI,www.motorolasolutions.com
A,USD,STD,INDL,C,007585,2025-12-31,MOTOROLA SOLUTIONS INC,MSI,www.motorolasolutions.com
A,USD,STD,INDL,C,007637,2010-12-31,VIATRIS INC,VTRS,www.viatris.com
A,USD,STD,INDL,C,007637,2011-12-31,VIATRIS INC,VTRS,www.viatris.com
A,USD,STD,INDL,C,007637,2012-12-31,VIATRIS INC,VTRS,www.viatris.com
A,USD,STD,INDL,C,007637,2013-12-31,VIATRIS INC,VTRS,www.viatris.com
A,USD,STD,INDL,C,007637,2014-12-31,VIATRIS INC,VTRS,www.viatris.com
A,USD,STD,INDL,C,007637,2015-12-31,VIATRIS INC,VTRS,www.viatris.com
A,USD,STD,INDL,C,007637,2016-12-31,VIATRIS INC,VTRS,www.viatris.com
A,USD,STD,INDL,C,007637,2017-12-31,VIATRIS INC,VTRS,www.viatris.com
A,USD,STD,INDL,C,007637,2018-12-31,VIATRIS INC,VTRS,www.viatris.com
A,USD,STD,INDL,C,007637,2019-12-31,VIATRIS INC,VTRS,www.viatris.com
A,USD,STD,INDL,C,007637,2020-12-31,VIATRIS INC,VTRS,www.viatris.com
A,USD,STD,INDL,C,007637,2021-12-31,VIATRIS INC,VTRS,www.viatris.com
A,USD,STD,INDL,C,007637,2022-12-31,VIATRIS INC,VTRS,www.viatris.com
A,USD,STD,INDL,C,007637,2023-12-31,VIATRIS INC,VTRS,www.viatris.com
A,USD,STD,INDL,C,007637,2024-12-31,VIATRIS INC,VTRS,www.viatris.com
A,USD,STD,INDL,C,007637,2025-12-31,VIATRIS INC,VTRS,www.viatris.com
A,USD,STD,FS,C,007647,2010-12-31,BANK OF AMERICA CORP,BAC,www.bankofamerica.com
A,USD,STD,INDL,C,007647,2010-12-31,BANK OF AMERICA CORP,BAC,www.bankofamerica.com
A,USD,STD,FS,C,007647,2011-12-31,BANK OF AMERICA CORP,BAC,www.bankofamerica.com
A,USD,STD,INDL,C,007647,2011-12-31,BANK OF AMERICA CORP,BAC,www.bankofamerica.com
A,USD,STD,FS,C,007647,2012-12-31,BANK OF AMERICA CORP,BAC,www.bankofamerica.com
A,USD,STD,INDL,C,007647,2012-12-31,BANK OF AMERICA CORP,BAC,www.bankofamerica.com
A,USD,STD,FS,C,007647,2013-12-31,BANK OF AMERICA CORP,BAC,www.bankofamerica.com
A,USD,STD,INDL,C,007647,2013-12-31,BANK OF AMERICA CORP,BAC,www.bankofamerica.com
A,USD,STD,FS,C,007647,2014-12-31,BANK OF AMERICA CORP,BAC,www.bankofamerica.com
A,USD,STD,INDL,C,007647,2014-12-31,BANK OF AMERICA CORP,BAC,www.bankofamerica.com
A,USD,STD,FS,C,007647,2015-12-31,BANK OF AMERICA CORP,BAC,www.bankofamerica.com
A,USD,STD,INDL,C,007647,2015-12-31,BANK OF AMERICA CORP,BAC,www.bankofamerica.com
A,USD,STD,FS,C,007647,2016-12-31,BANK OF AMERICA CORP,BAC,www.bankofamerica.com
A,USD,STD,INDL,C,007647,2016-12-31,BANK OF AMERICA CORP,BAC,www.bankofamerica.com
A,USD,STD,FS,C,007647,2017-12-31,BANK OF AMERICA CORP,BAC,www.bankofamerica.com
A,USD,STD,INDL,C,007647,2017-12-31,BANK OF AMERICA CORP,BAC,www.bankofamerica.com
A,USD,STD,FS,C,007647,2018-12-31,BANK OF AMERICA CORP,BAC,www.bankofamerica.com
A,USD,STD,INDL,C,007647,2018-12-31,BANK OF AMERICA CORP,BAC,www.bankofamerica.com
A,USD,STD,FS,C,007647,2019-12-31,BANK OF AMERICA CORP,BAC,www.bankofamerica.com
A,USD,STD,INDL,C,007647,2019-12-31,BANK OF AMERICA CORP,BAC,www.bankofamerica.com
A,USD,STD,FS,C,007647,2020-12-31,BANK OF AMERICA CORP,BAC,www.bankofamerica.com
A,USD,STD,INDL,C,007647,2020-12-31,BANK OF AMERICA CORP,BAC,www.bankofamerica.com
A,USD,STD,FS,C,007647,2021-12-31,BANK OF AMERICA CORP,BAC,www.bankofamerica.com
A,USD,STD,INDL,C,007647,2021-12-31,BANK OF AMERICA CORP,BAC,www.bankofamerica.com
A,USD,STD,FS,C,007647,2022-12-31,BANK OF AMERICA CORP,BAC,www.bankofamerica.com
A,USD,STD,INDL,C,007647,2022-12-31,BANK OF AMERICA CORP,BAC,www.bankofamerica.com
A,USD,STD,FS,C,007647,2023-12-31,BANK OF AMERICA CORP,BAC,www.bankofamerica.com
A,USD,STD,INDL,C,007647,2023-12-31,BANK OF AMERICA CORP,BAC,www.bankofamerica.com
A,USD,STD,FS,C,007647,2024-12-31,BANK OF AMERICA CORP,BAC,www.bankofamerica.com
A,USD,STD,INDL,C,007647,2024-12-31,BANK OF AMERICA CORP,BAC,www.bankofamerica.com
A,USD,STD,FS,C,007647,2025-12-31,BANK OF AMERICA CORP,BAC,www.bankofamerica.com
A,USD,STD,INDL,C,007647,2025-12-31,BANK OF AMERICA CORP,BAC,www.bankofamerica.com
A,USD,STD,INDL,C,007881,2010-12-31,NEWMONT CORP,NEM,www.newmont.com
A,USD,STD,INDL,C,007881,2011-12-31,NEWMONT CORP,NEM,www.newmont.com
A,USD,STD,INDL,C,007881,2012-12-31,NEWMONT CORP,NEM,www.newmont.com
A,USD,STD,INDL,C,007881,2013-12-31,NEWMONT CORP,NEM,www.newmont.com
A,USD,STD,INDL,C,007881,2014-12-31,NEWMONT CORP,NEM,www.newmont.com
A,USD,STD,INDL,C,007881,2015-12-31,NEWMONT CORP,NEM,www.newmont.com
A,USD,STD,INDL,C,007881,2016-12-31,NEWMONT CORP,NEM,www.newmont.com
A,USD,STD,INDL,C,007881,2017-12-31,NEWMONT CORP,NEM,www.newmont.com
A,USD,STD,INDL,C,007881,2018-12-31,NEWMONT CORP,NEM,www.newmont.com
A,USD,STD,INDL,C,007881,2019-12-31,NEWMONT CORP,NEM,www.newmont.com
A,USD,STD,INDL,C,007881,2020-12-31,NEWMONT CORP,NEM,www.newmont.com
A,USD,STD,INDL,C,007881,2021-12-31,NEWMONT CORP,NEM,www.newmont.com
A,USD,STD,INDL,C,007881,2022-12-31,NEWMONT CORP,NEM,www.newmont.com
A,USD,STD,INDL,C,007881,2023-12-31,NEWMONT CORP,NEM,www.newmont.com
A,USD,STD,INDL,C,007881,2024-12-31,NEWMONT CORP,NEM,www.newmont.com
A,USD,STD,INDL,C,007881,2025-12-31,NEWMONT CORP,NEM,www.newmont.com
A,USD,STD,INDL,C,007906,2010-05-31,NIKE INC  -CL B,NKE,www.nike.com
A,USD,STD,INDL,C,007906,2011-05-31,NIKE INC  -CL B,NKE,www.nike.com
A,USD,STD,INDL,C,007906,2012-05-31,NIKE INC  -CL B,NKE,www.nike.com
A,USD,STD,INDL,C,007906,2013-05-31,NIKE INC  -CL B,NKE,www.nike.com
A,USD,STD,INDL,C,007906,2014-05-31,NIKE INC  -CL B,NKE,www.nike.com
A,USD,STD,INDL,C,007906,2015-05-31,NIKE INC  -CL B,NKE,www.nike.com
A,USD,STD,INDL,C,007906,2016-05-31,NIKE INC  -CL B,NKE,www.nike.com
A,USD,STD,INDL,C,007906,2017-05-31,NIKE INC  -CL B,NKE,www.nike.com
A,USD,STD,INDL,C,007906,2018-05-31,NIKE INC  -CL B,NKE,www.nike.com
A,USD,STD,INDL,C,007906,2019-05-31,NIKE INC  -CL B,NKE,www.nike.com
A,USD,STD,INDL,C,007906,2020-05-31,NIKE INC  -CL B,NKE,www.nike.com
A,USD,STD,INDL,C,007906,2021-05-31,NIKE INC  -CL B,NKE,www.nike.com
A,USD,STD,INDL,C,007906,2022-05-31,NIKE INC  -CL B,NKE,www.nike.com
A,USD,STD,INDL,C,007906,2023-05-31,NIKE INC  -CL B,NKE,www.nike.com
A,USD,STD,INDL,C,007906,2024-05-31,NIKE INC  -CL B,NKE,www.nike.com
A,USD,STD,INDL,C,007906,2025-05-31,NIKE INC  -CL B,NKE,www.nike.com
A,USD,STD,INDL,C,007921,2010-10-31,NORDSON CORP,NDSN,www.nordson.com
A,USD,STD,INDL,C,007921,2011-10-31,NORDSON CORP,NDSN,www.nordson.com
A,USD,STD,INDL,C,007921,2012-10-31,NORDSON CORP,NDSN,www.nordson.com
A,USD,STD,INDL,C,007921,2013-10-31,NORDSON CORP,NDSN,www.nordson.com
A,USD,STD,INDL,C,007921,2014-10-31,NORDSON CORP,NDSN,www.nordson.com
A,USD,STD,INDL,C,007921,2015-10-31,NORDSON CORP,NDSN,www.nordson.com
A,USD,STD,INDL,C,007921,2016-10-31,NORDSON CORP,NDSN,www.nordson.com
A,USD,STD,INDL,C,007921,2017-10-31,NORDSON CORP,NDSN,www.nordson.com
A,USD,STD,INDL,C,007921,2018-10-31,NORDSON CORP,NDSN,www.nordson.com
A,USD,STD,INDL,C,007921,2019-10-31,NORDSON CORP,NDSN,www.nordson.com
A,USD,STD,INDL,C,007921,2020-10-31,NORDSON CORP,NDSN,www.nordson.com
A,USD,STD,INDL,C,007921,2021-10-31,NORDSON CORP,NDSN,www.nordson.com
A,USD,STD,INDL,C,007921,2022-10-31,NORDSON CORP,NDSN,www.nordson.com
A,USD,STD,INDL,C,007921,2023-10-31,NORDSON CORP,NDSN,www.nordson.com
A,USD,STD,INDL,C,007921,2024-10-31,NORDSON CORP,NDSN,www.nordson.com
A,USD,STD,INDL,C,007921,2025-10-31,NORDSON CORP,NDSN,www.nordson.com
A,USD,STD,INDL,C,007923,2010-12-31,NORFOLK SOUTHERN CORP,NSC,www.norfolksouthern.com
A,USD,STD,INDL,C,007923,2011-12-31,NORFOLK SOUTHERN CORP,NSC,www.norfolksouthern.com
A,USD,STD,INDL,C,007923,2012-12-31,NORFOLK SOUTHERN CORP,NSC,www.norfolksouthern.com
A,USD,STD,INDL,C,007923,2013-12-31,NORFOLK SOUTHERN CORP,NSC,www.norfolksouthern.com
A,USD,STD,INDL,C,007923,2014-12-31,NORFOLK SOUTHERN CORP,NSC,www.norfolksouthern.com
A,USD,STD,INDL,C,007923,2015-12-31,NORFOLK SOUTHERN CORP,NSC,www.norfolksouthern.com
A,USD,STD,INDL,C,007923,2016-12-31,NORFOLK SOUTHERN CORP,NSC,www.norfolksouthern.com
A,USD,STD,INDL,C,007923,2017-12-31,NORFOLK SOUTHERN CORP,NSC,www.norfolksouthern.com
A,USD,STD,INDL,C,007923,2018-12-31,NORFOLK SOUTHERN CORP,NSC,www.norfolksouthern.com
A,USD,STD,INDL,C,007923,2019-12-31,NORFOLK SOUTHERN CORP,NSC,www.norfolksouthern.com
A,USD,STD,INDL,C,007923,2020-12-31,NORFOLK SOUTHERN CORP,NSC,www.norfolksouthern.com
A,USD,STD,INDL,C,007923,2021-12-31,NORFOLK SOUTHERN CORP,NSC,www.norfolksouthern.com
A,USD,STD,INDL,C,007923,2022-12-31,NORFOLK SOUTHERN CORP,NSC,www.norfolksouthern.com
A,USD,STD,INDL,C,007923,2023-12-31,NORFOLK SOUTHERN CORP,NSC,www.norfolksouthern.com
A,USD,STD,INDL,C,007923,2024-12-31,NORFOLK SOUTHERN CORP,NSC,www.norfolksouthern.com
A,USD,STD,INDL,C,007923,2025-12-31,NORFOLK SOUTHERN CORP,NSC,www.norfolksouthern.com
A,USD,STD,INDL,C,007970,2010-12-31,EVERSOURCE ENERGY,ES,www.eversource.com
A,USD,STD,INDL,C,007970,2011-12-31,EVERSOURCE ENERGY,ES,www.eversource.com
A,USD,STD,INDL,C,007970,2012-12-31,EVERSOURCE ENERGY,ES,www.eversource.com
A,USD,STD,INDL,C,007970,2013-12-31,EVERSOURCE ENERGY,ES,www.eversource.com
A,USD,STD,INDL,C,007970,2014-12-31,EVERSOURCE ENERGY,ES,www.eversource.com
A,USD,STD,INDL,C,007970,2015-12-31,EVERSOURCE ENERGY,ES,www.eversource.com
A,USD,STD,INDL,C,007970,2016-12-31,EVERSOURCE ENERGY,ES,www.eversource.com
A,USD,STD,INDL,C,007970,2017-12-31,EVERSOURCE ENERGY,ES,www.eversource.com
A,USD,STD,INDL,C,007970,2018-12-31,EVERSOURCE ENERGY,ES,www.eversource.com
A,USD,STD,INDL,C,007970,2019-12-31,EVERSOURCE ENERGY,ES,www.eversource.com
A,USD,STD,INDL,C,007970,2020-12-31,EVERSOURCE ENERGY,ES,www.eversource.com
A,USD,STD,INDL,C,007970,2021-12-31,EVERSOURCE ENERGY,ES,www.eversource.com
A,USD,STD,INDL,C,007970,2022-12-31,EVERSOURCE ENERGY,ES,www.eversource.com
A,USD,STD,INDL,C,007970,2023-12-31,EVERSOURCE ENERGY,ES,www.eversource.com
A,USD,STD,INDL,C,007970,2024-12-31,EVERSOURCE ENERGY,ES,www.eversource.com
A,USD,STD,INDL,C,007970,2025-12-31,EVERSOURCE ENERGY,ES,www.eversource.com
A,USD,STD,INDL,C,007974,2010-12-31,NISOURCE INC,NI,www.nisource.com
A,USD,STD,INDL,C,007974,2011-12-31,NISOURCE INC,NI,www.nisource.com
A,USD,STD,INDL,C,007974,2012-12-31,NISOURCE INC,NI,www.nisource.com
A,USD,STD,INDL,C,007974,2013-12-31,NISOURCE INC,NI,www.nisource.com
A,USD,STD,INDL,C,007974,2014-12-31,NISOURCE INC,NI,www.nisource.com
A,USD,STD,INDL,C,007974,2015-12-31,NISOURCE INC,NI,www.nisource.com
A,USD,STD,INDL,C,007974,2016-12-31,NISOURCE INC,NI,www.nisource.com
A,USD,STD,INDL,C,007974,2017-12-31,NISOURCE INC,NI,www.nisource.com
A,USD,STD,INDL,C,007974,2018-12-31,NISOURCE INC,NI,www.nisource.com
A,USD,STD,INDL,C,007974,2019-12-31,NISOURCE INC,NI,www.nisource.com
A,USD,STD,INDL,C,007974,2020-12-31,NISOURCE INC,NI,www.nisource.com
A,USD,STD,INDL,C,007974,2021-12-31,NISOURCE INC,NI,www.nisource.com
A,USD,STD,INDL,C,007974,2022-12-31,NISOURCE INC,NI,www.nisource.com
A,USD,STD,INDL,C,007974,2023-12-31,NISOURCE INC,NI,www.nisource.com
A,USD,STD,INDL,C,007974,2024-12-31,NISOURCE INC,NI,www.nisource.com
A,USD,STD,INDL,C,007974,2025-12-31,NISOURCE INC,NI,www.nisource.com
A,USD,STD,INDL,C,007977,2010-12-31,XCEL ENERGY INC,XEL,www.my.xcelenergy.com/s
A,USD,STD,INDL,C,007977,2011-12-31,XCEL ENERGY INC,XEL,www.my.xcelenergy.com/s
A,USD,STD,INDL,C,007977,2012-12-31,XCEL ENERGY INC,XEL,www.my.xcelenergy.com/s
A,USD,STD,INDL,C,007977,2013-12-31,XCEL ENERGY INC,XEL,www.my.xcelenergy.com/s
A,USD,STD,INDL,C,007977,2014-12-31,XCEL ENERGY INC,XEL,www.my.xcelenergy.com/s
A,USD,STD,INDL,C,007977,2015-12-31,XCEL ENERGY INC,XEL,www.my.xcelenergy.com/s
A,USD,STD,INDL,C,007977,2016-12-31,XCEL ENERGY INC,XEL,www.my.xcelenergy.com/s
A,USD,STD,INDL,C,007977,2017-12-31,XCEL ENERGY INC,XEL,www.my.xcelenergy.com/s
A,USD,STD,INDL,C,007977,2018-12-31,XCEL ENERGY INC,XEL,www.my.xcelenergy.com/s
A,USD,STD,INDL,C,007977,2019-12-31,XCEL ENERGY INC,XEL,www.my.xcelenergy.com/s
A,USD,STD,INDL,C,007977,2020-12-31,XCEL ENERGY INC,XEL,www.my.xcelenergy.com/s
A,USD,STD,INDL,C,007977,2021-12-31,XCEL ENERGY INC,XEL,www.my.xcelenergy.com/s
A,USD,STD,INDL,C,007977,2022-12-31,XCEL ENERGY INC,XEL,www.my.xcelenergy.com/s
A,USD,STD,INDL,C,007977,2023-12-31,XCEL ENERGY INC,XEL,www.my.xcelenergy.com/s
A,USD,STD,INDL,C,007977,2024-12-31,XCEL ENERGY INC,XEL,www.my.xcelenergy.com/s
A,USD,STD,INDL,C,007977,2025-12-31,XCEL ENERGY INC,XEL,www.my.xcelenergy.com/s
A,USD,STD,FS,C,007982,2010-12-31,NORTHERN TRUST CORP,NTRS,www.northerntrust.com
A,USD,STD,INDL,C,007982,2010-12-31,NORTHERN TRUST CORP,NTRS,www.northerntrust.com
A,USD,STD,FS,C,007982,2011-12-31,NORTHERN TRUST CORP,NTRS,www.northerntrust.com
A,USD,STD,INDL,C,007982,2011-12-31,NORTHERN TRUST CORP,NTRS,www.northerntrust.com
A,USD,STD,FS,C,007982,2012-12-31,NORTHERN TRUST CORP,NTRS,www.northerntrust.com
A,USD,STD,INDL,C,007982,2012-12-31,NORTHERN TRUST CORP,NTRS,www.northerntrust.com
A,USD,STD,FS,C,007982,2013-12-31,NORTHERN TRUST CORP,NTRS,www.northerntrust.com
A,USD,STD,INDL,C,007982,2013-12-31,NORTHERN TRUST CORP,NTRS,www.northerntrust.com
A,USD,STD,FS,C,007982,2014-12-31,NORTHERN TRUST CORP,NTRS,www.northerntrust.com
A,USD,STD,INDL,C,007982,2014-12-31,NORTHERN TRUST CORP,NTRS,www.northerntrust.com
A,USD,STD,FS,C,007982,2015-12-31,NORTHERN TRUST CORP,NTRS,www.northerntrust.com
A,USD,STD,INDL,C,007982,2015-12-31,NORTHERN TRUST CORP,NTRS,www.northerntrust.com
A,USD,STD,FS,C,007982,2016-12-31,NORTHERN TRUST CORP,NTRS,www.northerntrust.com
A,USD,STD,INDL,C,007982,2016-12-31,NORTHERN TRUST CORP,NTRS,www.northerntrust.com
A,USD,STD,FS,C,007982,2017-12-31,NORTHERN TRUST CORP,NTRS,www.northerntrust.com
A,USD,STD,INDL,C,007982,2017-12-31,NORTHERN TRUST CORP,NTRS,www.northerntrust.com
A,USD,STD,FS,C,007982,2018-12-31,NORTHERN TRUST CORP,NTRS,www.northerntrust.com
A,USD,STD,INDL,C,007982,2018-12-31,NORTHERN TRUST CORP,NTRS,www.northerntrust.com
A,USD,STD,FS,C,007982,2019-12-31,NORTHERN TRUST CORP,NTRS,www.northerntrust.com
A,USD,STD,INDL,C,007982,2019-12-31,NORTHERN TRUST CORP,NTRS,www.northerntrust.com
A,USD,STD,FS,C,007982,2020-12-31,NORTHERN TRUST CORP,NTRS,www.northerntrust.com
A,USD,STD,INDL,C,007982,2020-12-31,NORTHERN TRUST CORP,NTRS,www.northerntrust.com
A,USD,STD,FS,C,007982,2021-12-31,NORTHERN TRUST CORP,NTRS,www.northerntrust.com
A,USD,STD,INDL,C,007982,2021-12-31,NORTHERN TRUST CORP,NTRS,www.northerntrust.com
A,USD,STD,FS,C,007982,2022-12-31,NORTHERN TRUST CORP,NTRS,www.northerntrust.com
A,USD,STD,INDL,C,007982,2022-12-31,NORTHERN TRUST CORP,NTRS,www.northerntrust.com
A,USD,STD,FS,C,007982,2023-12-31,NORTHERN TRUST CORP,NTRS,www.northerntrust.com
A,USD,STD,INDL,C,007982,2023-12-31,NORTHERN TRUST CORP,NTRS,www.northerntrust.com
A,USD,STD,FS,C,007982,2024-12-31,NORTHERN TRUST CORP,NTRS,www.northerntrust.com
A,USD,STD,INDL,C,007982,2024-12-31,NORTHERN TRUST CORP,NTRS,www.northerntrust.com
A,USD,STD,FS,C,007982,2025-12-31,NORTHERN TRUST CORP,NTRS,www.northerntrust.com
A,USD,STD,INDL,C,007982,2025-12-31,NORTHERN TRUST CORP,NTRS,www.northerntrust.com
A,USD,STD,INDL,C,007985,2010-12-31,NORTHROP GRUMMAN CORP,NOC,www.northropgrumman.com
A,USD,STD,INDL,C,007985,2011-12-31,NORTHROP GRUMMAN CORP,NOC,www.northropgrumman.com
A,USD,STD,INDL,C,007985,2012-12-31,NORTHROP GRUMMAN CORP,NOC,www.northropgrumman.com
A,USD,STD,INDL,C,007985,2013-12-31,NORTHROP GRUMMAN CORP,NOC,www.northropgrumman.com
A,USD,STD,INDL,C,007985,2014-12-31,NORTHROP GRUMMAN CORP,NOC,www.northropgrumman.com
A,USD,STD,INDL,C,007985,2015-12-31,NORTHROP GRUMMAN CORP,NOC,www.northropgrumman.com
A,USD,STD,INDL,C,007985,2016-12-31,NORTHROP GRUMMAN CORP,NOC,www.northropgrumman.com
A,USD,STD,INDL,C,007985,2017-12-31,NORTHROP GRUMMAN CORP,NOC,www.northropgrumman.com
A,USD,STD,INDL,C,007985,2018-12-31,NORTHROP GRUMMAN CORP,NOC,www.northropgrumman.com
A,USD,STD,INDL,C,007985,2019-12-31,NORTHROP GRUMMAN CORP,NOC,www.northropgrumman.com
A,USD,STD,INDL,C,007985,2020-12-31,NORTHROP GRUMMAN CORP,NOC,www.northropgrumman.com
A,USD,STD,INDL,C,007985,2021-12-31,NORTHROP GRUMMAN CORP,NOC,www.northropgrumman.com
A,USD,STD,INDL,C,007985,2022-12-31,NORTHROP GRUMMAN CORP,NOC,www.northropgrumman.com
A,USD,STD,INDL,C,007985,2023-12-31,NORTHROP GRUMMAN CORP,NOC,www.northropgrumman.com
A,USD,STD,INDL,C,007985,2024-12-31,NORTHROP GRUMMAN CORP,NOC,www.northropgrumman.com
A,USD,STD,INDL,C,007985,2025-12-31,NORTHROP GRUMMAN CORP,NOC,www.northropgrumman.com
A,USD,STD,FS,C,008007,2010-12-31,WELLS FARGO & CO,WFC,www.wellsfargo.com
A,USD,STD,INDL,C,008007,2010-12-31,WELLS FARGO & CO,WFC,www.wellsfargo.com
A,USD,STD,FS,C,008007,2011-12-31,WELLS FARGO & CO,WFC,www.wellsfargo.com
A,USD,STD,INDL,C,008007,2011-12-31,WELLS FARGO & CO,WFC,www.wellsfargo.com
A,USD,STD,FS,C,008007,2012-12-31,WELLS FARGO & CO,WFC,www.wellsfargo.com
A,USD,STD,INDL,C,008007,2012-12-31,WELLS FARGO & CO,WFC,www.wellsfargo.com
A,USD,STD,FS,C,008007,2013-12-31,WELLS FARGO & CO,WFC,www.wellsfargo.com
A,USD,STD,INDL,C,008007,2013-12-31,WELLS FARGO & CO,WFC,www.wellsfargo.com
A,USD,STD,FS,C,008007,2014-12-31,WELLS FARGO & CO,WFC,www.wellsfargo.com
A,USD,STD,INDL,C,008007,2014-12-31,WELLS FARGO & CO,WFC,www.wellsfargo.com
A,USD,STD,FS,C,008007,2015-12-31,WELLS FARGO & CO,WFC,www.wellsfargo.com
A,USD,STD,INDL,C,008007,2015-12-31,WELLS FARGO & CO,WFC,www.wellsfargo.com
A,USD,STD,FS,C,008007,2016-12-31,WELLS FARGO & CO,WFC,www.wellsfargo.com
A,USD,STD,INDL,C,008007,2016-12-31,WELLS FARGO & CO,WFC,www.wellsfargo.com
A,USD,STD,FS,C,008007,2017-12-31,WELLS FARGO & CO,WFC,www.wellsfargo.com
A,USD,STD,INDL,C,008007,2017-12-31,WELLS FARGO & CO,WFC,www.wellsfargo.com
A,USD,STD,FS,C,008007,2018-12-31,WELLS FARGO & CO,WFC,www.wellsfargo.com
A,USD,STD,INDL,C,008007,2018-12-31,WELLS FARGO & CO,WFC,www.wellsfargo.com
A,USD,STD,FS,C,008007,2019-12-31,WELLS FARGO & CO,WFC,www.wellsfargo.com
A,USD,STD,INDL,C,008007,2019-12-31,WELLS FARGO & CO,WFC,www.wellsfargo.com
A,USD,STD,FS,C,008007,2020-12-31,WELLS FARGO & CO,WFC,www.wellsfargo.com
A,USD,STD,INDL,C,008007,2020-12-31,WELLS FARGO & CO,WFC,www.wellsfargo.com
A,USD,STD,FS,C,008007,2021-12-31,WELLS FARGO & CO,WFC,www.wellsfargo.com
A,USD,STD,INDL,C,008007,2021-12-31,WELLS FARGO & CO,WFC,www.wellsfargo.com
A,USD,STD,FS,C,008007,2022-12-31,WELLS FARGO & CO,WFC,www.wellsfargo.com
A,USD,STD,INDL,C,008007,2022-12-31,WELLS FARGO & CO,WFC,www.wellsfargo.com
A,USD,STD,FS,C,008007,2023-12-31,WELLS FARGO & CO,WFC,www.wellsfargo.com
A,USD,STD,INDL,C,008007,2023-12-31,WELLS FARGO & CO,WFC,www.wellsfargo.com
A,USD,STD,FS,C,008007,2024-12-31,WELLS FARGO & CO,WFC,www.wellsfargo.com
A,USD,STD,INDL,C,008007,2024-12-31,WELLS FARGO & CO,WFC,www.wellsfargo.com
A,USD,STD,FS,C,008007,2025-12-31,WELLS FARGO & CO,WFC,www.wellsfargo.com
A,USD,STD,INDL,C,008007,2025-12-31,WELLS FARGO & CO,WFC,www.wellsfargo.com
A,USD,STD,INDL,C,008030,2010-12-31,NUCOR CORP,NUE,www.nucor.com
A,USD,STD,INDL,C,008030,2011-12-31,NUCOR CORP,NUE,www.nucor.com
A,USD,STD,INDL,C,008030,2012-12-31,NUCOR CORP,NUE,www.nucor.com
A,USD,STD,INDL,C,008030,2013-12-31,NUCOR CORP,NUE,www.nucor.com
A,USD,STD,INDL,C,008030,2014-12-31,NUCOR CORP,NUE,www.nucor.com
A,USD,STD,INDL,C,008030,2015-12-31,NUCOR CORP,NUE,www.nucor.com
A,USD,STD,INDL,C,008030,2016-12-31,NUCOR CORP,NUE,www.nucor.com
A,USD,STD,INDL,C,008030,2017-12-31,NUCOR CORP,NUE,www.nucor.com
A,USD,STD,INDL,C,008030,2018-12-31,NUCOR CORP,NUE,www.nucor.com
A,USD,STD,INDL,C,008030,2019-12-31,NUCOR CORP,NUE,www.nucor.com
A,USD,STD,INDL,C,008030,2020-12-31,NUCOR CORP,NUE,www.nucor.com
A,USD,STD,INDL,C,008030,2021-12-31,NUCOR CORP,NUE,www.nucor.com
A,USD,STD,INDL,C,008030,2022-12-31,NUCOR CORP,NUE,www.nucor.com
A,USD,STD,INDL,C,008030,2023-12-31,NUCOR CORP,NUE,www.nucor.com
A,USD,STD,INDL,C,008030,2024-12-31,NUCOR CORP,NUE,www.nucor.com
A,USD,STD,INDL,C,008030,2025-12-31,NUCOR CORP,NUE,www.nucor.com
A,USD,STD,INDL,C,008068,2010-12-31,OCCIDENTAL PETROLEUM CORP,OXY,www.oxy.com
A,USD,STD,INDL,C,008068,2011-12-31,OCCIDENTAL PETROLEUM CORP,OXY,www.oxy.com
A,USD,STD,INDL,C,008068,2012-12-31,OCCIDENTAL PETROLEUM CORP,OXY,www.oxy.com
A,USD,STD,INDL,C,008068,2013-12-31,OCCIDENTAL PETROLEUM CORP,OXY,www.oxy.com
A,USD,STD,INDL,C,008068,2014-12-31,OCCIDENTAL PETROLEUM CORP,OXY,www.oxy.com
A,USD,STD,INDL,C,008068,2015-12-31,OCCIDENTAL PETROLEUM CORP,OXY,www.oxy.com
A,USD,STD,INDL,C,008068,2016-12-31,OCCIDENTAL PETROLEUM CORP,OXY,www.oxy.com
A,USD,STD,INDL,C,008068,2017-12-31,OCCIDENTAL PETROLEUM CORP,OXY,www.oxy.com
A,USD,STD,INDL,C,008068,2018-12-31,OCCIDENTAL PETROLEUM CORP,OXY,www.oxy.com
A,USD,STD,INDL,C,008068,2019-12-31,OCCIDENTAL PETROLEUM CORP,OXY,www.oxy.com
A,USD,STD,INDL,C,008068,2020-12-31,OCCIDENTAL PETROLEUM CORP,OXY,www.oxy.com
A,USD,STD,INDL,C,008068,2021-12-31,OCCIDENTAL PETROLEUM CORP,OXY,www.oxy.com
A,USD,STD,INDL,C,008068,2022-12-31,OCCIDENTAL PETROLEUM CORP,OXY,www.oxy.com
A,USD,STD,INDL,C,008068,2023-12-31,OCCIDENTAL PETROLEUM CORP,OXY,www.oxy.com
A,USD,STD,INDL,C,008068,2024-12-31,OCCIDENTAL PETROLEUM CORP,OXY,www.oxy.com
A,USD,STD,INDL,C,008068,2025-12-31,OCCIDENTAL PETROLEUM CORP,OXY,www.oxy.com
A,USD,STD,INDL,C,008099,2010-12-31,FIRSTENERGY CORP,FE,www.firstenergycorp.com
A,USD,STD,INDL,C,008099,2011-12-31,FIRSTENERGY CORP,FE,www.firstenergycorp.com
A,USD,STD,INDL,C,008099,2012-12-31,FIRSTENERGY CORP,FE,www.firstenergycorp.com
A,USD,STD,INDL,C,008099,2013-12-31,FIRSTENERGY CORP,FE,www.firstenergycorp.com
A,USD,STD,INDL,C,008099,2014-12-31,FIRSTENERGY CORP,FE,www.firstenergycorp.com
A,USD,STD,INDL,C,008099,2015-12-31,FIRSTENERGY CORP,FE,www.firstenergycorp.com
A,USD,STD,INDL,C,008099,2016-12-31,FIRSTENERGY CORP,FE,www.firstenergycorp.com
A,USD,STD,INDL,C,008099,2017-12-31,FIRSTENERGY CORP,FE,www.firstenergycorp.com
A,USD,STD,INDL,C,008099,2018-12-31,FIRSTENERGY CORP,FE,www.firstenergycorp.com
A,USD,STD,INDL,C,008099,2019-12-31,FIRSTENERGY CORP,FE,www.firstenergycorp.com
A,USD,STD,INDL,C,008099,2020-12-31,FIRSTENERGY CORP,FE,www.firstenergycorp.com
A,USD,STD,INDL,C,008099,2021-12-31,FIRSTENERGY CORP,FE,www.firstenergycorp.com
A,USD,STD,INDL,C,008099,2022-12-31,FIRSTENERGY CORP,FE,www.firstenergycorp.com
A,USD,STD,INDL,C,008099,2023-12-31,FIRSTENERGY CORP,FE,www.firstenergycorp.com
A,USD,STD,INDL,C,008099,2024-12-31,FIRSTENERGY CORP,FE,www.firstenergycorp.com
A,USD,STD,INDL,C,008099,2025-12-31,FIRSTENERGY CORP,FE,www.firstenergycorp.com
A,USD,STD,INDL,C,008151,2010-12-31,ONEOK INC,OKE,www.oneok.com/
A,USD,STD,INDL,C,008151,2011-12-31,ONEOK INC,OKE,www.oneok.com/
A,USD,STD,INDL,C,008151,2012-12-31,ONEOK INC,OKE,www.oneok.com/
A,USD,STD,INDL,C,008151,2013-12-31,ONEOK INC,OKE,www.oneok.com/
A,USD,STD,INDL,C,008151,2014-12-31,ONEOK INC,OKE,www.oneok.com/
A,USD,STD,INDL,C,008151,2015-12-31,ONEOK INC,OKE,www.oneok.com/
A,USD,STD,INDL,C,008151,2016-12-31,ONEOK INC,OKE,www.oneok.com/
A,USD,STD,INDL,C,008151,2017-12-31,ONEOK INC,OKE,www.oneok.com/
A,USD,STD,INDL,C,008151,2018-12-31,ONEOK INC,OKE,www.oneok.com/
A,USD,STD,INDL,C,008151,2019-12-31,ONEOK INC,OKE,www.oneok.com/
A,USD,STD,INDL,C,008151,2020-12-31,ONEOK INC,OKE,www.oneok.com/
A,USD,STD,INDL,C,008151,2021-12-31,ONEOK INC,OKE,www.oneok.com/
A,USD,STD,INDL,C,008151,2022-12-31,ONEOK INC,OKE,www.oneok.com/
A,USD,STD,INDL,C,008151,2023-12-31,ONEOK INC,OKE,www.oneok.com/
A,USD,STD,INDL,C,008151,2024-12-31,ONEOK INC,OKE,www.oneok.com/
A,USD,STD,INDL,C,008151,2025-12-31,ONEOK INC,OKE,www.oneok.com/
A,USD,STD,FS,C,008245,2010-12-31,PNC FINANCIAL SVCS GROUP INC,PNC,www.pnc.com
A,USD,STD,INDL,C,008245,2010-12-31,PNC FINANCIAL SVCS GROUP INC,PNC,www.pnc.com
A,USD,STD,FS,C,008245,2011-12-31,PNC FINANCIAL SVCS GROUP INC,PNC,www.pnc.com
A,USD,STD,INDL,C,008245,2011-12-31,PNC FINANCIAL SVCS GROUP INC,PNC,www.pnc.com
A,USD,STD,FS,C,008245,2012-12-31,PNC FINANCIAL SVCS GROUP INC,PNC,www.pnc.com
A,USD,STD,INDL,C,008245,2012-12-31,PNC FINANCIAL SVCS GROUP INC,PNC,www.pnc.com
A,USD,STD,FS,C,008245,2013-12-31,PNC FINANCIAL SVCS GROUP INC,PNC,www.pnc.com
A,USD,STD,INDL,C,008245,2013-12-31,PNC FINANCIAL SVCS GROUP INC,PNC,www.pnc.com
A,USD,STD,FS,C,008245,2014-12-31,PNC FINANCIAL SVCS GROUP INC,PNC,www.pnc.com
A,USD,STD,INDL,C,008245,2014-12-31,PNC FINANCIAL SVCS GROUP INC,PNC,www.pnc.com
A,USD,STD,FS,C,008245,2015-12-31,PNC FINANCIAL SVCS GROUP INC,PNC,www.pnc.com
A,USD,STD,INDL,C,008245,2015-12-31,PNC FINANCIAL SVCS GROUP INC,PNC,www.pnc.com
A,USD,STD,FS,C,008245,2016-12-31,PNC FINANCIAL SVCS GROUP INC,PNC,www.pnc.com
A,USD,STD,INDL,C,008245,2016-12-31,PNC FINANCIAL SVCS GROUP INC,PNC,www.pnc.com
A,USD,STD,FS,C,008245,2017-12-31,PNC FINANCIAL SVCS GROUP INC,PNC,www.pnc.com
A,USD,STD,INDL,C,008245,2017-12-31,PNC FINANCIAL SVCS GROUP INC,PNC,www.pnc.com
A,USD,STD,FS,C,008245,2018-12-31,PNC FINANCIAL SVCS GROUP INC,PNC,www.pnc.com
A,USD,STD,INDL,C,008245,2018-12-31,PNC FINANCIAL SVCS GROUP INC,PNC,www.pnc.com
A,USD,STD,FS,C,008245,2019-12-31,PNC FINANCIAL SVCS GROUP INC,PNC,www.pnc.com
A,USD,STD,INDL,C,008245,2019-12-31,PNC FINANCIAL SVCS GROUP INC,PNC,www.pnc.com
A,USD,STD,FS,C,008245,2020-12-31,PNC FINANCIAL SVCS GROUP INC,PNC,www.pnc.com
A,USD,STD,INDL,C,008245,2020-12-31,PNC FINANCIAL SVCS GROUP INC,PNC,www.pnc.com
A,USD,STD,FS,C,008245,2021-12-31,PNC FINANCIAL SVCS GROUP INC,PNC,www.pnc.com
A,USD,STD,INDL,C,008245,2021-12-31,PNC FINANCIAL SVCS GROUP INC,PNC,www.pnc.com
A,USD,STD,FS,C,008245,2022-12-31,PNC FINANCIAL SVCS GROUP INC,PNC,www.pnc.com
A,USD,STD,INDL,C,008245,2022-12-31,PNC FINANCIAL SVCS GROUP INC,PNC,www.pnc.com
A,USD,STD,FS,C,008245,2023-12-31,PNC FINANCIAL SVCS GROUP INC,PNC,www.pnc.com
A,USD,STD,INDL,C,008245,2023-12-31,PNC FINANCIAL SVCS GROUP INC,PNC,www.pnc.com
A,USD,STD,FS,C,008245,2024-12-31,PNC FINANCIAL SVCS GROUP INC,PNC,www.pnc.com
A,USD,STD,INDL,C,008245,2024-12-31,PNC FINANCIAL SVCS GROUP INC,PNC,www.pnc.com
A,USD,STD,FS,C,008245,2025-12-31,PNC FINANCIAL SVCS GROUP INC,PNC,www.pnc.com
A,USD,STD,INDL,C,008245,2025-12-31,PNC FINANCIAL SVCS GROUP INC,PNC,www.pnc.com
A,USD,STD,INDL,C,008247,2010-12-31,PPG INDUSTRIES INC,PPG,www.ppg.com
A,USD,STD,INDL,C,008247,2011-12-31,PPG INDUSTRIES INC,PPG,www.ppg.com
A,USD,STD,INDL,C,008247,2012-12-31,PPG INDUSTRIES INC,PPG,www.ppg.com
A,USD,STD,INDL,C,008247,2013-12-31,PPG INDUSTRIES INC,PPG,www.ppg.com
A,USD,STD,INDL,C,008247,2014-12-31,PPG INDUSTRIES INC,PPG,www.ppg.com
A,USD,STD,INDL,C,008247,2015-12-31,PPG INDUSTRIES INC,PPG,www.ppg.com
A,USD,STD,INDL,C,008247,2016-12-31,PPG INDUSTRIES INC,PPG,www.ppg.com
A,USD,STD,INDL,C,008247,2017-12-31,PPG INDUSTRIES INC,PPG,www.ppg.com
A,USD,STD,INDL,C,008247,2018-12-31,PPG INDUSTRIES INC,PPG,www.ppg.com
A,USD,STD,INDL,C,008247,2019-12-31,PPG INDUSTRIES INC,PPG,www.ppg.com
A,USD,STD,INDL,C,008247,2020-12-31,PPG INDUSTRIES INC,PPG,www.ppg.com
A,USD,STD,INDL,C,008247,2021-12-31,PPG INDUSTRIES INC,PPG,www.ppg.com
A,USD,STD,INDL,C,008247,2022-12-31,PPG INDUSTRIES INC,PPG,www.ppg.com
A,USD,STD,INDL,C,008247,2023-12-31,PPG INDUSTRIES INC,PPG,www.ppg.com
A,USD,STD,INDL,C,008247,2024-12-31,PPG INDUSTRIES INC,PPG,www.ppg.com
A,USD,STD,INDL,C,008247,2025-12-31,PPG INDUSTRIES INC,PPG,www.ppg.com
A,USD,STD,INDL,C,008253,2010-12-31,PACCAR INC,PCAR,www.paccar.com
A,USD,STD,INDL,C,008253,2011-12-31,PACCAR INC,PCAR,www.paccar.com
A,USD,STD,INDL,C,008253,2012-12-31,PACCAR INC,PCAR,www.paccar.com
A,USD,STD,INDL,C,008253,2013-12-31,PACCAR INC,PCAR,www.paccar.com
A,USD,STD,INDL,C,008253,2014-12-31,PACCAR INC,PCAR,www.paccar.com
A,USD,STD,INDL,C,008253,2015-12-31,PACCAR INC,PCAR,www.paccar.com
A,USD,STD,INDL,C,008253,2016-12-31,PACCAR INC,PCAR,www.paccar.com
A,USD,STD,INDL,C,008253,2017-12-31,PACCAR INC,PCAR,www.paccar.com
A,USD,STD,INDL,C,008253,2018-12-31,PACCAR INC,PCAR,www.paccar.com
A,USD,STD,INDL,C,008253,2019-12-31,PACCAR INC,PCAR,www.paccar.com
A,USD,STD,INDL,C,008253,2020-12-31,PACCAR INC,PCAR,www.paccar.com
A,USD,STD,INDL,C,008253,2021-12-31,PACCAR INC,PCAR,www.paccar.com
A,USD,STD,INDL,C,008253,2022-12-31,PACCAR INC,PCAR,www.paccar.com
A,USD,STD,INDL,C,008253,2023-12-31,PACCAR INC,PCAR,www.paccar.com
A,USD,STD,INDL,C,008253,2024-12-31,PACCAR INC,PCAR,www.paccar.com
A,USD,STD,INDL,C,008253,2025-12-31,PACCAR INC,PCAR,www.paccar.com
A,USD,STD,INDL,C,008264,2010-12-31,PG&E CORP,PCG,www.pgecorp.com
A,USD,STD,INDL,C,008264,2011-12-31,PG&E CORP,PCG,www.pgecorp.com
A,USD,STD,INDL,C,008264,2012-12-31,PG&E CORP,PCG,www.pgecorp.com
A,USD,STD,INDL,C,008264,2013-12-31,PG&E CORP,PCG,www.pgecorp.com
A,USD,STD,INDL,C,008264,2014-12-31,PG&E CORP,PCG,www.pgecorp.com
A,USD,STD,INDL,C,008264,2015-12-31,PG&E CORP,PCG,www.pgecorp.com
A,USD,STD,INDL,C,008264,2016-12-31,PG&E CORP,PCG,www.pgecorp.com
A,USD,STD,INDL,C,008264,2017-12-31,PG&E CORP,PCG,www.pgecorp.com
A,USD,STD,INDL,C,008264,2018-12-31,PG&E CORP,PCG,www.pgecorp.com
A,USD,STD,INDL,C,008264,2019-12-31,PG&E CORP,PCG,www.pgecorp.com
A,USD,STD,INDL,C,008264,2020-12-31,PG&E CORP,PCG,www.pgecorp.com
A,USD,STD,INDL,C,008264,2021-12-31,PG&E CORP,PCG,www.pgecorp.com
A,USD,STD,INDL,C,008264,2022-12-31,PG&E CORP,PCG,www.pgecorp.com
A,USD,STD,INDL,C,008264,2023-12-31,PG&E CORP,PCG,www.pgecorp.com
A,USD,STD,INDL,C,008264,2024-12-31,PG&E CORP,PCG,www.pgecorp.com
A,USD,STD,INDL,C,008264,2025-12-31,PG&E CORP,PCG,www.pgecorp.com
A,USD,STD,INDL,C,008272,2010-12-31,SEMPRA ENERGY,SRE,www.sempra.com
A,USD,STD,INDL,C,008272,2011-12-31,SEMPRA ENERGY,SRE,www.sempra.com
A,USD,STD,INDL,C,008272,2012-12-31,SEMPRA ENERGY,SRE,www.sempra.com
A,USD,STD,INDL,C,008272,2013-12-31,SEMPRA ENERGY,SRE,www.sempra.com
A,USD,STD,INDL,C,008272,2014-12-31,SEMPRA ENERGY,SRE,www.sempra.com
A,USD,STD,INDL,C,008272,2015-12-31,SEMPRA ENERGY,SRE,www.sempra.com
A,USD,STD,INDL,C,008272,2016-12-31,SEMPRA ENERGY,SRE,www.sempra.com
A,USD,STD,INDL,C,008272,2017-12-31,SEMPRA ENERGY,SRE,www.sempra.com
A,USD,STD,INDL,C,008272,2018-12-31,SEMPRA ENERGY,SRE,www.sempra.com
A,USD,STD,INDL,C,008272,2019-12-31,SEMPRA ENERGY,SRE,www.sempra.com
A,USD,STD,INDL,C,008272,2020-12-31,SEMPRA ENERGY,SRE,www.sempra.com
A,USD,STD,INDL,C,008272,2021-12-31,SEMPRA ENERGY,SRE,www.sempra.com
A,USD,STD,INDL,C,008272,2022-12-31,SEMPRA ENERGY,SRE,www.sempra.com
A,USD,STD,INDL,C,008272,2023-12-31,SEMPRA ENERGY,SRE,www.sempra.com
A,USD,STD,INDL,C,008272,2024-12-31,SEMPRA ENERGY,SRE,www.sempra.com
A,USD,STD,INDL,C,008272,2025-12-31,SEMPRA ENERGY,SRE,www.sempra.com
A,USD,STD,INDL,C,008358,2010-06-30,PARKER-HANNIFIN CORP,PH,www.parker.com
A,USD,STD,INDL,C,008358,2011-06-30,PARKER-HANNIFIN CORP,PH,www.parker.com
A,USD,STD,INDL,C,008358,2012-06-30,PARKER-HANNIFIN CORP,PH,www.parker.com
A,USD,STD,INDL,C,008358,2013-06-30,PARKER-HANNIFIN CORP,PH,www.parker.com
A,USD,STD,INDL,C,008358,2014-06-30,PARKER-HANNIFIN CORP,PH,www.parker.com
A,USD,STD,INDL,C,008358,2015-06-30,PARKER-HANNIFIN CORP,PH,www.parker.com
A,USD,STD,INDL,C,008358,2016-06-30,PARKER-HANNIFIN CORP,PH,www.parker.com
A,USD,STD,INDL,C,008358,2017-06-30,PARKER-HANNIFIN CORP,PH,www.parker.com
A,USD,STD,INDL,C,008358,2018-06-30,PARKER-HANNIFIN CORP,PH,www.parker.com
A,USD,STD,INDL,C,008358,2019-06-30,PARKER-HANNIFIN CORP,PH,www.parker.com
A,USD,STD,INDL,C,008358,2020-06-30,PARKER-HANNIFIN CORP,PH,www.parker.com
A,USD,STD,INDL,C,008358,2021-06-30,PARKER-HANNIFIN CORP,PH,www.parker.com
A,USD,STD,INDL,C,008358,2022-06-30,PARKER-HANNIFIN CORP,PH,www.parker.com
A,USD,STD,INDL,C,008358,2023-06-30,PARKER-HANNIFIN CORP,PH,www.parker.com
A,USD,STD,INDL,C,008358,2024-06-30,PARKER-HANNIFIN CORP,PH,www.parker.com
A,USD,STD,INDL,C,008358,2025-06-30,PARKER-HANNIFIN CORP,PH,www.parker.com
A,USD,STD,INDL,C,008402,2010-05-31,PAYCHEX INC,PAYX,www.paychex.com
A,USD,STD,INDL,C,008402,2011-05-31,PAYCHEX INC,PAYX,www.paychex.com
A,USD,STD,INDL,C,008402,2012-05-31,PAYCHEX INC,PAYX,www.paychex.com
A,USD,STD,INDL,C,008402,2013-05-31,PAYCHEX INC,PAYX,www.paychex.com
A,USD,STD,INDL,C,008402,2014-05-31,PAYCHEX INC,PAYX,www.paychex.com
A,USD,STD,INDL,C,008402,2015-05-31,PAYCHEX INC,PAYX,www.paychex.com
A,USD,STD,INDL,C,008402,2016-05-31,PAYCHEX INC,PAYX,www.paychex.com
A,USD,STD,INDL,C,008402,2017-05-31,PAYCHEX INC,PAYX,www.paychex.com
A,USD,STD,INDL,C,008402,2018-05-31,PAYCHEX INC,PAYX,www.paychex.com
A,USD,STD,INDL,C,008402,2019-05-31,PAYCHEX INC,PAYX,www.paychex.com
A,USD,STD,INDL,C,008402,2020-05-31,PAYCHEX INC,PAYX,www.paychex.com
A,USD,STD,INDL,C,008402,2021-05-31,PAYCHEX INC,PAYX,www.paychex.com
A,USD,STD,INDL,C,008402,2022-05-31,PAYCHEX INC,PAYX,www.paychex.com
A,USD,STD,INDL,C,008402,2023-05-31,PAYCHEX INC,PAYX,www.paychex.com
A,USD,STD,INDL,C,008402,2024-05-31,PAYCHEX INC,PAYX,www.paychex.com
A,USD,STD,INDL,C,008402,2025-05-31,PAYCHEX INC,PAYX,www.paychex.com
A,USD,STD,INDL,C,008455,2010-12-31,PPL CORP,PPL,www.pplweb.com
A,USD,STD,INDL,C,008455,2011-12-31,PPL CORP,PPL,www.pplweb.com
A,USD,STD,INDL,C,008455,2012-12-31,PPL CORP,PPL,www.pplweb.com
A,USD,STD,INDL,C,008455,2013-12-31,PPL CORP,PPL,www.pplweb.com
A,USD,STD,INDL,C,008455,2014-12-31,PPL CORP,PPL,www.pplweb.com
A,USD,STD,INDL,C,008455,2015-12-31,PPL CORP,PPL,www.pplweb.com
A,USD,STD,INDL,C,008455,2016-12-31,PPL CORP,PPL,www.pplweb.com
A,USD,STD,INDL,C,008455,2017-12-31,PPL CORP,PPL,www.pplweb.com
A,USD,STD,INDL,C,008455,2018-12-31,PPL CORP,PPL,www.pplweb.com
A,USD,STD,INDL,C,008455,2019-12-31,PPL CORP,PPL,www.pplweb.com
A,USD,STD,INDL,C,008455,2020-12-31,PPL CORP,PPL,www.pplweb.com
A,USD,STD,INDL,C,008455,2021-12-31,PPL CORP,PPL,www.pplweb.com
A,USD,STD,INDL,C,008455,2022-12-31,PPL CORP,PPL,www.pplweb.com
A,USD,STD,INDL,C,008455,2023-12-31,PPL CORP,PPL,www.pplweb.com
A,USD,STD,INDL,C,008455,2024-12-31,PPL CORP,PPL,www.pplweb.com
A,USD,STD,INDL,C,008455,2025-12-31,PPL CORP,PPL,www.pplweb.com
A,USD,STD,INDL,C,008463,2010-12-31,PENTAIR PLC,PNR,www.pentair.com
A,USD,STD,INDL,C,008463,2011-12-31,PENTAIR PLC,PNR,www.pentair.com
A,USD,STD,INDL,C,008463,2012-12-31,PENTAIR PLC,PNR,www.pentair.com
A,USD,STD,INDL,C,008463,2013-12-31,PENTAIR PLC,PNR,www.pentair.com
A,USD,STD,INDL,C,008463,2014-12-31,PENTAIR PLC,PNR,www.pentair.com
A,USD,STD,INDL,C,008463,2015-12-31,PENTAIR PLC,PNR,www.pentair.com
A,USD,STD,INDL,C,008463,2016-12-31,PENTAIR PLC,PNR,www.pentair.com
A,USD,STD,INDL,C,008463,2017-12-31,PENTAIR PLC,PNR,www.pentair.com
A,USD,STD,INDL,C,008463,2018-12-31,PENTAIR PLC,PNR,www.pentair.com
A,USD,STD,INDL,C,008463,2019-12-31,PENTAIR PLC,PNR,www.pentair.com
A,USD,STD,INDL,C,008463,2020-12-31,PENTAIR PLC,PNR,www.pentair.com
A,USD,STD,INDL,C,008463,2021-12-31,PENTAIR PLC,PNR,www.pentair.com
A,USD,STD,INDL,C,008463,2022-12-31,PENTAIR PLC,PNR,www.pentair.com
A,USD,STD,INDL,C,008463,2023-12-31,PENTAIR PLC,PNR,www.pentair.com
A,USD,STD,INDL,C,008463,2024-12-31,PENTAIR PLC,PNR,www.pentair.com
A,USD,STD,INDL,C,008463,2025-12-31,PENTAIR PLC,PNR,www.pentair.com
A,USD,STD,INDL,C,008479,2010-12-31,PEPSICO INC,PEP,www.pepsico.com
A,USD,STD,INDL,C,008479,2011-12-31,PEPSICO INC,PEP,www.pepsico.com
A,USD,STD,INDL,C,008479,2012-12-31,PEPSICO INC,PEP,www.pepsico.com
A,USD,STD,INDL,C,008479,2013-12-31,PEPSICO INC,PEP,www.pepsico.com
A,USD,STD,INDL,C,008479,2014-12-31,PEPSICO INC,PEP,www.pepsico.com
A,USD,STD,INDL,C,008479,2015-12-31,PEPSICO INC,PEP,www.pepsico.com
A,USD,STD,INDL,C,008479,2016-12-31,PEPSICO INC,PEP,www.pepsico.com
A,USD,STD,INDL,C,008479,2017-12-31,PEPSICO INC,PEP,www.pepsico.com
A,USD,STD,INDL,C,008479,2018-12-31,PEPSICO INC,PEP,www.pepsico.com
A,USD,STD,INDL,C,008479,2019-12-31,PEPSICO INC,PEP,www.pepsico.com
A,USD,STD,INDL,C,008479,2020-12-31,PEPSICO INC,PEP,www.pepsico.com
A,USD,STD,INDL,C,008479,2021-12-31,PEPSICO INC,PEP,www.pepsico.com
A,USD,STD,INDL,C,008479,2022-12-31,PEPSICO INC,PEP,www.pepsico.com
A,USD,STD,INDL,C,008479,2023-12-31,PEPSICO INC,PEP,www.pepsico.com
A,USD,STD,INDL,C,008479,2024-12-31,PEPSICO INC,PEP,www.pepsico.com
A,USD,STD,INDL,C,008479,2025-12-31,PEPSICO INC,PEP,www.pepsico.com
A,USD,STD,INDL,C,008530,2010-12-31,PFIZER INC,PFE,www.pfizer.com
A,USD,STD,INDL,C,008530,2011-12-31,PFIZER INC,PFE,www.pfizer.com
A,USD,STD,INDL,C,008530,2012-12-31,PFIZER INC,PFE,www.pfizer.com
A,USD,STD,INDL,C,008530,2013-12-31,PFIZER INC,PFE,www.pfizer.com
A,USD,STD,INDL,C,008530,2014-12-31,PFIZER INC,PFE,www.pfizer.com
A,USD,STD,INDL,C,008530,2015-12-31,PFIZER INC,PFE,www.pfizer.com
A,USD,STD,INDL,C,008530,2016-12-31,PFIZER INC,PFE,www.pfizer.com
A,USD,STD,INDL,C,008530,2017-12-31,PFIZER INC,PFE,www.pfizer.com
A,USD,STD,INDL,C,008530,2018-12-31,PFIZER INC,PFE,www.pfizer.com
A,USD,STD,INDL,C,008530,2019-12-31,PFIZER INC,PFE,www.pfizer.com
A,USD,STD,INDL,C,008530,2020-12-31,PFIZER INC,PFE,www.pfizer.com
A,USD,STD,INDL,C,008530,2021-12-31,PFIZER INC,PFE,www.pfizer.com
A,USD,STD,INDL,C,008530,2022-12-31,PFIZER INC,PFE,www.pfizer.com
A,USD,STD,INDL,C,008530,2023-12-31,PFIZER INC,PFE,www.pfizer.com
A,USD,STD,INDL,C,008530,2024-12-31,PFIZER INC,PFE,www.pfizer.com
A,USD,STD,INDL,C,008530,2025-12-31,PFIZER INC,PFE,www.pfizer.com
A,USD,STD,INDL,C,008539,2010-12-31,EXELON CORP,EXC,www.exeloncorp.com
A,USD,STD,INDL,C,008539,2011-12-31,EXELON CORP,EXC,www.exeloncorp.com
A,USD,STD,INDL,C,008539,2012-12-31,EXELON CORP,EXC,www.exeloncorp.com
A,USD,STD,INDL,C,008539,2013-12-31,EXELON CORP,EXC,www.exeloncorp.com
A,USD,STD,INDL,C,008539,2014-12-31,EXELON CORP,EXC,www.exeloncorp.com
A,USD,STD,INDL,C,008539,2015-12-31,EXELON CORP,EXC,www.exeloncorp.com
A,USD,STD,INDL,C,008539,2016-12-31,EXELON CORP,EXC,www.exeloncorp.com
A,USD,STD,INDL,C,008539,2017-12-31,EXELON CORP,EXC,www.exeloncorp.com
A,USD,STD,INDL,C,008539,2018-12-31,EXELON CORP,EXC,www.exeloncorp.com
A,USD,STD,INDL,C,008539,2019-12-31,EXELON CORP,EXC,www.exeloncorp.com
A,USD,STD,INDL,C,008539,2020-12-31,EXELON CORP,EXC,www.exeloncorp.com
A,USD,STD,INDL,C,008539,2021-12-31,EXELON CORP,EXC,www.exeloncorp.com
A,USD,STD,INDL,C,008539,2022-12-31,EXELON CORP,EXC,www.exeloncorp.com
A,USD,STD,INDL,C,008539,2023-12-31,EXELON CORP,EXC,www.exeloncorp.com
A,USD,STD,INDL,C,008539,2024-12-31,EXELON CORP,EXC,www.exeloncorp.com
A,USD,STD,INDL,C,008539,2025-12-31,EXELON CORP,EXC,www.exeloncorp.com
A,USD,STD,INDL,C,008543,2010-12-31,ALTRIA GROUP INC,MO,www.altria.com
A,USD,STD,INDL,C,008543,2011-12-31,ALTRIA GROUP INC,MO,www.altria.com
A,USD,STD,INDL,C,008543,2012-12-31,ALTRIA GROUP INC,MO,www.altria.com
A,USD,STD,INDL,C,008543,2013-12-31,ALTRIA GROUP INC,MO,www.altria.com
A,USD,STD,INDL,C,008543,2014-12-31,ALTRIA GROUP INC,MO,www.altria.com
A,USD,STD,INDL,C,008543,2015-12-31,ALTRIA GROUP INC,MO,www.altria.com
A,USD,STD,INDL,C,008543,2016-12-31,ALTRIA GROUP INC,MO,www.altria.com
A,USD,STD,INDL,C,008543,2017-12-31,ALTRIA GROUP INC,MO,www.altria.com
A,USD,STD,INDL,C,008543,2018-12-31,ALTRIA GROUP INC,MO,www.altria.com
A,USD,STD,INDL,C,008543,2019-12-31,ALTRIA GROUP INC,MO,www.altria.com
A,USD,STD,INDL,C,008543,2020-12-31,ALTRIA GROUP INC,MO,www.altria.com
A,USD,STD,INDL,C,008543,2021-12-31,ALTRIA GROUP INC,MO,www.altria.com
A,USD,STD,INDL,C,008543,2022-12-31,ALTRIA GROUP INC,MO,www.altria.com
A,USD,STD,INDL,C,008543,2023-12-31,ALTRIA GROUP INC,MO,www.altria.com
A,USD,STD,INDL,C,008543,2024-12-31,ALTRIA GROUP INC,MO,www.altria.com
A,USD,STD,INDL,C,008543,2025-12-31,ALTRIA GROUP INC,MO,www.altria.com
A,USD,STD,INDL,C,008549,2010-12-31,CONOCOPHILLIPS,COP,www.conocophillips.com
A,USD,STD,INDL,C,008549,2011-12-31,CONOCOPHILLIPS,COP,www.conocophillips.com
A,USD,STD,INDL,C,008549,2012-12-31,CONOCOPHILLIPS,COP,www.conocophillips.com
A,USD,STD,INDL,C,008549,2013-12-31,CONOCOPHILLIPS,COP,www.conocophillips.com
A,USD,STD,INDL,C,008549,2014-12-31,CONOCOPHILLIPS,COP,www.conocophillips.com
A,USD,STD,INDL,C,008549,2015-12-31,CONOCOPHILLIPS,COP,www.conocophillips.com
A,USD,STD,INDL,C,008549,2016-12-31,CONOCOPHILLIPS,COP,www.conocophillips.com
A,USD,STD,INDL,C,008549,2017-12-31,CONOCOPHILLIPS,COP,www.conocophillips.com
A,USD,STD,INDL,C,008549,2018-12-31,CONOCOPHILLIPS,COP,www.conocophillips.com
A,USD,STD,INDL,C,008549,2019-12-31,CONOCOPHILLIPS,COP,www.conocophillips.com
A,USD,STD,INDL,C,008549,2020-12-31,CONOCOPHILLIPS,COP,www.conocophillips.com
A,USD,STD,INDL,C,008549,2021-12-31,CONOCOPHILLIPS,COP,www.conocophillips.com
A,USD,STD,INDL,C,008549,2022-12-31,CONOCOPHILLIPS,COP,www.conocophillips.com
A,USD,STD,INDL,C,008549,2023-12-31,CONOCOPHILLIPS,COP,www.conocophillips.com
A,USD,STD,INDL,C,008549,2024-12-31,CONOCOPHILLIPS,COP,www.conocophillips.com
A,USD,STD,INDL,C,008549,2025-12-31,CONOCOPHILLIPS,COP,www.conocophillips.com
A,USD,STD,INDL,C,008762,2010-06-30,PROCTER & GAMBLE CO,PG,www.pginvestor.com
A,USD,STD,INDL,C,008762,2011-06-30,PROCTER & GAMBLE CO,PG,www.pginvestor.com
A,USD,STD,INDL,C,008762,2012-06-30,PROCTER & GAMBLE CO,PG,www.pginvestor.com
A,USD,STD,INDL,C,008762,2013-06-30,PROCTER & GAMBLE CO,PG,www.pginvestor.com
A,USD,STD,INDL,C,008762,2014-06-30,PROCTER & GAMBLE CO,PG,www.pginvestor.com
A,USD,STD,INDL,C,008762,2015-06-30,PROCTER & GAMBLE CO,PG,www.pginvestor.com
A,USD,STD,INDL,C,008762,2016-06-30,PROCTER & GAMBLE CO,PG,www.pginvestor.com
A,USD,STD,INDL,C,008762,2017-06-30,PROCTER & GAMBLE CO,PG,www.pginvestor.com
A,USD,STD,INDL,C,008762,2018-06-30,PROCTER & GAMBLE CO,PG,www.pginvestor.com
A,USD,STD,INDL,C,008762,2019-06-30,PROCTER & GAMBLE CO,PG,www.pginvestor.com
A,USD,STD,INDL,C,008762,2020-06-30,PROCTER & GAMBLE CO,PG,www.pginvestor.com
A,USD,STD,INDL,C,008762,2021-06-30,PROCTER & GAMBLE CO,PG,www.pginvestor.com
A,USD,STD,INDL,C,008762,2022-06-30,PROCTER & GAMBLE CO,PG,www.pginvestor.com
A,USD,STD,INDL,C,008762,2023-06-30,PROCTER & GAMBLE CO,PG,www.pginvestor.com
A,USD,STD,INDL,C,008762,2024-06-30,PROCTER & GAMBLE CO,PG,www.pginvestor.com
A,USD,STD,INDL,C,008762,2025-06-30,PROCTER & GAMBLE CO,PG,www.pginvestor.com
A,USD,STD,INDL,C,008810,2010-12-31,PUBLIC SERVICE ENTRP GRP INC,PEG,investor.pseg.com
A,USD,STD,INDL,C,008810,2011-12-31,PUBLIC SERVICE ENTRP GRP INC,PEG,investor.pseg.com
A,USD,STD,INDL,C,008810,2012-12-31,PUBLIC SERVICE ENTRP GRP INC,PEG,investor.pseg.com
A,USD,STD,INDL,C,008810,2013-12-31,PUBLIC SERVICE ENTRP GRP INC,PEG,investor.pseg.com
A,USD,STD,INDL,C,008810,2014-12-31,PUBLIC SERVICE ENTRP GRP INC,PEG,investor.pseg.com
A,USD,STD,INDL,C,008810,2015-12-31,PUBLIC SERVICE ENTRP GRP INC,PEG,investor.pseg.com
A,USD,STD,INDL,C,008810,2016-12-31,PUBLIC SERVICE ENTRP GRP INC,PEG,investor.pseg.com
A,USD,STD,INDL,C,008810,2017-12-31,PUBLIC SERVICE ENTRP GRP INC,PEG,investor.pseg.com
A,USD,STD,INDL,C,008810,2018-12-31,PUBLIC SERVICE ENTRP GRP INC,PEG,investor.pseg.com
A,USD,STD,INDL,C,008810,2019-12-31,PUBLIC SERVICE ENTRP GRP INC,PEG,investor.pseg.com
A,USD,STD,INDL,C,008810,2020-12-31,PUBLIC SERVICE ENTRP GRP INC,PEG,investor.pseg.com
A,USD,STD,INDL,C,008810,2021-12-31,PUBLIC SERVICE ENTRP GRP INC,PEG,investor.pseg.com
A,USD,STD,INDL,C,008810,2022-12-31,PUBLIC SERVICE ENTRP GRP INC,PEG,investor.pseg.com
A,USD,STD,INDL,C,008810,2023-12-31,PUBLIC SERVICE ENTRP GRP INC,PEG,investor.pseg.com
A,USD,STD,INDL,C,008810,2024-12-31,PUBLIC SERVICE ENTRP GRP INC,PEG,investor.pseg.com
A,USD,STD,INDL,C,008810,2025-12-31,PUBLIC SERVICE ENTRP GRP INC,PEG,investor.pseg.com
A,USD,STD,INDL,C,008823,2010-12-31,PULTEGROUP INC,PHM,pultegroupinc.com
A,USD,STD,INDL,C,008823,2011-12-31,PULTEGROUP INC,PHM,pultegroupinc.com
A,USD,STD,INDL,C,008823,2012-12-31,PULTEGROUP INC,PHM,pultegroupinc.com
A,USD,STD,INDL,C,008823,2013-12-31,PULTEGROUP INC,PHM,pultegroupinc.com
A,USD,STD,INDL,C,008823,2014-12-31,PULTEGROUP INC,PHM,pultegroupinc.com
A,USD,STD,INDL,C,008823,2015-12-31,PULTEGROUP INC,PHM,pultegroupinc.com
A,USD,STD,INDL,C,008823,2016-12-31,PULTEGROUP INC,PHM,pultegroupinc.com
A,USD,STD,INDL,C,008823,2017-12-31,PULTEGROUP INC,PHM,pultegroupinc.com
A,USD,STD,INDL,C,008823,2018-12-31,PULTEGROUP INC,PHM,pultegroupinc.com
A,USD,STD,INDL,C,008823,2019-12-31,PULTEGROUP INC,PHM,pultegroupinc.com
A,USD,STD,INDL,C,008823,2020-12-31,PULTEGROUP INC,PHM,pultegroupinc.com
A,USD,STD,INDL,C,008823,2021-12-31,PULTEGROUP INC,PHM,pultegroupinc.com
A,USD,STD,INDL,C,008823,2022-12-31,PULTEGROUP INC,PHM,pultegroupinc.com
A,USD,STD,INDL,C,008823,2023-12-31,PULTEGROUP INC,PHM,pultegroupinc.com
A,USD,STD,INDL,C,008823,2024-12-31,PULTEGROUP INC,PHM,pultegroupinc.com
A,USD,STD,INDL,C,008823,2025-12-31,PULTEGROUP INC,PHM,pultegroupinc.com
A,USD,STD,FS,C,008898,2010-09-30,RAYMOND JAMES FINANCIAL INC,RJF,www.raymondjames.com
A,USD,STD,INDL,C,008898,2010-09-30,RAYMOND JAMES FINANCIAL INC,RJF,www.raymondjames.com
A,USD,STD,FS,C,008898,2011-09-30,RAYMOND JAMES FINANCIAL INC,RJF,www.raymondjames.com
A,USD,STD,INDL,C,008898,2011-09-30,RAYMOND JAMES FINANCIAL INC,RJF,www.raymondjames.com
A,USD,STD,FS,C,008898,2012-09-30,RAYMOND JAMES FINANCIAL INC,RJF,www.raymondjames.com
A,USD,STD,INDL,C,008898,2012-09-30,RAYMOND JAMES FINANCIAL INC,RJF,www.raymondjames.com
A,USD,STD,FS,C,008898,2013-09-30,RAYMOND JAMES FINANCIAL INC,RJF,www.raymondjames.com
A,USD,STD,INDL,C,008898,2013-09-30,RAYMOND JAMES FINANCIAL INC,RJF,www.raymondjames.com
A,USD,STD,FS,C,008898,2014-09-30,RAYMOND JAMES FINANCIAL INC,RJF,www.raymondjames.com
A,USD,STD,INDL,C,008898,2014-09-30,RAYMOND JAMES FINANCIAL INC,RJF,www.raymondjames.com
A,USD,STD,FS,C,008898,2015-09-30,RAYMOND JAMES FINANCIAL INC,RJF,www.raymondjames.com
A,USD,STD,INDL,C,008898,2015-09-30,RAYMOND JAMES FINANCIAL INC,RJF,www.raymondjames.com
A,USD,STD,FS,C,008898,2016-09-30,RAYMOND JAMES FINANCIAL INC,RJF,www.raymondjames.com
A,USD,STD,INDL,C,008898,2016-09-30,RAYMOND JAMES FINANCIAL INC,RJF,www.raymondjames.com
A,USD,STD,FS,C,008898,2017-09-30,RAYMOND JAMES FINANCIAL INC,RJF,www.raymondjames.com
A,USD,STD,INDL,C,008898,2017-09-30,RAYMOND JAMES FINANCIAL INC,RJF,www.raymondjames.com
A,USD,STD,FS,C,008898,2018-09-30,RAYMOND JAMES FINANCIAL INC,RJF,www.raymondjames.com
A,USD,STD,INDL,C,008898,2018-09-30,RAYMOND JAMES FINANCIAL INC,RJF,www.raymondjames.com
A,USD,STD,FS,C,008898,2019-09-30,RAYMOND JAMES FINANCIAL INC,RJF,www.raymondjames.com
A,USD,STD,INDL,C,008898,2019-09-30,RAYMOND JAMES FINANCIAL INC,RJF,www.raymondjames.com
A,USD,STD,FS,C,008898,2020-09-30,RAYMOND JAMES FINANCIAL INC,RJF,www.raymondjames.com
A,USD,STD,INDL,C,008898,2020-09-30,RAYMOND JAMES FINANCIAL INC,RJF,www.raymondjames.com
A,USD,STD,FS,C,008898,2021-09-30,RAYMOND JAMES FINANCIAL INC,RJF,www.raymondjames.com
A,USD,STD,INDL,C,008898,2021-09-30,RAYMOND JAMES FINANCIAL INC,RJF,www.raymondjames.com
A,USD,STD,FS,C,008898,2022-09-30,RAYMOND JAMES FINANCIAL INC,RJF,www.raymondjames.com
A,USD,STD,INDL,C,008898,2022-09-30,RAYMOND JAMES FINANCIAL INC,RJF,www.raymondjames.com
A,USD,STD,FS,C,008898,2023-09-30,RAYMOND JAMES FINANCIAL INC,RJF,www.raymondjames.com
A,USD,STD,INDL,C,008898,2023-09-30,RAYMOND JAMES FINANCIAL INC,RJF,www.raymondjames.com
A,USD,STD,FS,C,008898,2024-09-30,RAYMOND JAMES FINANCIAL INC,RJF,www.raymondjames.com
A,USD,STD,INDL,C,008898,2024-09-30,RAYMOND JAMES FINANCIAL INC,RJF,www.raymondjames.com
A,USD,STD,FS,C,008898,2025-09-30,RAYMOND JAMES FINANCIAL INC,RJF,www.raymondjames.com
A,USD,STD,INDL,C,008898,2025-09-30,RAYMOND JAMES FINANCIAL INC,RJF,www.raymondjames.com
A,USD,STD,INDL,C,009203,2010-09-30,ROCKWELL AUTOMATION,ROK,www.rockwellautomation.com
A,USD,STD,INDL,C,009203,2011-09-30,ROCKWELL AUTOMATION,ROK,www.rockwellautomation.com
A,USD,STD,INDL,C,009203,2012-09-30,ROCKWELL AUTOMATION,ROK,www.rockwellautomation.com
A,USD,STD,INDL,C,009203,2013-09-30,ROCKWELL AUTOMATION,ROK,www.rockwellautomation.com
A,USD,STD,INDL,C,009203,2014-09-30,ROCKWELL AUTOMATION,ROK,www.rockwellautomation.com
A,USD,STD,INDL,C,009203,2015-09-30,ROCKWELL AUTOMATION,ROK,www.rockwellautomation.com
A,USD,STD,INDL,C,009203,2016-09-30,ROCKWELL AUTOMATION,ROK,www.rockwellautomation.com
A,USD,STD,INDL,C,009203,2017-09-30,ROCKWELL AUTOMATION,ROK,www.rockwellautomation.com
A,USD,STD,INDL,C,009203,2018-09-30,ROCKWELL AUTOMATION,ROK,www.rockwellautomation.com
A,USD,STD,INDL,C,009203,2019-09-30,ROCKWELL AUTOMATION,ROK,www.rockwellautomation.com
A,USD,STD,INDL,C,009203,2020-09-30,ROCKWELL AUTOMATION,ROK,www.rockwellautomation.com
A,USD,STD,INDL,C,009203,2021-09-30,ROCKWELL AUTOMATION,ROK,www.rockwellautomation.com
A,USD,STD,INDL,C,009203,2022-09-30,ROCKWELL AUTOMATION,ROK,www.rockwellautomation.com
A,USD,STD,INDL,C,009203,2023-09-30,ROCKWELL AUTOMATION,ROK,www.rockwellautomation.com
A,USD,STD,INDL,C,009203,2024-09-30,ROCKWELL AUTOMATION,ROK,www.rockwellautomation.com
A,USD,STD,INDL,C,009203,2025-09-30,ROCKWELL AUTOMATION,ROK,www.rockwellautomation.com
A,USD,STD,INDL,C,009225,2010-12-31,ROLLINS INC,ROL,www.rollins.com
A,USD,STD,INDL,C,009225,2011-12-31,ROLLINS INC,ROL,www.rollins.com
A,USD,STD,INDL,C,009225,2012-12-31,ROLLINS INC,ROL,www.rollins.com
A,USD,STD,INDL,C,009225,2013-12-31,ROLLINS INC,ROL,www.rollins.com
A,USD,STD,INDL,C,009225,2014-12-31,ROLLINS INC,ROL,www.rollins.com
A,USD,STD,INDL,C,009225,2015-12-31,ROLLINS INC,ROL,www.rollins.com
A,USD,STD,INDL,C,009225,2016-12-31,ROLLINS INC,ROL,www.rollins.com
A,USD,STD,INDL,C,009225,2017-12-31,ROLLINS INC,ROL,www.rollins.com
A,USD,STD,INDL,C,009225,2018-12-31,ROLLINS INC,ROL,www.rollins.com
A,USD,STD,INDL,C,009225,2019-12-31,ROLLINS INC,ROL,www.rollins.com
A,USD,STD,INDL,C,009225,2020-12-31,ROLLINS INC,ROL,www.rollins.com
A,USD,STD,INDL,C,009225,2021-12-31,ROLLINS INC,ROL,www.rollins.com
A,USD,STD,INDL,C,009225,2022-12-31,ROLLINS INC,ROL,www.rollins.com
A,USD,STD,INDL,C,009225,2023-12-31,ROLLINS INC,ROL,www.rollins.com
A,USD,STD,INDL,C,009225,2024-12-31,ROLLINS INC,ROL,www.rollins.com
A,USD,STD,INDL,C,009225,2025-12-31,ROLLINS INC,ROL,www.rollins.com
A,USD,STD,INDL,C,009248,2010-01-31,ROSS STORES INC,ROST,www.rossstores.com
A,USD,STD,INDL,C,009248,2011-01-31,ROSS STORES INC,ROST,www.rossstores.com
A,USD,STD,INDL,C,009248,2012-01-31,ROSS STORES INC,ROST,www.rossstores.com
A,USD,STD,INDL,C,009248,2013-01-31,ROSS STORES INC,ROST,www.rossstores.com
A,USD,STD,INDL,C,009248,2014-01-31,ROSS STORES INC,ROST,www.rossstores.com
A,USD,STD,INDL,C,009248,2015-01-31,ROSS STORES INC,ROST,www.rossstores.com
A,USD,STD,INDL,C,009248,2016-01-31,ROSS STORES INC,ROST,www.rossstores.com
A,USD,STD,INDL,C,009248,2017-01-31,ROSS STORES INC,ROST,www.rossstores.com
A,USD,STD,INDL,C,009248,2018-01-31,ROSS STORES INC,ROST,www.rossstores.com
A,USD,STD,INDL,C,009248,2019-01-31,ROSS STORES INC,ROST,www.rossstores.com
A,USD,STD,INDL,C,009248,2020-01-31,ROSS STORES INC,ROST,www.rossstores.com
A,USD,STD,INDL,C,009248,2021-01-31,ROSS STORES INC,ROST,www.rossstores.com
A,USD,STD,INDL,C,009248,2022-01-31,ROSS STORES INC,ROST,www.rossstores.com
A,USD,STD,INDL,C,009248,2023-01-31,ROSS STORES INC,ROST,www.rossstores.com
A,USD,STD,INDL,C,009248,2024-01-31,ROSS STORES INC,ROST,www.rossstores.com
A,USD,STD,INDL,C,009248,2025-01-31,ROSS STORES INC,ROST,www.rossstores.com
A,USD,STD,INDL,C,009248,2026-01-31,ROSS STORES INC,ROST,www.rossstores.com
A,USD,STD,INDL,C,009465,2010-12-31,SLB LTD,SLB,www.slb.com
A,USD,STD,INDL,C,009465,2011-12-31,SLB LTD,SLB,www.slb.com
A,USD,STD,INDL,C,009465,2012-12-31,SLB LTD,SLB,www.slb.com
A,USD,STD,INDL,C,009465,2013-12-31,SLB LTD,SLB,www.slb.com
A,USD,STD,INDL,C,009465,2014-12-31,SLB LTD,SLB,www.slb.com
A,USD,STD,INDL,C,009465,2015-12-31,SLB LTD,SLB,www.slb.com
A,USD,STD,INDL,C,009465,2016-12-31,SLB LTD,SLB,www.slb.com
A,USD,STD,INDL,C,009465,2017-12-31,SLB LTD,SLB,www.slb.com
A,USD,STD,INDL,C,009465,2018-12-31,SLB LTD,SLB,www.slb.com
A,USD,STD,INDL,C,009465,2019-12-31,SLB LTD,SLB,www.slb.com
A,USD,STD,INDL,C,009465,2020-12-31,SLB LTD,SLB,www.slb.com
A,USD,STD,INDL,C,009465,2021-12-31,SLB LTD,SLB,www.slb.com
A,USD,STD,INDL,C,009465,2022-12-31,SLB LTD,SLB,www.slb.com
A,USD,STD,INDL,C,009465,2023-12-31,SLB LTD,SLB,www.slb.com
A,USD,STD,INDL,C,009465,2024-12-31,SLB LTD,SLB,www.slb.com
A,USD,STD,INDL,C,009465,2025-12-31,SLB LTD,SLB,www.slb.com
A,USD,STD,INDL,C,009667,2010-12-31,SHERWIN-WILLIAMS CO,SHW,www.sherwin-williams.com
A,USD,STD,INDL,C,009667,2011-12-31,SHERWIN-WILLIAMS CO,SHW,www.sherwin-williams.com
A,USD,STD,INDL,C,009667,2012-12-31,SHERWIN-WILLIAMS CO,SHW,www.sherwin-williams.com
A,USD,STD,INDL,C,009667,2013-12-31,SHERWIN-WILLIAMS CO,SHW,www.sherwin-williams.com
A,USD,STD,INDL,C,009667,2014-12-31,SHERWIN-WILLIAMS CO,SHW,www.sherwin-williams.com
A,USD,STD,INDL,C,009667,2015-12-31,SHERWIN-WILLIAMS CO,SHW,www.sherwin-williams.com
A,USD,STD,INDL,C,009667,2016-12-31,SHERWIN-WILLIAMS CO,SHW,www.sherwin-williams.com
A,USD,STD,INDL,C,009667,2017-12-31,SHERWIN-WILLIAMS CO,SHW,www.sherwin-williams.com
A,USD,STD,INDL,C,009667,2018-12-31,SHERWIN-WILLIAMS CO,SHW,www.sherwin-williams.com
A,USD,STD,INDL,C,009667,2019-12-31,SHERWIN-WILLIAMS CO,SHW,www.sherwin-williams.com
A,USD,STD,INDL,C,009667,2020-12-31,SHERWIN-WILLIAMS CO,SHW,www.sherwin-williams.com
A,USD,STD,INDL,C,009667,2021-12-31,SHERWIN-WILLIAMS CO,SHW,www.sherwin-williams.com
A,USD,STD,INDL,C,009667,2022-12-31,SHERWIN-WILLIAMS CO,SHW,www.sherwin-williams.com
A,USD,STD,INDL,C,009667,2023-12-31,SHERWIN-WILLIAMS CO,SHW,www.sherwin-williams.com
A,USD,STD,INDL,C,009667,2024-12-31,SHERWIN-WILLIAMS CO,SHW,www.sherwin-williams.com
A,USD,STD,INDL,C,009667,2025-12-31,SHERWIN-WILLIAMS CO,SHW,www.sherwin-williams.com
A,USD,STD,INDL,C,009771,2010-12-31,SMITH (A.O.),AOS,www.aosmith.com
A,USD,STD,INDL,C,009771,2011-12-31,SMITH (A.O.),AOS,www.aosmith.com
A,USD,STD,INDL,C,009771,2012-12-31,SMITH (A.O.),AOS,www.aosmith.com
A,USD,STD,INDL,C,009771,2013-12-31,SMITH (A.O.),AOS,www.aosmith.com
A,USD,STD,INDL,C,009771,2014-12-31,SMITH (A.O.),AOS,www.aosmith.com
A,USD,STD,INDL,C,009771,2015-12-31,SMITH (A.O.),AOS,www.aosmith.com
A,USD,STD,INDL,C,009771,2016-12-31,SMITH (A.O.),AOS,www.aosmith.com
A,USD,STD,INDL,C,009771,2017-12-31,SMITH (A.O.),AOS,www.aosmith.com
A,USD,STD,INDL,C,009771,2018-12-31,SMITH (A.O.),AOS,www.aosmith.com
A,USD,STD,INDL,C,009771,2019-12-31,SMITH (A.O.),AOS,www.aosmith.com
A,USD,STD,INDL,C,009771,2020-12-31,SMITH (A.O.),AOS,www.aosmith.com
A,USD,STD,INDL,C,009771,2021-12-31,SMITH (A.O.),AOS,www.aosmith.com
A,USD,STD,INDL,C,009771,2022-12-31,SMITH (A.O.),AOS,www.aosmith.com
A,USD,STD,INDL,C,009771,2023-12-31,SMITH (A.O.),AOS,www.aosmith.com
A,USD,STD,INDL,C,009771,2024-12-31,SMITH (A.O.),AOS,www.aosmith.com
A,USD,STD,INDL,C,009771,2025-12-31,SMITH (A.O.),AOS,www.aosmith.com
A,USD,STD,INDL,C,009777,2010-04-30,SMUCKER (JM) CO,SJM,www.jmsmucker.com
A,USD,STD,INDL,C,009777,2011-04-30,SMUCKER (JM) CO,SJM,www.jmsmucker.com
A,USD,STD,INDL,C,009777,2012-04-30,SMUCKER (JM) CO,SJM,www.jmsmucker.com
A,USD,STD,INDL,C,009777,2013-04-30,SMUCKER (JM) CO,SJM,www.jmsmucker.com
A,USD,STD,INDL,C,009777,2014-04-30,SMUCKER (JM) CO,SJM,www.jmsmucker.com
A,USD,STD,INDL,C,009777,2015-04-30,SMUCKER (JM) CO,SJM,www.jmsmucker.com
A,USD,STD,INDL,C,009777,2016-04-30,SMUCKER (JM) CO,SJM,www.jmsmucker.com
A,USD,STD,INDL,C,009777,2017-04-30,SMUCKER (JM) CO,SJM,www.jmsmucker.com
A,USD,STD,INDL,C,009777,2018-04-30,SMUCKER (JM) CO,SJM,www.jmsmucker.com
A,USD,STD,INDL,C,009777,2019-04-30,SMUCKER (JM) CO,SJM,www.jmsmucker.com
A,USD,STD,INDL,C,009777,2020-04-30,SMUCKER (JM) CO,SJM,www.jmsmucker.com
A,USD,STD,INDL,C,009777,2021-04-30,SMUCKER (JM) CO,SJM,www.jmsmucker.com
A,USD,STD,INDL,C,009777,2022-04-30,SMUCKER (JM) CO,SJM,www.jmsmucker.com
A,USD,STD,INDL,C,009777,2023-04-30,SMUCKER (JM) CO,SJM,www.jmsmucker.com
A,USD,STD,INDL,C,009777,2024-04-30,SMUCKER (JM) CO,SJM,www.jmsmucker.com
A,USD,STD,INDL,C,009777,2025-04-30,SMUCKER (JM) CO,SJM,www.jmsmucker.com
A,USD,STD,INDL,C,009778,2010-12-31,SNAP-ON INC,SNA,www.snapon.com
A,USD,STD,INDL,C,009778,2011-12-31,SNAP-ON INC,SNA,www.snapon.com
A,USD,STD,INDL,C,009778,2012-12-31,SNAP-ON INC,SNA,www.snapon.com
A,USD,STD,INDL,C,009778,2013-12-31,SNAP-ON INC,SNA,www.snapon.com
A,USD,STD,INDL,C,009778,2014-12-31,SNAP-ON INC,SNA,www.snapon.com
A,USD,STD,INDL,C,009778,2015-12-31,SNAP-ON INC,SNA,www.snapon.com
A,USD,STD,INDL,C,009778,2016-12-31,SNAP-ON INC,SNA,www.snapon.com
A,USD,STD,INDL,C,009778,2017-12-31,SNAP-ON INC,SNA,www.snapon.com
A,USD,STD,INDL,C,009778,2018-12-31,SNAP-ON INC,SNA,www.snapon.com
A,USD,STD,INDL,C,009778,2019-12-31,SNAP-ON INC,SNA,www.snapon.com
A,USD,STD,INDL,C,009778,2020-12-31,SNAP-ON INC,SNA,www.snapon.com
A,USD,STD,INDL,C,009778,2021-12-31,SNAP-ON INC,SNA,www.snapon.com
A,USD,STD,INDL,C,009778,2022-12-31,SNAP-ON INC,SNA,www.snapon.com
A,USD,STD,INDL,C,009778,2023-12-31,SNAP-ON INC,SNA,www.snapon.com
A,USD,STD,INDL,C,009778,2024-12-31,SNAP-ON INC,SNA,www.snapon.com
A,USD,STD,INDL,C,009778,2025-12-31,SNAP-ON INC,SNA,www.snapon.com
A,USD,STD,FS,C,009783,2010-12-31,KEYCORP,KEY,www.key.com
A,USD,STD,INDL,C,009783,2010-12-31,KEYCORP,KEY,www.key.com
A,USD,STD,FS,C,009783,2011-12-31,KEYCORP,KEY,www.key.com
A,USD,STD,INDL,C,009783,2011-12-31,KEYCORP,KEY,www.key.com
A,USD,STD,FS,C,009783,2012-12-31,KEYCORP,KEY,www.key.com
A,USD,STD,INDL,C,009783,2012-12-31,KEYCORP,KEY,www.key.com
A,USD,STD,FS,C,009783,2013-12-31,KEYCORP,KEY,www.key.com
A,USD,STD,INDL,C,009783,2013-12-31,KEYCORP,KEY,www.key.com
A,USD,STD,FS,C,009783,2014-12-31,KEYCORP,KEY,www.key.com
A,USD,STD,INDL,C,009783,2014-12-31,KEYCORP,KEY,www.key.com
A,USD,STD,FS,C,009783,2015-12-31,KEYCORP,KEY,www.key.com
A,USD,STD,INDL,C,009783,2015-12-31,KEYCORP,KEY,www.key.com
A,USD,STD,FS,C,009783,2016-12-31,KEYCORP,KEY,www.key.com
A,USD,STD,INDL,C,009783,2016-12-31,KEYCORP,KEY,www.key.com
A,USD,STD,FS,C,009783,2017-12-31,KEYCORP,KEY,www.key.com
A,USD,STD,INDL,C,009783,2017-12-31,KEYCORP,KEY,www.key.com
A,USD,STD,FS,C,009783,2018-12-31,KEYCORP,KEY,www.key.com
A,USD,STD,INDL,C,009783,2018-12-31,KEYCORP,KEY,www.key.com
A,USD,STD,FS,C,009783,2019-12-31,KEYCORP,KEY,www.key.com
A,USD,STD,INDL,C,009783,2019-12-31,KEYCORP,KEY,www.key.com
A,USD,STD,FS,C,009783,2020-12-31,KEYCORP,KEY,www.key.com
A,USD,STD,INDL,C,009783,2020-12-31,KEYCORP,KEY,www.key.com
A,USD,STD,FS,C,009783,2021-12-31,KEYCORP,KEY,www.key.com
A,USD,STD,INDL,C,009783,2021-12-31,KEYCORP,KEY,www.key.com
A,USD,STD,FS,C,009783,2022-12-31,KEYCORP,KEY,www.key.com
A,USD,STD,INDL,C,009783,2022-12-31,KEYCORP,KEY,www.key.com
A,USD,STD,FS,C,009783,2023-12-31,KEYCORP,KEY,www.key.com
A,USD,STD,INDL,C,009783,2023-12-31,KEYCORP,KEY,www.key.com
A,USD,STD,FS,C,009783,2024-12-31,KEYCORP,KEY,www.key.com
A,USD,STD,INDL,C,009783,2024-12-31,KEYCORP,KEY,www.key.com
A,USD,STD,FS,C,009783,2025-12-31,KEYCORP,KEY,www.key.com
A,USD,STD,INDL,C,009783,2025-12-31,KEYCORP,KEY,www.key.com
A,USD,STD,INDL,C,009846,2010-12-31,EDISON INTERNATIONAL,EIX,www.edison.com
A,USD,STD,INDL,C,009846,2011-12-31,EDISON INTERNATIONAL,EIX,www.edison.com
A,USD,STD,INDL,C,009846,2012-12-31,EDISON INTERNATIONAL,EIX,www.edison.com
A,USD,STD,INDL,C,009846,2013-12-31,EDISON INTERNATIONAL,EIX,www.edison.com
A,USD,STD,INDL,C,009846,2014-12-31,EDISON INTERNATIONAL,EIX,www.edison.com
A,USD,STD,INDL,C,009846,2015-12-31,EDISON INTERNATIONAL,EIX,www.edison.com
A,USD,STD,INDL,C,009846,2016-12-31,EDISON INTERNATIONAL,EIX,www.edison.com
A,USD,STD,INDL,C,009846,2017-12-31,EDISON INTERNATIONAL,EIX,www.edison.com
A,USD,STD,INDL,C,009846,2018-12-31,EDISON INTERNATIONAL,EIX,www.edison.com
A,USD,STD,INDL,C,009846,2019-12-31,EDISON INTERNATIONAL,EIX,www.edison.com
A,USD,STD,INDL,C,009846,2020-12-31,EDISON INTERNATIONAL,EIX,www.edison.com
A,USD,STD,INDL,C,009846,2021-12-31,EDISON INTERNATIONAL,EIX,www.edison.com
A,USD,STD,INDL,C,009846,2022-12-31,EDISON INTERNATIONAL,EIX,www.edison.com
A,USD,STD,INDL,C,009846,2023-12-31,EDISON INTERNATIONAL,EIX,www.edison.com
A,USD,STD,INDL,C,009846,2024-12-31,EDISON INTERNATIONAL,EIX,www.edison.com
A,USD,STD,INDL,C,009846,2025-12-31,EDISON INTERNATIONAL,EIX,www.edison.com
A,USD,STD,INDL,C,009850,2010-12-31,SOUTHERN CO,SO,www.southerncompany.com
A,USD,STD,INDL,C,009850,2011-12-31,SOUTHERN CO,SO,www.southerncompany.com
A,USD,STD,INDL,C,009850,2012-12-31,SOUTHERN CO,SO,www.southerncompany.com
A,USD,STD,INDL,C,009850,2013-12-31,SOUTHERN CO,SO,www.southerncompany.com
A,USD,STD,INDL,C,009850,2014-12-31,SOUTHERN CO,SO,www.southerncompany.com
A,USD,STD,INDL,C,009850,2015-12-31,SOUTHERN CO,SO,www.southerncompany.com
A,USD,STD,INDL,C,009850,2016-12-31,SOUTHERN CO,SO,www.southerncompany.com
A,USD,STD,INDL,C,009850,2017-12-31,SOUTHERN CO,SO,www.southerncompany.com
A,USD,STD,INDL,C,009850,2018-12-31,SOUTHERN CO,SO,www.southerncompany.com
A,USD,STD,INDL,C,009850,2019-12-31,SOUTHERN CO,SO,www.southerncompany.com
A,USD,STD,INDL,C,009850,2020-12-31,SOUTHERN CO,SO,www.southerncompany.com
A,USD,STD,INDL,C,009850,2021-12-31,SOUTHERN CO,SO,www.southerncompany.com
A,USD,STD,INDL,C,009850,2022-12-31,SOUTHERN CO,SO,www.southerncompany.com
A,USD,STD,INDL,C,009850,2023-12-31,SOUTHERN CO,SO,www.southerncompany.com
A,USD,STD,INDL,C,009850,2024-12-31,SOUTHERN CO,SO,www.southerncompany.com
A,USD,STD,INDL,C,009850,2025-12-31,SOUTHERN CO,SO,www.southerncompany.com
A,USD,STD,INDL,C,009882,2010-12-31,SOUTHWEST AIRLINES,LUV,www.southwest.com
A,USD,STD,INDL,C,009882,2011-12-31,SOUTHWEST AIRLINES,LUV,www.southwest.com
A,USD,STD,INDL,C,009882,2012-12-31,SOUTHWEST AIRLINES,LUV,www.southwest.com
A,USD,STD,INDL,C,009882,2013-12-31,SOUTHWEST AIRLINES,LUV,www.southwest.com
A,USD,STD,INDL,C,009882,2014-12-31,SOUTHWEST AIRLINES,LUV,www.southwest.com
A,USD,STD,INDL,C,009882,2015-12-31,SOUTHWEST AIRLINES,LUV,www.southwest.com
A,USD,STD,INDL,C,009882,2016-12-31,SOUTHWEST AIRLINES,LUV,www.southwest.com
A,USD,STD,INDL,C,009882,2017-12-31,SOUTHWEST AIRLINES,LUV,www.southwest.com
A,USD,STD,INDL,C,009882,2018-12-31,SOUTHWEST AIRLINES,LUV,www.southwest.com
A,USD,STD,INDL,C,009882,2019-12-31,SOUTHWEST AIRLINES,LUV,www.southwest.com
A,USD,STD,INDL,C,009882,2020-12-31,SOUTHWEST AIRLINES,LUV,www.southwest.com
A,USD,STD,INDL,C,009882,2021-12-31,SOUTHWEST AIRLINES,LUV,www.southwest.com
A,USD,STD,INDL,C,009882,2022-12-31,SOUTHWEST AIRLINES,LUV,www.southwest.com
A,USD,STD,INDL,C,009882,2023-12-31,SOUTHWEST AIRLINES,LUV,www.southwest.com
A,USD,STD,INDL,C,009882,2024-12-31,SOUTHWEST AIRLINES,LUV,www.southwest.com
A,USD,STD,INDL,C,009882,2025-12-31,SOUTHWEST AIRLINES,LUV,www.southwest.com
A,USD,STD,INDL,C,009899,2010-12-31,AT&T INC,T,www.att.com
A,USD,STD,INDL,C,009899,2011-12-31,AT&T INC,T,www.att.com
A,USD,STD,INDL,C,009899,2012-12-31,AT&T INC,T,www.att.com
A,USD,STD,INDL,C,009899,2013-12-31,AT&T INC,T,www.att.com
A,USD,STD,INDL,C,009899,2014-12-31,AT&T INC,T,www.att.com
A,USD,STD,INDL,C,009899,2015-12-31,AT&T INC,T,www.att.com
A,USD,STD,INDL,C,009899,2016-12-31,AT&T INC,T,www.att.com
A,USD,STD,INDL,C,009899,2017-12-31,AT&T INC,T,www.att.com
A,USD,STD,INDL,C,009899,2018-12-31,AT&T INC,T,www.att.com
A,USD,STD,INDL,C,009899,2019-12-31,AT&T INC,T,www.att.com
A,USD,STD,INDL,C,009899,2020-12-31,AT&T INC,T,www.att.com
A,USD,STD,INDL,C,009899,2021-12-31,AT&T INC,T,www.att.com
A,USD,STD,INDL,C,009899,2022-12-31,AT&T INC,T,www.att.com
A,USD,STD,INDL,C,009899,2023-12-31,AT&T INC,T,www.att.com
A,USD,STD,INDL,C,009899,2024-12-31,AT&T INC,T,www.att.com
A,USD,STD,INDL,C,009899,2025-12-31,AT&T INC,T,www.att.com
A,USD,STD,INDL,C,010016,2010-12-31,STANLEY BLACK & DECKER INC,SWK,www.stanleyblackanddecker.com
A,USD,STD,INDL,C,010016,2011-12-31,STANLEY BLACK & DECKER INC,SWK,www.stanleyblackanddecker.com
A,USD,STD,INDL,C,010016,2012-12-31,STANLEY BLACK & DECKER INC,SWK,www.stanleyblackanddecker.com
A,USD,STD,INDL,C,010016,2013-12-31,STANLEY BLACK & DECKER INC,SWK,www.stanleyblackanddecker.com
A,USD,STD,INDL,C,010016,2014-12-31,STANLEY BLACK & DECKER INC,SWK,www.stanleyblackanddecker.com
A,USD,STD,INDL,C,010016,2015-12-31,STANLEY BLACK & DECKER INC,SWK,www.stanleyblackanddecker.com
A,USD,STD,INDL,C,010016,2016-12-31,STANLEY BLACK & DECKER INC,SWK,www.stanleyblackanddecker.com
A,USD,STD,INDL,C,010016,2017-12-31,STANLEY BLACK & DECKER INC,SWK,www.stanleyblackanddecker.com
A,USD,STD,INDL,C,010016,2018-12-31,STANLEY BLACK & DECKER INC,SWK,www.stanleyblackanddecker.com
A,USD,STD,INDL,C,010016,2019-12-31,STANLEY BLACK & DECKER INC,SWK,www.stanleyblackanddecker.com
A,USD,STD,INDL,C,010016,2020-12-31,STANLEY BLACK & DECKER INC,SWK,www.stanleyblackanddecker.com
A,USD,STD,INDL,C,010016,2021-12-31,STANLEY BLACK & DECKER INC,SWK,www.stanleyblackanddecker.com
A,USD,STD,INDL,C,010016,2022-12-31,STANLEY BLACK & DECKER INC,SWK,www.stanleyblackanddecker.com
A,USD,STD,INDL,C,010016,2023-12-31,STANLEY BLACK & DECKER INC,SWK,www.stanleyblackanddecker.com
A,USD,STD,INDL,C,010016,2024-12-31,STANLEY BLACK & DECKER INC,SWK,www.stanleyblackanddecker.com
A,USD,STD,INDL,C,010016,2025-12-31,STANLEY BLACK & DECKER INC,SWK,www.stanleyblackanddecker.com
A,USD,STD,FS,C,010035,2010-12-31,STATE STREET CORP,STT,www.statestreet.com
A,USD,STD,INDL,C,010035,2010-12-31,STATE STREET CORP,STT,www.statestreet.com
A,USD,STD,FS,C,010035,2011-12-31,STATE STREET CORP,STT,www.statestreet.com
A,USD,STD,INDL,C,010035,2011-12-31,STATE STREET CORP,STT,www.statestreet.com
A,USD,STD,FS,C,010035,2012-12-31,STATE STREET CORP,STT,www.statestreet.com
A,USD,STD,INDL,C,010035,2012-12-31,STATE STREET CORP,STT,www.statestreet.com
A,USD,STD,FS,C,010035,2013-12-31,STATE STREET CORP,STT,www.statestreet.com
A,USD,STD,INDL,C,010035,2013-12-31,STATE STREET CORP,STT,www.statestreet.com
A,USD,STD,FS,C,010035,2014-12-31,STATE STREET CORP,STT,www.statestreet.com
A,USD,STD,INDL,C,010035,2014-12-31,STATE STREET CORP,STT,www.statestreet.com
A,USD,STD,FS,C,010035,2015-12-31,STATE STREET CORP,STT,www.statestreet.com
A,USD,STD,INDL,C,010035,2015-12-31,STATE STREET CORP,STT,www.statestreet.com
A,USD,STD,FS,C,010035,2016-12-31,STATE STREET CORP,STT,www.statestreet.com
A,USD,STD,INDL,C,010035,2016-12-31,STATE STREET CORP,STT,www.statestreet.com
A,USD,STD,FS,C,010035,2017-12-31,STATE STREET CORP,STT,www.statestreet.com
A,USD,STD,INDL,C,010035,2017-12-31,STATE STREET CORP,STT,www.statestreet.com
A,USD,STD,FS,C,010035,2018-12-31,STATE STREET CORP,STT,www.statestreet.com
A,USD,STD,INDL,C,010035,2018-12-31,STATE STREET CORP,STT,www.statestreet.com
A,USD,STD,FS,C,010035,2019-12-31,STATE STREET CORP,STT,www.statestreet.com
A,USD,STD,INDL,C,010035,2019-12-31,STATE STREET CORP,STT,www.statestreet.com
A,USD,STD,FS,C,010035,2020-12-31,STATE STREET CORP,STT,www.statestreet.com
A,USD,STD,INDL,C,010035,2020-12-31,STATE STREET CORP,STT,www.statestreet.com
A,USD,STD,FS,C,010035,2021-12-31,STATE STREET CORP,STT,www.statestreet.com
A,USD,STD,INDL,C,010035,2021-12-31,STATE STREET CORP,STT,www.statestreet.com
A,USD,STD,FS,C,010035,2022-12-31,STATE STREET CORP,STT,www.statestreet.com
A,USD,STD,INDL,C,010035,2022-12-31,STATE STREET CORP,STT,www.statestreet.com
A,USD,STD,FS,C,010035,2023-12-31,STATE STREET CORP,STT,www.statestreet.com
A,USD,STD,INDL,C,010035,2023-12-31,STATE STREET CORP,STT,www.statestreet.com
A,USD,STD,FS,C,010035,2024-12-31,STATE STREET CORP,STT,www.statestreet.com
A,USD,STD,INDL,C,010035,2024-12-31,STATE STREET CORP,STT,www.statestreet.com
A,USD,STD,FS,C,010035,2025-12-31,STATE STREET CORP,STT,www.statestreet.com
A,USD,STD,INDL,C,010035,2025-12-31,STATE STREET CORP,STT,www.statestreet.com
A,USD,STD,FS,C,010096,2010-12-31,PUBLIC STORAGE,PSA,www.publicstorage.com
A,USD,STD,INDL,C,010096,2010-12-31,PUBLIC STORAGE,PSA,www.publicstorage.com
A,USD,STD,FS,C,010096,2011-12-31,PUBLIC STORAGE,PSA,www.publicstorage.com
A,USD,STD,INDL,C,010096,2011-12-31,PUBLIC STORAGE,PSA,www.publicstorage.com
A,USD,STD,FS,C,010096,2012-12-31,PUBLIC STORAGE,PSA,www.publicstorage.com
A,USD,STD,INDL,C,010096,2012-12-31,PUBLIC STORAGE,PSA,www.publicstorage.com
A,USD,STD,FS,C,010096,2013-12-31,PUBLIC STORAGE,PSA,www.publicstorage.com
A,USD,STD,INDL,C,010096,2013-12-31,PUBLIC STORAGE,PSA,www.publicstorage.com
A,USD,STD,FS,C,010096,2014-12-31,PUBLIC STORAGE,PSA,www.publicstorage.com
A,USD,STD,INDL,C,010096,2014-12-31,PUBLIC STORAGE,PSA,www.publicstorage.com
A,USD,STD,FS,C,010096,2015-12-31,PUBLIC STORAGE,PSA,www.publicstorage.com
A,USD,STD,INDL,C,010096,2015-12-31,PUBLIC STORAGE,PSA,www.publicstorage.com
A,USD,STD,FS,C,010096,2016-12-31,PUBLIC STORAGE,PSA,www.publicstorage.com
A,USD,STD,INDL,C,010096,2016-12-31,PUBLIC STORAGE,PSA,www.publicstorage.com
A,USD,STD,FS,C,010096,2017-12-31,PUBLIC STORAGE,PSA,www.publicstorage.com
A,USD,STD,INDL,C,010096,2017-12-31,PUBLIC STORAGE,PSA,www.publicstorage.com
A,USD,STD,FS,C,010096,2018-12-31,PUBLIC STORAGE,PSA,www.publicstorage.com
A,USD,STD,INDL,C,010096,2018-12-31,PUBLIC STORAGE,PSA,www.publicstorage.com
A,USD,STD,FS,C,010096,2019-12-31,PUBLIC STORAGE,PSA,www.publicstorage.com
A,USD,STD,INDL,C,010096,2019-12-31,PUBLIC STORAGE,PSA,www.publicstorage.com
A,USD,STD,FS,C,010096,2020-12-31,PUBLIC STORAGE,PSA,www.publicstorage.com
A,USD,STD,INDL,C,010096,2020-12-31,PUBLIC STORAGE,PSA,www.publicstorage.com
A,USD,STD,FS,C,010096,2021-12-31,PUBLIC STORAGE,PSA,www.publicstorage.com
A,USD,STD,INDL,C,010096,2021-12-31,PUBLIC STORAGE,PSA,www.publicstorage.com
A,USD,STD,FS,C,010096,2022-12-31,PUBLIC STORAGE,PSA,www.publicstorage.com
A,USD,STD,INDL,C,010096,2022-12-31,PUBLIC STORAGE,PSA,www.publicstorage.com
A,USD,STD,FS,C,010096,2023-12-31,PUBLIC STORAGE,PSA,www.publicstorage.com
A,USD,STD,INDL,C,010096,2023-12-31,PUBLIC STORAGE,PSA,www.publicstorage.com
A,USD,STD,FS,C,010096,2024-12-31,PUBLIC STORAGE,PSA,www.publicstorage.com
A,USD,STD,INDL,C,010096,2024-12-31,PUBLIC STORAGE,PSA,www.publicstorage.com
A,USD,STD,FS,C,010096,2025-12-31,PUBLIC STORAGE,PSA,www.publicstorage.com
A,USD,STD,INDL,C,010096,2025-12-31,PUBLIC STORAGE,PSA,www.publicstorage.com
A,USD,STD,INDL,C,010115,2010-12-31,STRYKER CORP,SYK,www.stryker.com
A,USD,STD,INDL,C,010115,2011-12-31,STRYKER CORP,SYK,www.stryker.com
A,USD,STD,INDL,C,010115,2012-12-31,STRYKER CORP,SYK,www.stryker.com
A,USD,STD,INDL,C,010115,2013-12-31,STRYKER CORP,SYK,www.stryker.com
A,USD,STD,INDL,C,010115,2014-12-31,STRYKER CORP,SYK,www.stryker.com
A,USD,STD,INDL,C,010115,2015-12-31,STRYKER CORP,SYK,www.stryker.com
A,USD,STD,INDL,C,010115,2016-12-31,STRYKER CORP,SYK,www.stryker.com
A,USD,STD,INDL,C,010115,2017-12-31,STRYKER CORP,SYK,www.stryker.com
A,USD,STD,INDL,C,010115,2018-12-31,STRYKER CORP,SYK,www.stryker.com
A,USD,STD,INDL,C,010115,2019-12-31,STRYKER CORP,SYK,www.stryker.com
A,USD,STD,INDL,C,010115,2020-12-31,STRYKER CORP,SYK,www.stryker.com
A,USD,STD,INDL,C,010115,2021-12-31,STRYKER CORP,SYK,www.stryker.com
A,USD,STD,INDL,C,010115,2022-12-31,STRYKER CORP,SYK,www.stryker.com
A,USD,STD,INDL,C,010115,2023-12-31,STRYKER CORP,SYK,www.stryker.com
A,USD,STD,INDL,C,010115,2024-12-31,STRYKER CORP,SYK,www.stryker.com
A,USD,STD,INDL,C,010115,2025-12-31,STRYKER CORP,SYK,www.stryker.com
A,USD,STD,INDL,C,010247,2010-06-30,SYSCO CORP,SYY,www.sysco.com
A,USD,STD,INDL,C,010247,2011-06-30,SYSCO CORP,SYY,www.sysco.com
A,USD,STD,INDL,C,010247,2012-06-30,SYSCO CORP,SYY,www.sysco.com
A,USD,STD,INDL,C,010247,2013-06-30,SYSCO CORP,SYY,www.sysco.com
A,USD,STD,INDL,C,010247,2014-06-30,SYSCO CORP,SYY,www.sysco.com
A,USD,STD,INDL,C,010247,2015-06-30,SYSCO CORP,SYY,www.sysco.com
A,USD,STD,INDL,C,010247,2016-06-30,SYSCO CORP,SYY,www.sysco.com
A,USD,STD,INDL,C,010247,2017-06-30,SYSCO CORP,SYY,www.sysco.com
A,USD,STD,INDL,C,010247,2018-06-30,SYSCO CORP,SYY,www.sysco.com
A,USD,STD,INDL,C,010247,2019-06-30,SYSCO CORP,SYY,www.sysco.com
A,USD,STD,INDL,C,010247,2020-06-30,SYSCO CORP,SYY,www.sysco.com
A,USD,STD,INDL,C,010247,2021-06-30,SYSCO CORP,SYY,www.sysco.com
A,USD,STD,INDL,C,010247,2022-06-30,SYSCO CORP,SYY,www.sysco.com
A,USD,STD,INDL,C,010247,2023-06-30,SYSCO CORP,SYY,www.sysco.com
A,USD,STD,INDL,C,010247,2024-06-30,SYSCO CORP,SYY,www.sysco.com
A,USD,STD,INDL,C,010247,2025-06-30,SYSCO CORP,SYY,www.sysco.com
A,USD,STD,INDL,C,010453,2010-12-31,TERADYNE INC,TER,www.teradyne.com
A,USD,STD,INDL,C,010453,2011-12-31,TERADYNE INC,TER,www.teradyne.com
A,USD,STD,INDL,C,010453,2012-12-31,TERADYNE INC,TER,www.teradyne.com
A,USD,STD,INDL,C,010453,2013-12-31,TERADYNE INC,TER,www.teradyne.com
A,USD,STD,INDL,C,010453,2014-12-31,TERADYNE INC,TER,www.teradyne.com
A,USD,STD,INDL,C,010453,2015-12-31,TERADYNE INC,TER,www.teradyne.com
A,USD,STD,INDL,C,010453,2016-12-31,TERADYNE INC,TER,www.teradyne.com
A,USD,STD,INDL,C,010453,2017-12-31,TERADYNE INC,TER,www.teradyne.com
A,USD,STD,INDL,C,010453,2018-12-31,TERADYNE INC,TER,www.teradyne.com
A,USD,STD,INDL,C,010453,2019-12-31,TERADYNE INC,TER,www.teradyne.com
A,USD,STD,INDL,C,010453,2020-12-31,TERADYNE INC,TER,www.teradyne.com
A,USD,STD,INDL,C,010453,2021-12-31,TERADYNE INC,TER,www.teradyne.com
A,USD,STD,INDL,C,010453,2022-12-31,TERADYNE INC,TER,www.teradyne.com
A,USD,STD,INDL,C,010453,2023-12-31,TERADYNE INC,TER,www.teradyne.com
A,USD,STD,INDL,C,010453,2024-12-31,TERADYNE INC,TER,www.teradyne.com
A,USD,STD,INDL,C,010453,2025-12-31,TERADYNE INC,TER,www.teradyne.com
A,USD,STD,INDL,C,010499,2010-12-31,TEXAS INSTRUMENTS INC,TXN,www.ti.com
A,USD,STD,INDL,C,010499,2011-12-31,TEXAS INSTRUMENTS INC,TXN,www.ti.com
A,USD,STD,INDL,C,010499,2012-12-31,TEXAS INSTRUMENTS INC,TXN,www.ti.com
A,USD,STD,INDL,C,010499,2013-12-31,TEXAS INSTRUMENTS INC,TXN,www.ti.com
A,USD,STD,INDL,C,010499,2014-12-31,TEXAS INSTRUMENTS INC,TXN,www.ti.com
A,USD,STD,INDL,C,010499,2015-12-31,TEXAS INSTRUMENTS INC,TXN,www.ti.com
A,USD,STD,INDL,C,010499,2016-12-31,TEXAS INSTRUMENTS INC,TXN,www.ti.com
A,USD,STD,INDL,C,010499,2017-12-31,TEXAS INSTRUMENTS INC,TXN,www.ti.com
A,USD,STD,INDL,C,010499,2018-12-31,TEXAS INSTRUMENTS INC,TXN,www.ti.com
A,USD,STD,INDL,C,010499,2019-12-31,TEXAS INSTRUMENTS INC,TXN,www.ti.com
A,USD,STD,INDL,C,010499,2020-12-31,TEXAS INSTRUMENTS INC,TXN,www.ti.com
A,USD,STD,INDL,C,010499,2021-12-31,TEXAS INSTRUMENTS INC,TXN,www.ti.com
A,USD,STD,INDL,C,010499,2022-12-31,TEXAS INSTRUMENTS INC,TXN,www.ti.com
A,USD,STD,INDL,C,010499,2023-12-31,TEXAS INSTRUMENTS INC,TXN,www.ti.com
A,USD,STD,INDL,C,010499,2024-12-31,TEXAS INSTRUMENTS INC,TXN,www.ti.com
A,USD,STD,INDL,C,010499,2025-12-31,TEXAS INSTRUMENTS INC,TXN,www.ti.com
A,USD,STD,INDL,C,010504,2010-12-31,TEXAS PACIFIC LAND CORP,TPL,www.texaspacific.com
A,USD,STD,INDL,C,010504,2011-12-31,TEXAS PACIFIC LAND CORP,TPL,www.texaspacific.com
A,USD,STD,INDL,C,010504,2012-12-31,TEXAS PACIFIC LAND CORP,TPL,www.texaspacific.com
A,USD,STD,INDL,C,010504,2013-12-31,TEXAS PACIFIC LAND CORP,TPL,www.texaspacific.com
A,USD,STD,INDL,C,010504,2014-12-31,TEXAS PACIFIC LAND CORP,TPL,www.texaspacific.com
A,USD,STD,INDL,C,010504,2015-12-31,TEXAS PACIFIC LAND CORP,TPL,www.texaspacific.com
A,USD,STD,INDL,C,010504,2016-12-31,TEXAS PACIFIC LAND CORP,TPL,www.texaspacific.com
A,USD,STD,INDL,C,010504,2017-12-31,TEXAS PACIFIC LAND CORP,TPL,www.texaspacific.com
A,USD,STD,INDL,C,010504,2018-12-31,TEXAS PACIFIC LAND CORP,TPL,www.texaspacific.com
A,USD,STD,INDL,C,010504,2019-12-31,TEXAS PACIFIC LAND CORP,TPL,www.texaspacific.com
A,USD,STD,INDL,C,010504,2020-12-31,TEXAS PACIFIC LAND CORP,TPL,www.texaspacific.com
A,USD,STD,INDL,C,010504,2021-12-31,TEXAS PACIFIC LAND CORP,TPL,www.texaspacific.com
A,USD,STD,INDL,C,010504,2022-12-31,TEXAS PACIFIC LAND CORP,TPL,www.texaspacific.com
A,USD,STD,INDL,C,010504,2023-12-31,TEXAS PACIFIC LAND CORP,TPL,www.texaspacific.com
A,USD,STD,INDL,C,010504,2024-12-31,TEXAS PACIFIC LAND CORP,TPL,www.texaspacific.com
A,USD,STD,INDL,C,010504,2025-12-31,TEXAS PACIFIC LAND CORP,TPL,www.texaspacific.com
A,USD,STD,INDL,C,010519,2010-12-31,TEXTRON INC,TXT,www.textron.com
A,USD,STD,INDL,C,010519,2011-12-31,TEXTRON INC,TXT,www.textron.com
A,USD,STD,INDL,C,010519,2012-12-31,TEXTRON INC,TXT,www.textron.com
A,USD,STD,INDL,C,010519,2013-12-31,TEXTRON INC,TXT,www.textron.com
A,USD,STD,INDL,C,010519,2014-12-31,TEXTRON INC,TXT,www.textron.com
A,USD,STD,INDL,C,010519,2015-12-31,TEXTRON INC,TXT,www.textron.com
A,USD,STD,INDL,C,010519,2016-12-31,TEXTRON INC,TXT,www.textron.com
A,USD,STD,INDL,C,010519,2017-12-31,TEXTRON INC,TXT,www.textron.com
A,USD,STD,INDL,C,010519,2018-12-31,TEXTRON INC,TXT,www.textron.com
A,USD,STD,INDL,C,010519,2019-12-31,TEXTRON INC,TXT,www.textron.com
A,USD,STD,INDL,C,010519,2020-12-31,TEXTRON INC,TXT,www.textron.com
A,USD,STD,INDL,C,010519,2021-12-31,TEXTRON INC,TXT,www.textron.com
A,USD,STD,INDL,C,010519,2022-12-31,TEXTRON INC,TXT,www.textron.com
A,USD,STD,INDL,C,010519,2023-12-31,TEXTRON INC,TXT,www.textron.com
A,USD,STD,INDL,C,010519,2024-12-31,TEXTRON INC,TXT,www.textron.com
A,USD,STD,INDL,C,010519,2025-12-31,TEXTRON INC,TXT,www.textron.com
A,USD,STD,INDL,C,010530,2010-12-31,THERMO FISHER SCIENTIFIC INC,TMO,www.thermofisher.com
A,USD,STD,INDL,C,010530,2011-12-31,THERMO FISHER SCIENTIFIC INC,TMO,www.thermofisher.com
A,USD,STD,INDL,C,010530,2012-12-31,THERMO FISHER SCIENTIFIC INC,TMO,www.thermofisher.com
A,USD,STD,INDL,C,010530,2013-12-31,THERMO FISHER SCIENTIFIC INC,TMO,www.thermofisher.com
A,USD,STD,INDL,C,010530,2014-12-31,THERMO FISHER SCIENTIFIC INC,TMO,www.thermofisher.com
A,USD,STD,INDL,C,010530,2015-12-31,THERMO FISHER SCIENTIFIC INC,TMO,www.thermofisher.com
A,USD,STD,INDL,C,010530,2016-12-31,THERMO FISHER SCIENTIFIC INC,TMO,www.thermofisher.com
A,USD,STD,INDL,C,010530,2017-12-31,THERMO FISHER SCIENTIFIC INC,TMO,www.thermofisher.com
A,USD,STD,INDL,C,010530,2018-12-31,THERMO FISHER SCIENTIFIC INC,TMO,www.thermofisher.com
A,USD,STD,INDL,C,010530,2019-12-31,THERMO FISHER SCIENTIFIC INC,TMO,www.thermofisher.com
A,USD,STD,INDL,C,010530,2020-12-31,THERMO FISHER SCIENTIFIC INC,TMO,www.thermofisher.com
A,USD,STD,INDL,C,010530,2021-12-31,THERMO FISHER SCIENTIFIC INC,TMO,www.thermofisher.com
A,USD,STD,INDL,C,010530,2022-12-31,THERMO FISHER SCIENTIFIC INC,TMO,www.thermofisher.com
A,USD,STD,INDL,C,010530,2023-12-31,THERMO FISHER SCIENTIFIC INC,TMO,www.thermofisher.com
A,USD,STD,INDL,C,010530,2024-12-31,THERMO FISHER SCIENTIFIC INC,TMO,www.thermofisher.com
A,USD,STD,INDL,C,010530,2025-12-31,THERMO FISHER SCIENTIFIC INC,TMO,www.thermofisher.com
A,USD,STD,FS,C,010614,2010-12-31,GLOBE LIFE INC,GL,home.globelifeinsurance.com
A,USD,STD,INDL,C,010614,2010-12-31,GLOBE LIFE INC,GL,home.globelifeinsurance.com
A,USD,STD,FS,C,010614,2011-12-31,GLOBE LIFE INC,GL,home.globelifeinsurance.com
A,USD,STD,INDL,C,010614,2011-12-31,GLOBE LIFE INC,GL,home.globelifeinsurance.com
A,USD,STD,FS,C,010614,2012-12-31,GLOBE LIFE INC,GL,home.globelifeinsurance.com
A,USD,STD,INDL,C,010614,2012-12-31,GLOBE LIFE INC,GL,home.globelifeinsurance.com
A,USD,STD,FS,C,010614,2013-12-31,GLOBE LIFE INC,GL,home.globelifeinsurance.com
A,USD,STD,INDL,C,010614,2013-12-31,GLOBE LIFE INC,GL,home.globelifeinsurance.com
A,USD,STD,FS,C,010614,2014-12-31,GLOBE LIFE INC,GL,home.globelifeinsurance.com
A,USD,STD,INDL,C,010614,2014-12-31,GLOBE LIFE INC,GL,home.globelifeinsurance.com
A,USD,STD,FS,C,010614,2015-12-31,GLOBE LIFE INC,GL,home.globelifeinsurance.com
A,USD,STD,INDL,C,010614,2015-12-31,GLOBE LIFE INC,GL,home.globelifeinsurance.com
A,USD,STD,FS,C,010614,2016-12-31,GLOBE LIFE INC,GL,home.globelifeinsurance.com
A,USD,STD,INDL,C,010614,2016-12-31,GLOBE LIFE INC,GL,home.globelifeinsurance.com
A,USD,STD,FS,C,010614,2017-12-31,GLOBE LIFE INC,GL,home.globelifeinsurance.com
A,USD,STD,INDL,C,010614,2017-12-31,GLOBE LIFE INC,GL,home.globelifeinsurance.com
A,USD,STD,FS,C,010614,2018-12-31,GLOBE LIFE INC,GL,home.globelifeinsurance.com
A,USD,STD,INDL,C,010614,2018-12-31,GLOBE LIFE INC,GL,home.globelifeinsurance.com
A,USD,STD,FS,C,010614,2019-12-31,GLOBE LIFE INC,GL,home.globelifeinsurance.com
A,USD,STD,INDL,C,010614,2019-12-31,GLOBE LIFE INC,GL,home.globelifeinsurance.com
A,USD,STD,FS,C,010614,2020-12-31,GLOBE LIFE INC,GL,home.globelifeinsurance.com
A,USD,STD,INDL,C,010614,2020-12-31,GLOBE LIFE INC,GL,home.globelifeinsurance.com
A,USD,STD,FS,C,010614,2021-12-31,GLOBE LIFE INC,GL,home.globelifeinsurance.com
A,USD,STD,INDL,C,010614,2021-12-31,GLOBE LIFE INC,GL,home.globelifeinsurance.com
A,USD,STD,FS,C,010614,2022-12-31,GLOBE LIFE INC,GL,home.globelifeinsurance.com
A,USD,STD,INDL,C,010614,2022-12-31,GLOBE LIFE INC,GL,home.globelifeinsurance.com
A,USD,STD,FS,C,010614,2023-12-31,GLOBE LIFE INC,GL,home.globelifeinsurance.com
A,USD,STD,INDL,C,010614,2023-12-31,GLOBE LIFE INC,GL,home.globelifeinsurance.com
A,USD,STD,FS,C,010614,2024-12-31,GLOBE LIFE INC,GL,home.globelifeinsurance.com
A,USD,STD,INDL,C,010614,2024-12-31,GLOBE LIFE INC,GL,home.globelifeinsurance.com
A,USD,STD,FS,C,010614,2025-12-31,GLOBE LIFE INC,GL,home.globelifeinsurance.com
A,USD,STD,INDL,C,010614,2025-12-31,GLOBE LIFE INC,GL,home.globelifeinsurance.com
A,USD,STD,INDL,C,010789,2010-12-31,TYLER TECHNOLOGIES INC,TYL,www.tylertech.com
A,USD,STD,INDL,C,010789,2011-12-31,TYLER TECHNOLOGIES INC,TYL,www.tylertech.com
A,USD,STD,INDL,C,010789,2012-12-31,TYLER TECHNOLOGIES INC,TYL,www.tylertech.com
A,USD,STD,INDL,C,010789,2013-12-31,TYLER TECHNOLOGIES INC,TYL,www.tylertech.com
A,USD,STD,INDL,C,010789,2014-12-31,TYLER TECHNOLOGIES INC,TYL,www.tylertech.com
A,USD,STD,INDL,C,010789,2015-12-31,TYLER TECHNOLOGIES INC,TYL,www.tylertech.com
A,USD,STD,INDL,C,010789,2016-12-31,TYLER TECHNOLOGIES INC,TYL,www.tylertech.com
A,USD,STD,INDL,C,010789,2017-12-31,TYLER TECHNOLOGIES INC,TYL,www.tylertech.com
A,USD,STD,INDL,C,010789,2018-12-31,TYLER TECHNOLOGIES INC,TYL,www.tylertech.com
A,USD,STD,INDL,C,010789,2019-12-31,TYLER TECHNOLOGIES INC,TYL,www.tylertech.com
A,USD,STD,INDL,C,010789,2020-12-31,TYLER TECHNOLOGIES INC,TYL,www.tylertech.com
A,USD,STD,INDL,C,010789,2021-12-31,TYLER TECHNOLOGIES INC,TYL,www.tylertech.com
A,USD,STD,INDL,C,010789,2022-12-31,TYLER TECHNOLOGIES INC,TYL,www.tylertech.com
A,USD,STD,INDL,C,010789,2023-12-31,TYLER TECHNOLOGIES INC,TYL,www.tylertech.com
A,USD,STD,INDL,C,010789,2024-12-31,TYLER TECHNOLOGIES INC,TYL,www.tylertech.com
A,USD,STD,INDL,C,010789,2025-12-31,TYLER TECHNOLOGIES INC,TYL,www.tylertech.com
A,USD,STD,INDL,C,010793,2010-09-30,TYSON FOODS INC  -CL A,TSN,www.tysonfoods.com
A,USD,STD,INDL,C,010793,2011-09-30,TYSON FOODS INC  -CL A,TSN,www.tysonfoods.com
A,USD,STD,INDL,C,010793,2012-09-30,TYSON FOODS INC  -CL A,TSN,www.tysonfoods.com
A,USD,STD,INDL,C,010793,2013-09-30,TYSON FOODS INC  -CL A,TSN,www.tysonfoods.com
A,USD,STD,INDL,C,010793,2014-09-30,TYSON FOODS INC  -CL A,TSN,www.tysonfoods.com
A,USD,STD,INDL,C,010793,2015-09-30,TYSON FOODS INC  -CL A,TSN,www.tysonfoods.com
A,USD,STD,INDL,C,010793,2016-09-30,TYSON FOODS INC  -CL A,TSN,www.tysonfoods.com
A,USD,STD,INDL,C,010793,2017-09-30,TYSON FOODS INC  -CL A,TSN,www.tysonfoods.com
A,USD,STD,INDL,C,010793,2018-09-30,TYSON FOODS INC  -CL A,TSN,www.tysonfoods.com
A,USD,STD,INDL,C,010793,2019-09-30,TYSON FOODS INC  -CL A,TSN,www.tysonfoods.com
A,USD,STD,INDL,C,010793,2020-09-30,TYSON FOODS INC  -CL A,TSN,www.tysonfoods.com
A,USD,STD,INDL,C,010793,2021-09-30,TYSON FOODS INC  -CL A,TSN,www.tysonfoods.com
A,USD,STD,INDL,C,010793,2022-09-30,TYSON FOODS INC  -CL A,TSN,www.tysonfoods.com
A,USD,STD,INDL,C,010793,2023-09-30,TYSON FOODS INC  -CL A,TSN,www.tysonfoods.com
A,USD,STD,INDL,C,010793,2024-09-30,TYSON FOODS INC  -CL A,TSN,www.tysonfoods.com
A,USD,STD,INDL,C,010793,2025-09-30,TYSON FOODS INC  -CL A,TSN,www.tysonfoods.com
A,USD,STD,INDL,C,010795,2010-12-31,UNITED AIRLINES HOLDINGS INC,UAL,www.united.com
A,USD,STD,INDL,C,010795,2011-12-31,UNITED AIRLINES HOLDINGS INC,UAL,www.united.com
A,USD,STD,INDL,C,010795,2012-12-31,UNITED AIRLINES HOLDINGS INC,UAL,www.united.com
A,USD,STD,INDL,C,010795,2013-12-31,UNITED AIRLINES HOLDINGS INC,UAL,www.united.com
A,USD,STD,INDL,C,010795,2014-12-31,UNITED AIRLINES HOLDINGS INC,UAL,www.united.com
A,USD,STD,INDL,C,010795,2015-12-31,UNITED AIRLINES HOLDINGS INC,UAL,www.united.com
A,USD,STD,INDL,C,010795,2016-12-31,UNITED AIRLINES HOLDINGS INC,UAL,www.united.com
A,USD,STD,INDL,C,010795,2017-12-31,UNITED AIRLINES HOLDINGS INC,UAL,www.united.com
A,USD,STD,INDL,C,010795,2018-12-31,UNITED AIRLINES HOLDINGS INC,UAL,www.united.com
A,USD,STD,INDL,C,010795,2019-12-31,UNITED AIRLINES HOLDINGS INC,UAL,www.united.com
A,USD,STD,INDL,C,010795,2020-12-31,UNITED AIRLINES HOLDINGS INC,UAL,www.united.com
A,USD,STD,INDL,C,010795,2021-12-31,UNITED AIRLINES HOLDINGS INC,UAL,www.united.com
A,USD,STD,INDL,C,010795,2022-12-31,UNITED AIRLINES HOLDINGS INC,UAL,www.united.com
A,USD,STD,INDL,C,010795,2023-12-31,UNITED AIRLINES HOLDINGS INC,UAL,www.united.com
A,USD,STD,INDL,C,010795,2024-12-31,UNITED AIRLINES HOLDINGS INC,UAL,www.united.com
A,USD,STD,INDL,C,010795,2025-12-31,UNITED AIRLINES HOLDINGS INC,UAL,www.united.com
A,USD,STD,INDL,C,010860,2010-12-31,AMEREN CORP,AEE,www.amereninvestors.com
A,USD,STD,INDL,C,010860,2011-12-31,AMEREN CORP,AEE,www.amereninvestors.com
A,USD,STD,INDL,C,010860,2012-12-31,AMEREN CORP,AEE,www.amereninvestors.com
A,USD,STD,INDL,C,010860,2013-12-31,AMEREN CORP,AEE,www.amereninvestors.com
A,USD,STD,INDL,C,010860,2014-12-31,AMEREN CORP,AEE,www.amereninvestors.com
A,USD,STD,INDL,C,010860,2015-12-31,AMEREN CORP,AEE,www.amereninvestors.com
A,USD,STD,INDL,C,010860,2016-12-31,AMEREN CORP,AEE,www.amereninvestors.com
A,USD,STD,INDL,C,010860,2017-12-31,AMEREN CORP,AEE,www.amereninvestors.com
A,USD,STD,INDL,C,010860,2018-12-31,AMEREN CORP,AEE,www.amereninvestors.com
A,USD,STD,INDL,C,010860,2019-12-31,AMEREN CORP,AEE,www.amereninvestors.com
A,USD,STD,INDL,C,010860,2020-12-31,AMEREN CORP,AEE,www.amereninvestors.com
A,USD,STD,INDL,C,010860,2021-12-31,AMEREN CORP,AEE,www.amereninvestors.com
A,USD,STD,INDL,C,010860,2022-12-31,AMEREN CORP,AEE,www.amereninvestors.com
A,USD,STD,INDL,C,010860,2023-12-31,AMEREN CORP,AEE,www.amereninvestors.com
A,USD,STD,INDL,C,010860,2024-12-31,AMEREN CORP,AEE,www.amereninvestors.com
A,USD,STD,INDL,C,010860,2025-12-31,AMEREN CORP,AEE,www.amereninvestors.com
A,USD,STD,INDL,C,010867,2010-12-31,UNION PACIFIC CORP,UNP,www.up.com
A,USD,STD,INDL,C,010867,2011-12-31,UNION PACIFIC CORP,UNP,www.up.com
A,USD,STD,INDL,C,010867,2012-12-31,UNION PACIFIC CORP,UNP,www.up.com
A,USD,STD,INDL,C,010867,2013-12-31,UNION PACIFIC CORP,UNP,www.up.com
A,USD,STD,INDL,C,010867,2014-12-31,UNION PACIFIC CORP,UNP,www.up.com
A,USD,STD,INDL,C,010867,2015-12-31,UNION PACIFIC CORP,UNP,www.up.com
A,USD,STD,INDL,C,010867,2016-12-31,UNION PACIFIC CORP,UNP,www.up.com
A,USD,STD,INDL,C,010867,2017-12-31,UNION PACIFIC CORP,UNP,www.up.com
A,USD,STD,INDL,C,010867,2018-12-31,UNION PACIFIC CORP,UNP,www.up.com
A,USD,STD,INDL,C,010867,2019-12-31,UNION PACIFIC CORP,UNP,www.up.com
A,USD,STD,INDL,C,010867,2020-12-31,UNION PACIFIC CORP,UNP,www.up.com
A,USD,STD,INDL,C,010867,2021-12-31,UNION PACIFIC CORP,UNP,www.up.com
A,USD,STD,INDL,C,010867,2022-12-31,UNION PACIFIC CORP,UNP,www.up.com
A,USD,STD,INDL,C,010867,2023-12-31,UNION PACIFIC CORP,UNP,www.up.com
A,USD,STD,INDL,C,010867,2024-12-31,UNION PACIFIC CORP,UNP,www.up.com
A,USD,STD,INDL,C,010867,2025-12-31,UNION PACIFIC CORP,UNP,www.up.com
A,USD,STD,FS,C,010894,2010-12-31,UDR INC,UDR,www.udr.com
A,USD,STD,INDL,C,010894,2010-12-31,UDR INC,UDR,www.udr.com
A,USD,STD,FS,C,010894,2011-12-31,UDR INC,UDR,www.udr.com
A,USD,STD,INDL,C,010894,2011-12-31,UDR INC,UDR,www.udr.com
A,USD,STD,FS,C,010894,2012-12-31,UDR INC,UDR,www.udr.com
A,USD,STD,INDL,C,010894,2012-12-31,UDR INC,UDR,www.udr.com
A,USD,STD,FS,C,010894,2013-12-31,UDR INC,UDR,www.udr.com
A,USD,STD,INDL,C,010894,2013-12-31,UDR INC,UDR,www.udr.com
A,USD,STD,FS,C,010894,2014-12-31,UDR INC,UDR,www.udr.com
A,USD,STD,INDL,C,010894,2014-12-31,UDR INC,UDR,www.udr.com
A,USD,STD,FS,C,010894,2015-12-31,UDR INC,UDR,www.udr.com
A,USD,STD,INDL,C,010894,2015-12-31,UDR INC,UDR,www.udr.com
A,USD,STD,FS,C,010894,2016-12-31,UDR INC,UDR,www.udr.com
A,USD,STD,INDL,C,010894,2016-12-31,UDR INC,UDR,www.udr.com
A,USD,STD,FS,C,010894,2017-12-31,UDR INC,UDR,www.udr.com
A,USD,STD,INDL,C,010894,2017-12-31,UDR INC,UDR,www.udr.com
A,USD,STD,FS,C,010894,2018-12-31,UDR INC,UDR,www.udr.com
A,USD,STD,INDL,C,010894,2018-12-31,UDR INC,UDR,www.udr.com
A,USD,STD,FS,C,010894,2019-12-31,UDR INC,UDR,www.udr.com
A,USD,STD,INDL,C,010894,2019-12-31,UDR INC,UDR,www.udr.com
A,USD,STD,FS,C,010894,2020-12-31,UDR INC,UDR,www.udr.com
A,USD,STD,INDL,C,010894,2020-12-31,UDR INC,UDR,www.udr.com
A,USD,STD,FS,C,010894,2021-12-31,UDR INC,UDR,www.udr.com
A,USD,STD,INDL,C,010894,2021-12-31,UDR INC,UDR,www.udr.com
A,USD,STD,FS,C,010894,2022-12-31,UDR INC,UDR,www.udr.com
A,USD,STD,INDL,C,010894,2022-12-31,UDR INC,UDR,www.udr.com
A,USD,STD,FS,C,010894,2023-12-31,UDR INC,UDR,www.udr.com
A,USD,STD,INDL,C,010894,2023-12-31,UDR INC,UDR,www.udr.com
A,USD,STD,FS,C,010894,2024-12-31,UDR INC,UDR,www.udr.com
A,USD,STD,INDL,C,010894,2024-12-31,UDR INC,UDR,www.udr.com
A,USD,STD,FS,C,010894,2025-12-31,UDR INC,UDR,www.udr.com
A,USD,STD,INDL,C,010894,2025-12-31,UDR INC,UDR,www.udr.com
A,USD,STD,FS,C,010903,2010-12-31,UNITEDHEALTH GROUP INC,UNH,www.unitedhealthgroup.com
A,USD,STD,INDL,C,010903,2010-12-31,UNITEDHEALTH GROUP INC,UNH,www.unitedhealthgroup.com
A,USD,STD,FS,C,010903,2011-12-31,UNITEDHEALTH GROUP INC,UNH,www.unitedhealthgroup.com
A,USD,STD,INDL,C,010903,2011-12-31,UNITEDHEALTH GROUP INC,UNH,www.unitedhealthgroup.com
A,USD,STD,FS,C,010903,2012-12-31,UNITEDHEALTH GROUP INC,UNH,www.unitedhealthgroup.com
A,USD,STD,INDL,C,010903,2012-12-31,UNITEDHEALTH GROUP INC,UNH,www.unitedhealthgroup.com
A,USD,STD,FS,C,010903,2013-12-31,UNITEDHEALTH GROUP INC,UNH,www.unitedhealthgroup.com
A,USD,STD,INDL,C,010903,2013-12-31,UNITEDHEALTH GROUP INC,UNH,www.unitedhealthgroup.com
A,USD,STD,FS,C,010903,2014-12-31,UNITEDHEALTH GROUP INC,UNH,www.unitedhealthgroup.com
A,USD,STD,INDL,C,010903,2014-12-31,UNITEDHEALTH GROUP INC,UNH,www.unitedhealthgroup.com
A,USD,STD,FS,C,010903,2015-12-31,UNITEDHEALTH GROUP INC,UNH,www.unitedhealthgroup.com
A,USD,STD,INDL,C,010903,2015-12-31,UNITEDHEALTH GROUP INC,UNH,www.unitedhealthgroup.com
A,USD,STD,FS,C,010903,2016-12-31,UNITEDHEALTH GROUP INC,UNH,www.unitedhealthgroup.com
A,USD,STD,INDL,C,010903,2016-12-31,UNITEDHEALTH GROUP INC,UNH,www.unitedhealthgroup.com
A,USD,STD,FS,C,010903,2017-12-31,UNITEDHEALTH GROUP INC,UNH,www.unitedhealthgroup.com
A,USD,STD,INDL,C,010903,2017-12-31,UNITEDHEALTH GROUP INC,UNH,www.unitedhealthgroup.com
A,USD,STD,FS,C,010903,2018-12-31,UNITEDHEALTH GROUP INC,UNH,www.unitedhealthgroup.com
A,USD,STD,INDL,C,010903,2018-12-31,UNITEDHEALTH GROUP INC,UNH,www.unitedhealthgroup.com
A,USD,STD,FS,C,010903,2019-12-31,UNITEDHEALTH GROUP INC,UNH,www.unitedhealthgroup.com
A,USD,STD,INDL,C,010903,2019-12-31,UNITEDHEALTH GROUP INC,UNH,www.unitedhealthgroup.com
A,USD,STD,FS,C,010903,2020-12-31,UNITEDHEALTH GROUP INC,UNH,www.unitedhealthgroup.com
A,USD,STD,INDL,C,010903,2020-12-31,UNITEDHEALTH GROUP INC,UNH,www.unitedhealthgroup.com
A,USD,STD,FS,C,010903,2021-12-31,UNITEDHEALTH GROUP INC,UNH,www.unitedhealthgroup.com
A,USD,STD,INDL,C,010903,2021-12-31,UNITEDHEALTH GROUP INC,UNH,www.unitedhealthgroup.com
A,USD,STD,FS,C,010903,2022-12-31,UNITEDHEALTH GROUP INC,UNH,www.unitedhealthgroup.com
A,USD,STD,INDL,C,010903,2022-12-31,UNITEDHEALTH GROUP INC,UNH,www.unitedhealthgroup.com
A,USD,STD,FS,C,010903,2023-12-31,UNITEDHEALTH GROUP INC,UNH,www.unitedhealthgroup.com
A,USD,STD,INDL,C,010903,2023-12-31,UNITEDHEALTH GROUP INC,UNH,www.unitedhealthgroup.com
A,USD,STD,FS,C,010903,2024-12-31,UNITEDHEALTH GROUP INC,UNH,www.unitedhealthgroup.com
A,USD,STD,INDL,C,010903,2024-12-31,UNITEDHEALTH GROUP INC,UNH,www.unitedhealthgroup.com
A,USD,STD,FS,C,010903,2025-12-31,UNITEDHEALTH GROUP INC,UNH,www.unitedhealthgroup.com
A,USD,STD,INDL,C,010903,2025-12-31,UNITEDHEALTH GROUP INC,UNH,www.unitedhealthgroup.com
A,USD,STD,INDL,C,010920,2010-12-31,UNITED PARCEL SERVICE INC,UPS,www.ups.com
A,USD,STD,INDL,C,010920,2011-12-31,UNITED PARCEL SERVICE INC,UPS,www.ups.com
A,USD,STD,INDL,C,010920,2012-12-31,UNITED PARCEL SERVICE INC,UPS,www.ups.com
A,USD,STD,INDL,C,010920,2013-12-31,UNITED PARCEL SERVICE INC,UPS,www.ups.com
A,USD,STD,INDL,C,010920,2014-12-31,UNITED PARCEL SERVICE INC,UPS,www.ups.com
A,USD,STD,INDL,C,010920,2015-12-31,UNITED PARCEL SERVICE INC,UPS,www.ups.com
A,USD,STD,INDL,C,010920,2016-12-31,UNITED PARCEL SERVICE INC,UPS,www.ups.com
A,USD,STD,INDL,C,010920,2017-12-31,UNITED PARCEL SERVICE INC,UPS,www.ups.com
A,USD,STD,INDL,C,010920,2018-12-31,UNITED PARCEL SERVICE INC,UPS,www.ups.com
A,USD,STD,INDL,C,010920,2019-12-31,UNITED PARCEL SERVICE INC,UPS,www.ups.com
A,USD,STD,INDL,C,010920,2020-12-31,UNITED PARCEL SERVICE INC,UPS,www.ups.com
A,USD,STD,INDL,C,010920,2021-12-31,UNITED PARCEL SERVICE INC,UPS,www.ups.com
A,USD,STD,INDL,C,010920,2022-12-31,UNITED PARCEL SERVICE INC,UPS,www.ups.com
A,USD,STD,INDL,C,010920,2023-12-31,UNITED PARCEL SERVICE INC,UPS,www.ups.com
A,USD,STD,INDL,C,010920,2024-12-31,UNITED PARCEL SERVICE INC,UPS,www.ups.com
A,USD,STD,INDL,C,010920,2025-12-31,UNITED PARCEL SERVICE INC,UPS,www.ups.com
A,USD,STD,INDL,C,010983,2010-12-31,RTX CORP,RTX,www.rtx.com
A,USD,STD,INDL,C,010983,2011-12-31,RTX CORP,RTX,www.rtx.com
A,USD,STD,INDL,C,010983,2012-12-31,RTX CORP,RTX,www.rtx.com
A,USD,STD,INDL,C,010983,2013-12-31,RTX CORP,RTX,www.rtx.com
A,USD,STD,INDL,C,010983,2014-12-31,RTX CORP,RTX,www.rtx.com
A,USD,STD,INDL,C,010983,2015-12-31,RTX CORP,RTX,www.rtx.com
A,USD,STD,INDL,C,010983,2016-12-31,RTX CORP,RTX,www.rtx.com
A,USD,STD,INDL,C,010983,2017-12-31,RTX CORP,RTX,www.rtx.com
A,USD,STD,INDL,C,010983,2018-12-31,RTX CORP,RTX,www.rtx.com
A,USD,STD,INDL,C,010983,2019-12-31,RTX CORP,RTX,www.rtx.com
A,USD,STD,INDL,C,010983,2020-12-31,RTX CORP,RTX,www.rtx.com
A,USD,STD,INDL,C,010983,2021-12-31,RTX CORP,RTX,www.rtx.com
A,USD,STD,INDL,C,010983,2022-12-31,RTX CORP,RTX,www.rtx.com
A,USD,STD,INDL,C,010983,2023-12-31,RTX CORP,RTX,www.rtx.com
A,USD,STD,INDL,C,010983,2024-12-31,RTX CORP,RTX,www.rtx.com
A,USD,STD,INDL,C,010983,2025-12-31,RTX CORP,RTX,www.rtx.com
A,USD,STD,INDL,C,011032,2010-12-31,UNIVERSAL HEALTH SVCS INC,UHS,uhs.com
A,USD,STD,INDL,C,011032,2011-12-31,UNIVERSAL HEALTH SVCS INC,UHS,uhs.com
A,USD,STD,INDL,C,011032,2012-12-31,UNIVERSAL HEALTH SVCS INC,UHS,uhs.com
A,USD,STD,INDL,C,011032,2013-12-31,UNIVERSAL HEALTH SVCS INC,UHS,uhs.com
A,USD,STD,INDL,C,011032,2014-12-31,UNIVERSAL HEALTH SVCS INC,UHS,uhs.com
A,USD,STD,INDL,C,011032,2015-12-31,UNIVERSAL HEALTH SVCS INC,UHS,uhs.com
A,USD,STD,INDL,C,011032,2016-12-31,UNIVERSAL HEALTH SVCS INC,UHS,uhs.com
A,USD,STD,INDL,C,011032,2017-12-31,UNIVERSAL HEALTH SVCS INC,UHS,uhs.com
A,USD,STD,INDL,C,011032,2018-12-31,UNIVERSAL HEALTH SVCS INC,UHS,uhs.com
A,USD,STD,INDL,C,011032,2019-12-31,UNIVERSAL HEALTH SVCS INC,UHS,uhs.com
A,USD,STD,INDL,C,011032,2020-12-31,UNIVERSAL HEALTH SVCS INC,UHS,uhs.com
A,USD,STD,INDL,C,011032,2021-12-31,UNIVERSAL HEALTH SVCS INC,UHS,uhs.com
A,USD,STD,INDL,C,011032,2022-12-31,UNIVERSAL HEALTH SVCS INC,UHS,uhs.com
A,USD,STD,INDL,C,011032,2023-12-31,UNIVERSAL HEALTH SVCS INC,UHS,uhs.com
A,USD,STD,INDL,C,011032,2024-12-31,UNIVERSAL HEALTH SVCS INC,UHS,uhs.com
A,USD,STD,INDL,C,011032,2025-12-31,UNIVERSAL HEALTH SVCS INC,UHS,uhs.com
A,USD,STD,INDL,C,011228,2010-12-31,VULCAN MATERIALS CO,VMC,www.vulcanmaterials.com
A,USD,STD,INDL,C,011228,2011-12-31,VULCAN MATERIALS CO,VMC,www.vulcanmaterials.com
A,USD,STD,INDL,C,011228,2012-12-31,VULCAN MATERIALS CO,VMC,www.vulcanmaterials.com
A,USD,STD,INDL,C,011228,2013-12-31,VULCAN MATERIALS CO,VMC,www.vulcanmaterials.com
A,USD,STD,INDL,C,011228,2014-12-31,VULCAN MATERIALS CO,VMC,www.vulcanmaterials.com
A,USD,STD,INDL,C,011228,2015-12-31,VULCAN MATERIALS CO,VMC,www.vulcanmaterials.com
A,USD,STD,INDL,C,011228,2016-12-31,VULCAN MATERIALS CO,VMC,www.vulcanmaterials.com
A,USD,STD,INDL,C,011228,2017-12-31,VULCAN MATERIALS CO,VMC,www.vulcanmaterials.com
A,USD,STD,INDL,C,011228,2018-12-31,VULCAN MATERIALS CO,VMC,www.vulcanmaterials.com
A,USD,STD,INDL,C,011228,2019-12-31,VULCAN MATERIALS CO,VMC,www.vulcanmaterials.com
A,USD,STD,INDL,C,011228,2020-12-31,VULCAN MATERIALS CO,VMC,www.vulcanmaterials.com
A,USD,STD,INDL,C,011228,2021-12-31,VULCAN MATERIALS CO,VMC,www.vulcanmaterials.com
A,USD,STD,INDL,C,011228,2022-12-31,VULCAN MATERIALS CO,VMC,www.vulcanmaterials.com
A,USD,STD,INDL,C,011228,2023-12-31,VULCAN MATERIALS CO,VMC,www.vulcanmaterials.com
A,USD,STD,INDL,C,011228,2024-12-31,VULCAN MATERIALS CO,VMC,www.vulcanmaterials.com
A,USD,STD,INDL,C,011228,2025-12-31,VULCAN MATERIALS CO,VMC,www.vulcanmaterials.com
A,USD,STD,INDL,C,011259,2010-01-31,WALMART INC,WMT,www.stock.walmart.com
A,USD,STD,INDL,C,011259,2011-01-31,WALMART INC,WMT,www.stock.walmart.com
A,USD,STD,INDL,C,011259,2012-01-31,WALMART INC,WMT,www.stock.walmart.com
A,USD,STD,INDL,C,011259,2013-01-31,WALMART INC,WMT,www.stock.walmart.com
A,USD,STD,INDL,C,011259,2014-01-31,WALMART INC,WMT,www.stock.walmart.com
A,USD,STD,INDL,C,011259,2015-01-31,WALMART INC,WMT,www.stock.walmart.com
A,USD,STD,INDL,C,011259,2016-01-31,WALMART INC,WMT,www.stock.walmart.com
A,USD,STD,INDL,C,011259,2017-01-31,WALMART INC,WMT,www.stock.walmart.com
A,USD,STD,INDL,C,011259,2018-01-31,WALMART INC,WMT,www.stock.walmart.com
A,USD,STD,INDL,C,011259,2019-01-31,WALMART INC,WMT,www.stock.walmart.com
A,USD,STD,INDL,C,011259,2020-01-31,WALMART INC,WMT,www.stock.walmart.com
A,USD,STD,INDL,C,011259,2021-01-31,WALMART INC,WMT,www.stock.walmart.com
A,USD,STD,INDL,C,011259,2022-01-31,WALMART INC,WMT,www.stock.walmart.com
A,USD,STD,INDL,C,011259,2023-01-31,WALMART INC,WMT,www.stock.walmart.com
A,USD,STD,INDL,C,011259,2024-01-31,WALMART INC,WMT,www.stock.walmart.com
A,USD,STD,INDL,C,011259,2025-01-31,WALMART INC,WMT,www.stock.walmart.com
A,USD,STD,INDL,C,011259,2026-01-31,WALMART INC,WMT,www.stock.walmart.com
A,USD,STD,INDL,C,011376,2010-12-31,WEST PHARMACEUTICAL SVSC INC,WST,www.westpharma.com
A,USD,STD,INDL,C,011376,2011-12-31,WEST PHARMACEUTICAL SVSC INC,WST,www.westpharma.com
A,USD,STD,INDL,C,011376,2012-12-31,WEST PHARMACEUTICAL SVSC INC,WST,www.westpharma.com
A,USD,STD,INDL,C,011376,2013-12-31,WEST PHARMACEUTICAL SVSC INC,WST,www.westpharma.com
A,USD,STD,INDL,C,011376,2014-12-31,WEST PHARMACEUTICAL SVSC INC,WST,www.westpharma.com
A,USD,STD,INDL,C,011376,2015-12-31,WEST PHARMACEUTICAL SVSC INC,WST,www.westpharma.com
A,USD,STD,INDL,C,011376,2016-12-31,WEST PHARMACEUTICAL SVSC INC,WST,www.westpharma.com
A,USD,STD,INDL,C,011376,2017-12-31,WEST PHARMACEUTICAL SVSC INC,WST,www.westpharma.com
A,USD,STD,INDL,C,011376,2018-12-31,WEST PHARMACEUTICAL SVSC INC,WST,www.westpharma.com
A,USD,STD,INDL,C,011376,2019-12-31,WEST PHARMACEUTICAL SVSC INC,WST,www.westpharma.com
A,USD,STD,INDL,C,011376,2020-12-31,WEST PHARMACEUTICAL SVSC INC,WST,www.westpharma.com
A,USD,STD,INDL,C,011376,2021-12-31,WEST PHARMACEUTICAL SVSC INC,WST,www.westpharma.com
A,USD,STD,INDL,C,011376,2022-12-31,WEST PHARMACEUTICAL SVSC INC,WST,www.westpharma.com
A,USD,STD,INDL,C,011376,2023-12-31,WEST PHARMACEUTICAL SVSC INC,WST,www.westpharma.com
A,USD,STD,INDL,C,011376,2024-12-31,WEST PHARMACEUTICAL SVSC INC,WST,www.westpharma.com
A,USD,STD,INDL,C,011376,2025-12-31,WEST PHARMACEUTICAL SVSC INC,WST,www.westpharma.com
A,USD,STD,INDL,C,011399,2010-06-30,WESTERN DIGITAL CORP,WDC,www.westerndigital.com
A,USD,STD,INDL,C,011399,2011-06-30,WESTERN DIGITAL CORP,WDC,www.westerndigital.com
A,USD,STD,INDL,C,011399,2012-06-30,WESTERN DIGITAL CORP,WDC,www.westerndigital.com
A,USD,STD,INDL,C,011399,2013-06-30,WESTERN DIGITAL CORP,WDC,www.westerndigital.com
A,USD,STD,INDL,C,011399,2014-06-30,WESTERN DIGITAL CORP,WDC,www.westerndigital.com
A,USD,STD,INDL,C,011399,2015-06-30,WESTERN DIGITAL CORP,WDC,www.westerndigital.com
A,USD,STD,INDL,C,011399,2016-06-30,WESTERN DIGITAL CORP,WDC,www.westerndigital.com
A,USD,STD,INDL,C,011399,2017-06-30,WESTERN DIGITAL CORP,WDC,www.westerndigital.com
A,USD,STD,INDL,C,011399,2018-06-30,WESTERN DIGITAL CORP,WDC,www.westerndigital.com
A,USD,STD,INDL,C,011399,2019-06-30,WESTERN DIGITAL CORP,WDC,www.westerndigital.com
A,USD,STD,INDL,C,011399,2020-06-30,WESTERN DIGITAL CORP,WDC,www.westerndigital.com
A,USD,STD,INDL,C,011399,2021-06-30,WESTERN DIGITAL CORP,WDC,www.westerndigital.com
A,USD,STD,INDL,C,011399,2022-06-30,WESTERN DIGITAL CORP,WDC,www.westerndigital.com
A,USD,STD,INDL,C,011399,2023-06-30,WESTERN DIGITAL CORP,WDC,www.westerndigital.com
A,USD,STD,INDL,C,011399,2024-06-30,WESTERN DIGITAL CORP,WDC,www.westerndigital.com
A,USD,STD,INDL,C,011399,2025-06-30,WESTERN DIGITAL CORP,WDC,www.westerndigital.com
A,USD,STD,INDL,C,011456,2010-12-31,WEYERHAEUSER CO,WY,www.weyerhaeuser.com
A,USD,STD,INDL,C,011456,2011-12-31,WEYERHAEUSER CO,WY,www.weyerhaeuser.com
A,USD,STD,INDL,C,011456,2012-12-31,WEYERHAEUSER CO,WY,www.weyerhaeuser.com
A,USD,STD,INDL,C,011456,2013-12-31,WEYERHAEUSER CO,WY,www.weyerhaeuser.com
A,USD,STD,INDL,C,011456,2014-12-31,WEYERHAEUSER CO,WY,www.weyerhaeuser.com
A,USD,STD,INDL,C,011456,2015-12-31,WEYERHAEUSER CO,WY,www.weyerhaeuser.com
A,USD,STD,INDL,C,011456,2016-12-31,WEYERHAEUSER CO,WY,www.weyerhaeuser.com
A,USD,STD,INDL,C,011456,2017-12-31,WEYERHAEUSER CO,WY,www.weyerhaeuser.com
A,USD,STD,INDL,C,011456,2018-12-31,WEYERHAEUSER CO,WY,www.weyerhaeuser.com
A,USD,STD,INDL,C,011456,2019-12-31,WEYERHAEUSER CO,WY,www.weyerhaeuser.com
A,USD,STD,FS,C,011456,2020-12-31,WEYERHAEUSER CO,WY,www.weyerhaeuser.com
A,USD,STD,INDL,C,011456,2020-12-31,WEYERHAEUSER CO,WY,www.weyerhaeuser.com
A,USD,STD,FS,C,011456,2021-12-31,WEYERHAEUSER CO,WY,www.weyerhaeuser.com
A,USD,STD,INDL,C,011456,2021-12-31,WEYERHAEUSER CO,WY,www.weyerhaeuser.com
A,USD,STD,FS,C,011456,2022-12-31,WEYERHAEUSER CO,WY,www.weyerhaeuser.com
A,USD,STD,INDL,C,011456,2022-12-31,WEYERHAEUSER CO,WY,www.weyerhaeuser.com
A,USD,STD,FS,C,011456,2023-12-31,WEYERHAEUSER CO,WY,www.weyerhaeuser.com
A,USD,STD,INDL,C,011456,2023-12-31,WEYERHAEUSER CO,WY,www.weyerhaeuser.com
A,USD,STD,FS,C,011456,2024-12-31,WEYERHAEUSER CO,WY,www.weyerhaeuser.com
A,USD,STD,INDL,C,011456,2024-12-31,WEYERHAEUSER CO,WY,www.weyerhaeuser.com
A,USD,STD,FS,C,011456,2025-12-31,WEYERHAEUSER CO,WY,www.weyerhaeuser.com
A,USD,STD,INDL,C,011456,2025-12-31,WEYERHAEUSER CO,WY,www.weyerhaeuser.com
A,USD,STD,INDL,C,011506,2010-12-31,WILLIAMS COS INC,WMB,www.williams.com
A,USD,STD,INDL,C,011506,2011-12-31,WILLIAMS COS INC,WMB,www.williams.com
A,USD,STD,INDL,C,011506,2012-12-31,WILLIAMS COS INC,WMB,www.williams.com
A,USD,STD,INDL,C,011506,2013-12-31,WILLIAMS COS INC,WMB,www.williams.com
A,USD,STD,INDL,C,011506,2014-12-31,WILLIAMS COS INC,WMB,www.williams.com
A,USD,STD,INDL,C,011506,2015-12-31,WILLIAMS COS INC,WMB,www.williams.com
A,USD,STD,INDL,C,011506,2016-12-31,WILLIAMS COS INC,WMB,www.williams.com
A,USD,STD,INDL,C,011506,2017-12-31,WILLIAMS COS INC,WMB,www.williams.com
A,USD,STD,INDL,C,011506,2018-12-31,WILLIAMS COS INC,WMB,www.williams.com
A,USD,STD,INDL,C,011506,2019-12-31,WILLIAMS COS INC,WMB,www.williams.com
A,USD,STD,INDL,C,011506,2020-12-31,WILLIAMS COS INC,WMB,www.williams.com
A,USD,STD,INDL,C,011506,2021-12-31,WILLIAMS COS INC,WMB,www.williams.com
A,USD,STD,INDL,C,011506,2022-12-31,WILLIAMS COS INC,WMB,www.williams.com
A,USD,STD,INDL,C,011506,2023-12-31,WILLIAMS COS INC,WMB,www.williams.com
A,USD,STD,INDL,C,011506,2024-12-31,WILLIAMS COS INC,WMB,www.williams.com
A,USD,STD,INDL,C,011506,2025-12-31,WILLIAMS COS INC,WMB,www.williams.com
A,USD,STD,INDL,C,011511,2010-01-31,WILLIAMS-SONOMA INC,WSM,www.williams-sonomainc.com
A,USD,STD,INDL,C,011511,2011-01-31,WILLIAMS-SONOMA INC,WSM,www.williams-sonomainc.com
A,USD,STD,INDL,C,011511,2012-01-31,WILLIAMS-SONOMA INC,WSM,www.williams-sonomainc.com
A,USD,STD,INDL,C,011511,2013-01-31,WILLIAMS-SONOMA INC,WSM,www.williams-sonomainc.com
A,USD,STD,INDL,C,011511,2014-01-31,WILLIAMS-SONOMA INC,WSM,www.williams-sonomainc.com
A,USD,STD,INDL,C,011511,2015-01-31,WILLIAMS-SONOMA INC,WSM,www.williams-sonomainc.com
A,USD,STD,INDL,C,011511,2016-01-31,WILLIAMS-SONOMA INC,WSM,www.williams-sonomainc.com
A,USD,STD,INDL,C,011511,2017-01-31,WILLIAMS-SONOMA INC,WSM,www.williams-sonomainc.com
A,USD,STD,INDL,C,011511,2018-01-31,WILLIAMS-SONOMA INC,WSM,www.williams-sonomainc.com
A,USD,STD,INDL,C,011511,2019-01-31,WILLIAMS-SONOMA INC,WSM,www.williams-sonomainc.com
A,USD,STD,INDL,C,011511,2020-01-31,WILLIAMS-SONOMA INC,WSM,www.williams-sonomainc.com
A,USD,STD,INDL,C,011511,2021-01-31,WILLIAMS-SONOMA INC,WSM,www.williams-sonomainc.com
A,USD,STD,INDL,C,011511,2022-01-31,WILLIAMS-SONOMA INC,WSM,www.williams-sonomainc.com
A,USD,STD,INDL,C,011511,2023-01-31,WILLIAMS-SONOMA INC,WSM,www.williams-sonomainc.com
A,USD,STD,INDL,C,011511,2024-01-31,WILLIAMS-SONOMA INC,WSM,www.williams-sonomainc.com
A,USD,STD,INDL,C,011511,2025-01-31,WILLIAMS-SONOMA INC,WSM,www.williams-sonomainc.com
A,USD,STD,INDL,C,011511,2026-01-31,WILLIAMS-SONOMA INC,WSM,www.williams-sonomainc.com
A,USD,STD,INDL,C,011550,2010-12-31,WEC ENERGY GROUP INC,WEC,www.wecenergygroup.com
A,USD,STD,INDL,C,011550,2011-12-31,WEC ENERGY GROUP INC,WEC,www.wecenergygroup.com
A,USD,STD,INDL,C,011550,2012-12-31,WEC ENERGY GROUP INC,WEC,www.wecenergygroup.com
A,USD,STD,INDL,C,011550,2013-12-31,WEC ENERGY GROUP INC,WEC,www.wecenergygroup.com
A,USD,STD,INDL,C,011550,2014-12-31,WEC ENERGY GROUP INC,WEC,www.wecenergygroup.com
A,USD,STD,INDL,C,011550,2015-12-31,WEC ENERGY GROUP INC,WEC,www.wecenergygroup.com
A,USD,STD,INDL,C,011550,2016-12-31,WEC ENERGY GROUP INC,WEC,www.wecenergygroup.com
A,USD,STD,INDL,C,011550,2017-12-31,WEC ENERGY GROUP INC,WEC,www.wecenergygroup.com
A,USD,STD,INDL,C,011550,2018-12-31,WEC ENERGY GROUP INC,WEC,www.wecenergygroup.com
A,USD,STD,INDL,C,011550,2019-12-31,WEC ENERGY GROUP INC,WEC,www.wecenergygroup.com
A,USD,STD,INDL,C,011550,2020-12-31,WEC ENERGY GROUP INC,WEC,www.wecenergygroup.com
A,USD,STD,INDL,C,011550,2021-12-31,WEC ENERGY GROUP INC,WEC,www.wecenergygroup.com
A,USD,STD,INDL,C,011550,2022-12-31,WEC ENERGY GROUP INC,WEC,www.wecenergygroup.com
A,USD,STD,INDL,C,011550,2023-12-31,WEC ENERGY GROUP INC,WEC,www.wecenergygroup.com
A,USD,STD,INDL,C,011550,2024-12-31,WEC ENERGY GROUP INC,WEC,www.wecenergygroup.com
A,USD,STD,INDL,C,011550,2025-12-31,WEC ENERGY GROUP INC,WEC,www.wecenergygroup.com
A,USD,STD,INDL,C,011554,2010-12-31,ALLIANT ENERGY CORP,LNT,www.alliantenergy.com
A,USD,STD,INDL,C,011554,2011-12-31,ALLIANT ENERGY CORP,LNT,www.alliantenergy.com
A,USD,STD,INDL,C,011554,2012-12-31,ALLIANT ENERGY CORP,LNT,www.alliantenergy.com
A,USD,STD,INDL,C,011554,2013-12-31,ALLIANT ENERGY CORP,LNT,www.alliantenergy.com
A,USD,STD,INDL,C,011554,2014-12-31,ALLIANT ENERGY CORP,LNT,www.alliantenergy.com
A,USD,STD,INDL,C,011554,2015-12-31,ALLIANT ENERGY CORP,LNT,www.alliantenergy.com
A,USD,STD,INDL,C,011554,2016-12-31,ALLIANT ENERGY CORP,LNT,www.alliantenergy.com
A,USD,STD,INDL,C,011554,2017-12-31,ALLIANT ENERGY CORP,LNT,www.alliantenergy.com
A,USD,STD,INDL,C,011554,2018-12-31,ALLIANT ENERGY CORP,LNT,www.alliantenergy.com
A,USD,STD,INDL,C,011554,2019-12-31,ALLIANT ENERGY CORP,LNT,www.alliantenergy.com
A,USD,STD,INDL,C,011554,2020-12-31,ALLIANT ENERGY CORP,LNT,www.alliantenergy.com
A,USD,STD,INDL,C,011554,2021-12-31,ALLIANT ENERGY CORP,LNT,www.alliantenergy.com
A,USD,STD,INDL,C,011554,2022-12-31,ALLIANT ENERGY CORP,LNT,www.alliantenergy.com
A,USD,STD,INDL,C,011554,2023-12-31,ALLIANT ENERGY CORP,LNT,www.alliantenergy.com
A,USD,STD,INDL,C,011554,2024-12-31,ALLIANT ENERGY CORP,LNT,www.alliantenergy.com
A,USD,STD,INDL,C,011554,2025-12-31,ALLIANT ENERGY CORP,LNT,www.alliantenergy.com
A,USD,STD,INDL,C,011672,2010-01-31,TJX COS INC (THE),TJX,www.tjx.com
A,USD,STD,INDL,C,011672,2011-01-31,TJX COS INC (THE),TJX,www.tjx.com
A,USD,STD,INDL,C,011672,2012-01-31,TJX COS INC (THE),TJX,www.tjx.com
A,USD,STD,INDL,C,011672,2013-01-31,TJX COS INC (THE),TJX,www.tjx.com
A,USD,STD,INDL,C,011672,2014-01-31,TJX COS INC (THE),TJX,www.tjx.com
A,USD,STD,INDL,C,011672,2015-01-31,TJX COS INC (THE),TJX,www.tjx.com
A,USD,STD,INDL,C,011672,2016-01-31,TJX COS INC (THE),TJX,www.tjx.com
A,USD,STD,INDL,C,011672,2017-01-31,TJX COS INC (THE),TJX,www.tjx.com
A,USD,STD,INDL,C,011672,2018-01-31,TJX COS INC (THE),TJX,www.tjx.com
A,USD,STD,INDL,C,011672,2019-01-31,TJX COS INC (THE),TJX,www.tjx.com
A,USD,STD,INDL,C,011672,2020-01-31,TJX COS INC (THE),TJX,www.tjx.com
A,USD,STD,INDL,C,011672,2021-01-31,TJX COS INC (THE),TJX,www.tjx.com
A,USD,STD,INDL,C,011672,2022-01-31,TJX COS INC (THE),TJX,www.tjx.com
A,USD,STD,INDL,C,011672,2023-01-31,TJX COS INC (THE),TJX,www.tjx.com
A,USD,STD,INDL,C,011672,2024-01-31,TJX COS INC (THE),TJX,www.tjx.com
A,USD,STD,INDL,C,011672,2025-01-31,TJX COS INC (THE),TJX,www.tjx.com
A,USD,STD,INDL,C,011672,2026-01-31,TJX COS INC (THE),TJX,www.tjx.com
A,USD,STD,INDL,C,011811,2010-06-30,HENRY (JACK) & ASSOCIATES,JKHY,www.jackhenry.com
A,USD,STD,INDL,C,011811,2011-06-30,HENRY (JACK) & ASSOCIATES,JKHY,www.jackhenry.com
A,USD,STD,INDL,C,011811,2012-06-30,HENRY (JACK) & ASSOCIATES,JKHY,www.jackhenry.com
A,USD,STD,INDL,C,011811,2013-06-30,HENRY (JACK) & ASSOCIATES,JKHY,www.jackhenry.com
A,USD,STD,INDL,C,011811,2014-06-30,HENRY (JACK) & ASSOCIATES,JKHY,www.jackhenry.com
A,USD,STD,INDL,C,011811,2015-06-30,HENRY (JACK) & ASSOCIATES,JKHY,www.jackhenry.com
A,USD,STD,INDL,C,011811,2016-06-30,HENRY (JACK) & ASSOCIATES,JKHY,www.jackhenry.com
A,USD,STD,INDL,C,011811,2017-06-30,HENRY (JACK) & ASSOCIATES,JKHY,www.jackhenry.com
A,USD,STD,INDL,C,011811,2018-06-30,HENRY (JACK) & ASSOCIATES,JKHY,www.jackhenry.com
A,USD,STD,INDL,C,011811,2019-06-30,HENRY (JACK) & ASSOCIATES,JKHY,www.jackhenry.com
A,USD,STD,INDL,C,011811,2020-06-30,HENRY (JACK) & ASSOCIATES,JKHY,www.jackhenry.com
A,USD,STD,INDL,C,011811,2021-06-30,HENRY (JACK) & ASSOCIATES,JKHY,www.jackhenry.com
A,USD,STD,INDL,C,011811,2022-06-30,HENRY (JACK) & ASSOCIATES,JKHY,www.jackhenry.com
A,USD,STD,INDL,C,011811,2023-06-30,HENRY (JACK) & ASSOCIATES,JKHY,www.jackhenry.com
A,USD,STD,INDL,C,011811,2024-06-30,HENRY (JACK) & ASSOCIATES,JKHY,www.jackhenry.com
A,USD,STD,INDL,C,011811,2025-06-30,HENRY (JACK) & ASSOCIATES,JKHY,www.jackhenry.com
A,USD,STD,FS,C,011856,2010-12-31,TRUIST FINANCIAL CORP,TFC,www.truist.com
A,USD,STD,INDL,C,011856,2010-12-31,TRUIST FINANCIAL CORP,TFC,www.truist.com
A,USD,STD,FS,C,011856,2011-12-31,TRUIST FINANCIAL CORP,TFC,www.truist.com
A,USD,STD,INDL,C,011856,2011-12-31,TRUIST FINANCIAL CORP,TFC,www.truist.com
A,USD,STD,FS,C,011856,2012-12-31,TRUIST FINANCIAL CORP,TFC,www.truist.com
A,USD,STD,INDL,C,011856,2012-12-31,TRUIST FINANCIAL CORP,TFC,www.truist.com
A,USD,STD,FS,C,011856,2013-12-31,TRUIST FINANCIAL CORP,TFC,www.truist.com
A,USD,STD,INDL,C,011856,2013-12-31,TRUIST FINANCIAL CORP,TFC,www.truist.com
A,USD,STD,FS,C,011856,2014-12-31,TRUIST FINANCIAL CORP,TFC,www.truist.com
A,USD,STD,INDL,C,011856,2014-12-31,TRUIST FINANCIAL CORP,TFC,www.truist.com
A,USD,STD,FS,C,011856,2015-12-31,TRUIST FINANCIAL CORP,TFC,www.truist.com
A,USD,STD,INDL,C,011856,2015-12-31,TRUIST FINANCIAL CORP,TFC,www.truist.com
A,USD,STD,FS,C,011856,2016-12-31,TRUIST FINANCIAL CORP,TFC,www.truist.com
A,USD,STD,INDL,C,011856,2016-12-31,TRUIST FINANCIAL CORP,TFC,www.truist.com
A,USD,STD,FS,C,011856,2017-12-31,TRUIST FINANCIAL CORP,TFC,www.truist.com
A,USD,STD,INDL,C,011856,2017-12-31,TRUIST FINANCIAL CORP,TFC,www.truist.com
A,USD,STD,FS,C,011856,2018-12-31,TRUIST FINANCIAL CORP,TFC,www.truist.com
A,USD,STD,INDL,C,011856,2018-12-31,TRUIST FINANCIAL CORP,TFC,www.truist.com
A,USD,STD,FS,C,011856,2019-12-31,TRUIST FINANCIAL CORP,TFC,www.truist.com
A,USD,STD,INDL,C,011856,2019-12-31,TRUIST FINANCIAL CORP,TFC,www.truist.com
A,USD,STD,FS,C,011856,2020-12-31,TRUIST FINANCIAL CORP,TFC,www.truist.com
A,USD,STD,INDL,C,011856,2020-12-31,TRUIST FINANCIAL CORP,TFC,www.truist.com
A,USD,STD,FS,C,011856,2021-12-31,TRUIST FINANCIAL CORP,TFC,www.truist.com
A,USD,STD,INDL,C,011856,2021-12-31,TRUIST FINANCIAL CORP,TFC,www.truist.com
A,USD,STD,FS,C,011856,2022-12-31,TRUIST FINANCIAL CORP,TFC,www.truist.com
A,USD,STD,INDL,C,011856,2022-12-31,TRUIST FINANCIAL CORP,TFC,www.truist.com
A,USD,STD,FS,C,011856,2023-12-31,TRUIST FINANCIAL CORP,TFC,www.truist.com
A,USD,STD,INDL,C,011856,2023-12-31,TRUIST FINANCIAL CORP,TFC,www.truist.com
A,USD,STD,FS,C,011856,2024-12-31,TRUIST FINANCIAL CORP,TFC,www.truist.com
A,USD,STD,INDL,C,011856,2024-12-31,TRUIST FINANCIAL CORP,TFC,www.truist.com
A,USD,STD,FS,C,011856,2025-12-31,TRUIST FINANCIAL CORP,TFC,www.truist.com
A,USD,STD,INDL,C,011856,2025-12-31,TRUIST FINANCIAL CORP,TFC,www.truist.com
A,USD,STD,FS,C,012124,2010-12-31,MORGAN STANLEY,MS,www.morganstanley.com
A,USD,STD,INDL,C,012124,2010-12-31,MORGAN STANLEY,MS,www.morganstanley.com
A,USD,STD,FS,C,012124,2011-12-31,MORGAN STANLEY,MS,www.morganstanley.com
A,USD,STD,INDL,C,012124,2011-12-31,MORGAN STANLEY,MS,www.morganstanley.com
A,USD,STD,FS,C,012124,2012-12-31,MORGAN STANLEY,MS,www.morganstanley.com
A,USD,STD,INDL,C,012124,2012-12-31,MORGAN STANLEY,MS,www.morganstanley.com
A,USD,STD,FS,C,012124,2013-12-31,MORGAN STANLEY,MS,www.morganstanley.com
A,USD,STD,INDL,C,012124,2013-12-31,MORGAN STANLEY,MS,www.morganstanley.com
A,USD,STD,FS,C,012124,2014-12-31,MORGAN STANLEY,MS,www.morganstanley.com
A,USD,STD,INDL,C,012124,2014-12-31,MORGAN STANLEY,MS,www.morganstanley.com
A,USD,STD,FS,C,012124,2015-12-31,MORGAN STANLEY,MS,www.morganstanley.com
A,USD,STD,INDL,C,012124,2015-12-31,MORGAN STANLEY,MS,www.morganstanley.com
A,USD,STD,FS,C,012124,2016-12-31,MORGAN STANLEY,MS,www.morganstanley.com
A,USD,STD,INDL,C,012124,2016-12-31,MORGAN STANLEY,MS,www.morganstanley.com
A,USD,STD,FS,C,012124,2017-12-31,MORGAN STANLEY,MS,www.morganstanley.com
A,USD,STD,INDL,C,012124,2017-12-31,MORGAN STANLEY,MS,www.morganstanley.com
A,USD,STD,FS,C,012124,2018-12-31,MORGAN STANLEY,MS,www.morganstanley.com
A,USD,STD,INDL,C,012124,2018-12-31,MORGAN STANLEY,MS,www.morganstanley.com
A,USD,STD,FS,C,012124,2019-12-31,MORGAN STANLEY,MS,www.morganstanley.com
A,USD,STD,INDL,C,012124,2019-12-31,MORGAN STANLEY,MS,www.morganstanley.com
A,USD,STD,FS,C,012124,2020-12-31,MORGAN STANLEY,MS,www.morganstanley.com
A,USD,STD,INDL,C,012124,2020-12-31,MORGAN STANLEY,MS,www.morganstanley.com
A,USD,STD,FS,C,012124,2021-12-31,MORGAN STANLEY,MS,www.morganstanley.com
A,USD,STD,INDL,C,012124,2021-12-31,MORGAN STANLEY,MS,www.morganstanley.com
A,USD,STD,FS,C,012124,2022-12-31,MORGAN STANLEY,MS,www.morganstanley.com
A,USD,STD,INDL,C,012124,2022-12-31,MORGAN STANLEY,MS,www.morganstanley.com
A,USD,STD,FS,C,012124,2023-12-31,MORGAN STANLEY,MS,www.morganstanley.com
A,USD,STD,INDL,C,012124,2023-12-31,MORGAN STANLEY,MS,www.morganstanley.com
A,USD,STD,FS,C,012124,2024-12-31,MORGAN STANLEY,MS,www.morganstanley.com
A,USD,STD,INDL,C,012124,2024-12-31,MORGAN STANLEY,MS,www.morganstanley.com
A,USD,STD,FS,C,012124,2025-12-31,MORGAN STANLEY,MS,www.morganstanley.com
A,USD,STD,INDL,C,012124,2025-12-31,MORGAN STANLEY,MS,www.morganstanley.com
A,USD,STD,FS,C,012138,2010-12-31,PRICE (T. ROWE) GROUP,TROW,www.troweprice.com
A,USD,STD,INDL,C,012138,2010-12-31,PRICE (T. ROWE) GROUP,TROW,www.troweprice.com
A,USD,STD,FS,C,012138,2011-12-31,PRICE (T. ROWE) GROUP,TROW,www.troweprice.com
A,USD,STD,INDL,C,012138,2011-12-31,PRICE (T. ROWE) GROUP,TROW,www.troweprice.com
A,USD,STD,FS,C,012138,2012-12-31,PRICE (T. ROWE) GROUP,TROW,www.troweprice.com
A,USD,STD,INDL,C,012138,2012-12-31,PRICE (T. ROWE) GROUP,TROW,www.troweprice.com
A,USD,STD,FS,C,012138,2013-12-31,PRICE (T. ROWE) GROUP,TROW,www.troweprice.com
A,USD,STD,INDL,C,012138,2013-12-31,PRICE (T. ROWE) GROUP,TROW,www.troweprice.com
A,USD,STD,FS,C,012138,2014-12-31,PRICE (T. ROWE) GROUP,TROW,www.troweprice.com
A,USD,STD,INDL,C,012138,2014-12-31,PRICE (T. ROWE) GROUP,TROW,www.troweprice.com
A,USD,STD,FS,C,012138,2015-12-31,PRICE (T. ROWE) GROUP,TROW,www.troweprice.com
A,USD,STD,INDL,C,012138,2015-12-31,PRICE (T. ROWE) GROUP,TROW,www.troweprice.com
A,USD,STD,FS,C,012138,2016-12-31,PRICE (T. ROWE) GROUP,TROW,www.troweprice.com
A,USD,STD,INDL,C,012138,2016-12-31,PRICE (T. ROWE) GROUP,TROW,www.troweprice.com
A,USD,STD,FS,C,012138,2017-12-31,PRICE (T. ROWE) GROUP,TROW,www.troweprice.com
A,USD,STD,INDL,C,012138,2017-12-31,PRICE (T. ROWE) GROUP,TROW,www.troweprice.com
A,USD,STD,FS,C,012138,2018-12-31,PRICE (T. ROWE) GROUP,TROW,www.troweprice.com
A,USD,STD,INDL,C,012138,2018-12-31,PRICE (T. ROWE) GROUP,TROW,www.troweprice.com
A,USD,STD,FS,C,012138,2019-12-31,PRICE (T. ROWE) GROUP,TROW,www.troweprice.com
A,USD,STD,INDL,C,012138,2019-12-31,PRICE (T. ROWE) GROUP,TROW,www.troweprice.com
A,USD,STD,FS,C,012138,2020-12-31,PRICE (T. ROWE) GROUP,TROW,www.troweprice.com
A,USD,STD,INDL,C,012138,2020-12-31,PRICE (T. ROWE) GROUP,TROW,www.troweprice.com
A,USD,STD,FS,C,012138,2021-12-31,PRICE (T. ROWE) GROUP,TROW,www.troweprice.com
A,USD,STD,INDL,C,012138,2021-12-31,PRICE (T. ROWE) GROUP,TROW,www.troweprice.com
A,USD,STD,FS,C,012138,2022-12-31,PRICE (T. ROWE) GROUP,TROW,www.troweprice.com
A,USD,STD,INDL,C,012138,2022-12-31,PRICE (T. ROWE) GROUP,TROW,www.troweprice.com
A,USD,STD,FS,C,012138,2023-12-31,PRICE (T. ROWE) GROUP,TROW,www.troweprice.com
A,USD,STD,INDL,C,012138,2023-12-31,PRICE (T. ROWE) GROUP,TROW,www.troweprice.com
A,USD,STD,FS,C,012138,2024-12-31,PRICE (T. ROWE) GROUP,TROW,www.troweprice.com
A,USD,STD,INDL,C,012138,2024-12-31,PRICE (T. ROWE) GROUP,TROW,www.troweprice.com
A,USD,STD,FS,C,012138,2025-12-31,PRICE (T. ROWE) GROUP,TROW,www.troweprice.com
A,USD,STD,INDL,C,012138,2025-12-31,PRICE (T. ROWE) GROUP,TROW,www.troweprice.com
A,USD,STD,INDL,C,012141,2010-06-30,MICROSOFT CORP,MSFT,www.microsoft.com
A,USD,STD,INDL,C,012141,2011-06-30,MICROSOFT CORP,MSFT,www.microsoft.com
A,USD,STD,INDL,C,012141,2012-06-30,MICROSOFT CORP,MSFT,www.microsoft.com
A,USD,STD,INDL,C,012141,2013-06-30,MICROSOFT CORP,MSFT,www.microsoft.com
A,USD,STD,INDL,C,012141,2014-06-30,MICROSOFT CORP,MSFT,www.microsoft.com
A,USD,STD,INDL,C,012141,2015-06-30,MICROSOFT CORP,MSFT,www.microsoft.com
A,USD,STD,INDL,C,012141,2016-06-30,MICROSOFT CORP,MSFT,www.microsoft.com
A,USD,STD,INDL,C,012141,2017-06-30,MICROSOFT CORP,MSFT,www.microsoft.com
A,USD,STD,INDL,C,012141,2018-06-30,MICROSOFT CORP,MSFT,www.microsoft.com
A,USD,STD,INDL,C,012141,2019-06-30,MICROSOFT CORP,MSFT,www.microsoft.com
A,USD,STD,INDL,C,012141,2020-06-30,MICROSOFT CORP,MSFT,www.microsoft.com
A,USD,STD,INDL,C,012141,2021-06-30,MICROSOFT CORP,MSFT,www.microsoft.com
A,USD,STD,INDL,C,012141,2022-06-30,MICROSOFT CORP,MSFT,www.microsoft.com
A,USD,STD,INDL,C,012141,2023-06-30,MICROSOFT CORP,MSFT,www.microsoft.com
A,USD,STD,INDL,C,012141,2024-06-30,MICROSOFT CORP,MSFT,www.microsoft.com
A,USD,STD,INDL,C,012141,2025-06-30,MICROSOFT CORP,MSFT,www.microsoft.com
A,USD,STD,INDL,C,012142,2010-05-31,ORACLE CORP,ORCL,www.oracle.com
A,USD,STD,INDL,C,012142,2011-05-31,ORACLE CORP,ORCL,www.oracle.com
A,USD,STD,INDL,C,012142,2012-05-31,ORACLE CORP,ORCL,www.oracle.com
A,USD,STD,INDL,C,012142,2013-05-31,ORACLE CORP,ORCL,www.oracle.com
A,USD,STD,INDL,C,012142,2014-05-31,ORACLE CORP,ORCL,www.oracle.com
A,USD,STD,INDL,C,012142,2015-05-31,ORACLE CORP,ORCL,www.oracle.com
A,USD,STD,INDL,C,012142,2016-05-31,ORACLE CORP,ORCL,www.oracle.com
A,USD,STD,INDL,C,012142,2017-05-31,ORACLE CORP,ORCL,www.oracle.com
A,USD,STD,INDL,C,012142,2018-05-31,ORACLE CORP,ORCL,www.oracle.com
A,USD,STD,INDL,C,012142,2019-05-31,ORACLE CORP,ORCL,www.oracle.com
A,USD,STD,INDL,C,012142,2020-05-31,ORACLE CORP,ORCL,www.oracle.com
A,USD,STD,INDL,C,012142,2021-05-31,ORACLE CORP,ORCL,www.oracle.com
A,USD,STD,INDL,C,012142,2022-05-31,ORACLE CORP,ORCL,www.oracle.com
A,USD,STD,INDL,C,012142,2023-05-31,ORACLE CORP,ORCL,www.oracle.com
A,USD,STD,INDL,C,012142,2024-05-31,ORACLE CORP,ORCL,www.oracle.com
A,USD,STD,INDL,C,012142,2025-05-31,ORACLE CORP,ORCL,www.oracle.com
A,USD,STD,INDL,C,012441,2010-12-31,GARTNER INC,IT,www.gartner.com
A,USD,STD,INDL,C,012441,2011-12-31,GARTNER INC,IT,www.gartner.com
A,USD,STD,INDL,C,012441,2012-12-31,GARTNER INC,IT,www.gartner.com
A,USD,STD,INDL,C,012441,2013-12-31,GARTNER INC,IT,www.gartner.com
A,USD,STD,INDL,C,012441,2014-12-31,GARTNER INC,IT,www.gartner.com
A,USD,STD,INDL,C,012441,2015-12-31,GARTNER INC,IT,www.gartner.com
A,USD,STD,INDL,C,012441,2016-12-31,GARTNER INC,IT,www.gartner.com
A,USD,STD,INDL,C,012441,2017-12-31,GARTNER INC,IT,www.gartner.com
A,USD,STD,INDL,C,012441,2018-12-31,GARTNER INC,IT,www.gartner.com
A,USD,STD,INDL,C,012441,2019-12-31,GARTNER INC,IT,www.gartner.com
A,USD,STD,INDL,C,012441,2020-12-31,GARTNER INC,IT,www.gartner.com
A,USD,STD,INDL,C,012441,2021-12-31,GARTNER INC,IT,www.gartner.com
A,USD,STD,INDL,C,012441,2022-12-31,GARTNER INC,IT,www.gartner.com
A,USD,STD,INDL,C,012441,2023-12-31,GARTNER INC,IT,www.gartner.com
A,USD,STD,INDL,C,012441,2024-12-31,GARTNER INC,IT,www.gartner.com
A,USD,STD,INDL,C,012441,2025-12-31,GARTNER INC,IT,www.gartner.com
A,USD,STD,INDL,C,012459,2010-12-31,NVR INC,NVR,www.nvrinc.com
A,USD,STD,INDL,C,012459,2011-12-31,NVR INC,NVR,www.nvrinc.com
A,USD,STD,INDL,C,012459,2012-12-31,NVR INC,NVR,www.nvrinc.com
A,USD,STD,INDL,C,012459,2013-12-31,NVR INC,NVR,www.nvrinc.com
A,USD,STD,INDL,C,012459,2014-12-31,NVR INC,NVR,www.nvrinc.com
A,USD,STD,INDL,C,012459,2015-12-31,NVR INC,NVR,www.nvrinc.com
A,USD,STD,INDL,C,012459,2016-12-31,NVR INC,NVR,www.nvrinc.com
A,USD,STD,INDL,C,012459,2017-12-31,NVR INC,NVR,www.nvrinc.com
A,USD,STD,INDL,C,012459,2018-12-31,NVR INC,NVR,www.nvrinc.com
A,USD,STD,INDL,C,012459,2019-12-31,NVR INC,NVR,www.nvrinc.com
A,USD,STD,INDL,C,012459,2020-12-31,NVR INC,NVR,www.nvrinc.com
A,USD,STD,INDL,C,012459,2021-12-31,NVR INC,NVR,www.nvrinc.com
A,USD,STD,INDL,C,012459,2022-12-31,NVR INC,NVR,www.nvrinc.com
A,USD,STD,INDL,C,012459,2023-12-31,NVR INC,NVR,www.nvrinc.com
A,USD,STD,INDL,C,012459,2024-12-31,NVR INC,NVR,www.nvrinc.com
A,USD,STD,INDL,C,012459,2025-12-31,NVR INC,NVR,www.nvrinc.com
A,USD,STD,INDL,C,012540,2010-11-30,ADOBE INC,ADBE,www.adobe.com
A,USD,STD,INDL,C,012540,2011-11-30,ADOBE INC,ADBE,www.adobe.com
A,USD,STD,INDL,C,012540,2012-11-30,ADOBE INC,ADBE,www.adobe.com
A,USD,STD,INDL,C,012540,2013-11-30,ADOBE INC,ADBE,www.adobe.com
A,USD,STD,INDL,C,012540,2014-11-30,ADOBE INC,ADBE,www.adobe.com
A,USD,STD,INDL,C,012540,2015-11-30,ADOBE INC,ADBE,www.adobe.com
A,USD,STD,INDL,C,012540,2016-11-30,ADOBE INC,ADBE,www.adobe.com
A,USD,STD,INDL,C,012540,2017-11-30,ADOBE INC,ADBE,www.adobe.com
A,USD,STD,INDL,C,012540,2018-11-30,ADOBE INC,ADBE,www.adobe.com
A,USD,STD,INDL,C,012540,2019-11-30,ADOBE INC,ADBE,www.adobe.com
A,USD,STD,INDL,C,012540,2020-11-30,ADOBE INC,ADBE,www.adobe.com
A,USD,STD,INDL,C,012540,2021-11-30,ADOBE INC,ADBE,www.adobe.com
A,USD,STD,INDL,C,012540,2022-11-30,ADOBE INC,ADBE,www.adobe.com
A,USD,STD,INDL,C,012540,2023-11-30,ADOBE INC,ADBE,www.adobe.com
A,USD,STD,INDL,C,012540,2024-11-30,ADOBE INC,ADBE,www.adobe.com
A,USD,STD,INDL,C,012540,2025-11-30,ADOBE INC,ADBE,www.adobe.com
A,USD,STD,INDL,C,012635,2010-12-31,FISERV INC,FISV,www.fiserv.com
A,USD,STD,INDL,C,012635,2011-12-31,FISERV INC,FISV,www.fiserv.com
A,USD,STD,INDL,C,012635,2012-12-31,FISERV INC,FISV,www.fiserv.com
A,USD,STD,INDL,C,012635,2013-12-31,FISERV INC,FISV,www.fiserv.com
A,USD,STD,INDL,C,012635,2014-12-31,FISERV INC,FISV,www.fiserv.com
A,USD,STD,INDL,C,012635,2015-12-31,FISERV INC,FISV,www.fiserv.com
A,USD,STD,INDL,C,012635,2016-12-31,FISERV INC,FISV,www.fiserv.com
A,USD,STD,INDL,C,012635,2017-12-31,FISERV INC,FISV,www.fiserv.com
A,USD,STD,INDL,C,012635,2018-12-31,FISERV INC,FISV,www.fiserv.com
A,USD,STD,INDL,C,012635,2019-12-31,FISERV INC,FISV,www.fiserv.com
A,USD,STD,INDL,C,012635,2020-12-31,FISERV INC,FISV,www.fiserv.com
A,USD,STD,INDL,C,012635,2021-12-31,FISERV INC,FISV,www.fiserv.com
A,USD,STD,INDL,C,012635,2022-12-31,FISERV INC,FISV,www.fiserv.com
A,USD,STD,INDL,C,012635,2023-12-31,FISERV INC,FISV,www.fiserv.com
A,USD,STD,INDL,C,012635,2024-12-31,FISERV INC,FISV,www.fiserv.com
A,USD,STD,INDL,C,012635,2025-12-31,FISERV INC,FISV,www.fiserv.com
A,USD,STD,FS,C,013125,2010-12-31,HEALTHPEAK PROPERTIES INC,DOC,www.healthpeak.com
A,USD,STD,INDL,C,013125,2010-12-31,HEALTHPEAK PROPERTIES INC,DOC,www.healthpeak.com
A,USD,STD,FS,C,013125,2011-12-31,HEALTHPEAK PROPERTIES INC,DOC,www.healthpeak.com
A,USD,STD,INDL,C,013125,2011-12-31,HEALTHPEAK PROPERTIES INC,DOC,www.healthpeak.com
A,USD,STD,FS,C,013125,2012-12-31,HEALTHPEAK PROPERTIES INC,DOC,www.healthpeak.com
A,USD,STD,INDL,C,013125,2012-12-31,HEALTHPEAK PROPERTIES INC,DOC,www.healthpeak.com
A,USD,STD,FS,C,013125,2013-12-31,HEALTHPEAK PROPERTIES INC,DOC,www.healthpeak.com
A,USD,STD,INDL,C,013125,2013-12-31,HEALTHPEAK PROPERTIES INC,DOC,www.healthpeak.com
A,USD,STD,FS,C,013125,2014-12-31,HEALTHPEAK PROPERTIES INC,DOC,www.healthpeak.com
A,USD,STD,INDL,C,013125,2014-12-31,HEALTHPEAK PROPERTIES INC,DOC,www.healthpeak.com
A,USD,STD,FS,C,013125,2015-12-31,HEALTHPEAK PROPERTIES INC,DOC,www.healthpeak.com
A,USD,STD,INDL,C,013125,2015-12-31,HEALTHPEAK PROPERTIES INC,DOC,www.healthpeak.com
A,USD,STD,FS,C,013125,2016-12-31,HEALTHPEAK PROPERTIES INC,DOC,www.healthpeak.com
A,USD,STD,INDL,C,013125,2016-12-31,HEALTHPEAK PROPERTIES INC,DOC,www.healthpeak.com
A,USD,STD,FS,C,013125,2017-12-31,HEALTHPEAK PROPERTIES INC,DOC,www.healthpeak.com
A,USD,STD,INDL,C,013125,2017-12-31,HEALTHPEAK PROPERTIES INC,DOC,www.healthpeak.com
A,USD,STD,FS,C,013125,2018-12-31,HEALTHPEAK PROPERTIES INC,DOC,www.healthpeak.com
A,USD,STD,INDL,C,013125,2018-12-31,HEALTHPEAK PROPERTIES INC,DOC,www.healthpeak.com
A,USD,STD,FS,C,013125,2019-12-31,HEALTHPEAK PROPERTIES INC,DOC,www.healthpeak.com
A,USD,STD,INDL,C,013125,2019-12-31,HEALTHPEAK PROPERTIES INC,DOC,www.healthpeak.com
A,USD,STD,FS,C,013125,2020-12-31,HEALTHPEAK PROPERTIES INC,DOC,www.healthpeak.com
A,USD,STD,INDL,C,013125,2020-12-31,HEALTHPEAK PROPERTIES INC,DOC,www.healthpeak.com
A,USD,STD,FS,C,013125,2021-12-31,HEALTHPEAK PROPERTIES INC,DOC,www.healthpeak.com
A,USD,STD,INDL,C,013125,2021-12-31,HEALTHPEAK PROPERTIES INC,DOC,www.healthpeak.com
A,USD,STD,FS,C,013125,2022-12-31,HEALTHPEAK PROPERTIES INC,DOC,www.healthpeak.com
A,USD,STD,INDL,C,013125,2022-12-31,HEALTHPEAK PROPERTIES INC,DOC,www.healthpeak.com
A,USD,STD,FS,C,013125,2023-12-31,HEALTHPEAK PROPERTIES INC,DOC,www.healthpeak.com
A,USD,STD,INDL,C,013125,2023-12-31,HEALTHPEAK PROPERTIES INC,DOC,www.healthpeak.com
A,USD,STD,FS,C,013125,2024-12-31,HEALTHPEAK PROPERTIES INC,DOC,www.healthpeak.com
A,USD,STD,INDL,C,013125,2024-12-31,HEALTHPEAK PROPERTIES INC,DOC,www.healthpeak.com
A,USD,STD,FS,C,013125,2025-12-31,HEALTHPEAK PROPERTIES INC,DOC,www.healthpeak.com
A,USD,STD,INDL,C,013125,2025-12-31,HEALTHPEAK PROPERTIES INC,DOC,www.healthpeak.com
A,USD,STD,FS,C,013341,2010-12-31,PROGRESSIVE CORP-OHIO,PGR,www.progressive.com
A,USD,STD,INDL,C,013341,2010-12-31,PROGRESSIVE CORP-OHIO,PGR,www.progressive.com
A,USD,STD,FS,C,013341,2011-12-31,PROGRESSIVE CORP-OHIO,PGR,www.progressive.com
A,USD,STD,INDL,C,013341,2011-12-31,PROGRESSIVE CORP-OHIO,PGR,www.progressive.com
A,USD,STD,FS,C,013341,2012-12-31,PROGRESSIVE CORP-OHIO,PGR,www.progressive.com
A,USD,STD,INDL,C,013341,2012-12-31,PROGRESSIVE CORP-OHIO,PGR,www.progressive.com
A,USD,STD,FS,C,013341,2013-12-31,PROGRESSIVE CORP-OHIO,PGR,www.progressive.com
A,USD,STD,INDL,C,013341,2013-12-31,PROGRESSIVE CORP-OHIO,PGR,www.progressive.com
A,USD,STD,FS,C,013341,2014-12-31,PROGRESSIVE CORP-OHIO,PGR,www.progressive.com
A,USD,STD,INDL,C,013341,2014-12-31,PROGRESSIVE CORP-OHIO,PGR,www.progressive.com
A,USD,STD,FS,C,013341,2015-12-31,PROGRESSIVE CORP-OHIO,PGR,www.progressive.com
A,USD,STD,INDL,C,013341,2015-12-31,PROGRESSIVE CORP-OHIO,PGR,www.progressive.com
A,USD,STD,FS,C,013341,2016-12-31,PROGRESSIVE CORP-OHIO,PGR,www.progressive.com
A,USD,STD,INDL,C,013341,2016-12-31,PROGRESSIVE CORP-OHIO,PGR,www.progressive.com
A,USD,STD,FS,C,013341,2017-12-31,PROGRESSIVE CORP-OHIO,PGR,www.progressive.com
A,USD,STD,INDL,C,013341,2017-12-31,PROGRESSIVE CORP-OHIO,PGR,www.progressive.com
A,USD,STD,FS,C,013341,2018-12-31,PROGRESSIVE CORP-OHIO,PGR,www.progressive.com
A,USD,STD,INDL,C,013341,2018-12-31,PROGRESSIVE CORP-OHIO,PGR,www.progressive.com
A,USD,STD,FS,C,013341,2019-12-31,PROGRESSIVE CORP-OHIO,PGR,www.progressive.com
A,USD,STD,INDL,C,013341,2019-12-31,PROGRESSIVE CORP-OHIO,PGR,www.progressive.com
A,USD,STD,FS,C,013341,2020-12-31,PROGRESSIVE CORP-OHIO,PGR,www.progressive.com
A,USD,STD,INDL,C,013341,2020-12-31,PROGRESSIVE CORP-OHIO,PGR,www.progressive.com
A,USD,STD,FS,C,013341,2021-12-31,PROGRESSIVE CORP-OHIO,PGR,www.progressive.com
A,USD,STD,INDL,C,013341,2021-12-31,PROGRESSIVE CORP-OHIO,PGR,www.progressive.com
A,USD,STD,FS,C,013341,2022-12-31,PROGRESSIVE CORP-OHIO,PGR,www.progressive.com
A,USD,STD,INDL,C,013341,2022-12-31,PROGRESSIVE CORP-OHIO,PGR,www.progressive.com
A,USD,STD,FS,C,013341,2023-12-31,PROGRESSIVE CORP-OHIO,PGR,www.progressive.com
A,USD,STD,INDL,C,013341,2023-12-31,PROGRESSIVE CORP-OHIO,PGR,www.progressive.com
A,USD,STD,FS,C,013341,2024-12-31,PROGRESSIVE CORP-OHIO,PGR,www.progressive.com
A,USD,STD,INDL,C,013341,2024-12-31,PROGRESSIVE CORP-OHIO,PGR,www.progressive.com
A,USD,STD,FS,C,013341,2025-12-31,PROGRESSIVE CORP-OHIO,PGR,www.progressive.com
A,USD,STD,INDL,C,013341,2025-12-31,PROGRESSIVE CORP-OHIO,PGR,www.progressive.com
A,USD,STD,INDL,C,013421,2010-12-31,CADENCE DESIGN SYSTEMS INC,CDNS,www.cadence.com
A,USD,STD,INDL,C,013421,2011-12-31,CADENCE DESIGN SYSTEMS INC,CDNS,www.cadence.com
A,USD,STD,INDL,C,013421,2012-12-31,CADENCE DESIGN SYSTEMS INC,CDNS,www.cadence.com
A,USD,STD,INDL,C,013421,2013-12-31,CADENCE DESIGN SYSTEMS INC,CDNS,www.cadence.com
A,USD,STD,INDL,C,013421,2014-12-31,CADENCE DESIGN SYSTEMS INC,CDNS,www.cadence.com
A,USD,STD,INDL,C,013421,2015-12-31,CADENCE DESIGN SYSTEMS INC,CDNS,www.cadence.com
A,USD,STD,INDL,C,013421,2016-12-31,CADENCE DESIGN SYSTEMS INC,CDNS,www.cadence.com
A,USD,STD,INDL,C,013421,2017-12-31,CADENCE DESIGN SYSTEMS INC,CDNS,www.cadence.com
A,USD,STD,INDL,C,013421,2018-12-31,CADENCE DESIGN SYSTEMS INC,CDNS,www.cadence.com
A,USD,STD,INDL,C,013421,2019-12-31,CADENCE DESIGN SYSTEMS INC,CDNS,www.cadence.com
A,USD,STD,INDL,C,013421,2020-12-31,CADENCE DESIGN SYSTEMS INC,CDNS,www.cadence.com
A,USD,STD,INDL,C,013421,2021-12-31,CADENCE DESIGN SYSTEMS INC,CDNS,www.cadence.com
A,USD,STD,INDL,C,013421,2022-12-31,CADENCE DESIGN SYSTEMS INC,CDNS,www.cadence.com
A,USD,STD,INDL,C,013421,2023-12-31,CADENCE DESIGN SYSTEMS INC,CDNS,www.cadence.com
A,USD,STD,INDL,C,013421,2024-12-31,CADENCE DESIGN SYSTEMS INC,CDNS,www.cadence.com
A,USD,STD,INDL,C,013421,2025-12-31,CADENCE DESIGN SYSTEMS INC,CDNS,www.cadence.com
A,USD,STD,INDL,C,013498,2010-11-30,CARNIVAL CORPORATION & PLC,CCL,www.carnivalcorp.com
A,USD,STD,INDL,C,013498,2011-11-30,CARNIVAL CORPORATION & PLC,CCL,www.carnivalcorp.com
A,USD,STD,INDL,C,013498,2012-11-30,CARNIVAL CORPORATION & PLC,CCL,www.carnivalcorp.com
A,USD,STD,INDL,C,013498,2013-11-30,CARNIVAL CORPORATION & PLC,CCL,www.carnivalcorp.com
A,USD,STD,INDL,C,013498,2014-11-30,CARNIVAL CORPORATION & PLC,CCL,www.carnivalcorp.com
A,USD,STD,INDL,C,013498,2015-11-30,CARNIVAL CORPORATION & PLC,CCL,www.carnivalcorp.com
A,USD,STD,INDL,C,013498,2016-11-30,CARNIVAL CORPORATION & PLC,CCL,www.carnivalcorp.com
A,USD,STD,INDL,C,013498,2017-11-30,CARNIVAL CORPORATION & PLC,CCL,www.carnivalcorp.com
A,USD,STD,INDL,C,013498,2018-11-30,CARNIVAL CORPORATION & PLC,CCL,www.carnivalcorp.com
A,USD,STD,INDL,C,013498,2019-11-30,CARNIVAL CORPORATION & PLC,CCL,www.carnivalcorp.com
A,USD,STD,INDL,C,013498,2020-11-30,CARNIVAL CORPORATION & PLC,CCL,www.carnivalcorp.com
A,USD,STD,INDL,C,013498,2021-11-30,CARNIVAL CORPORATION & PLC,CCL,www.carnivalcorp.com
A,USD,STD,INDL,C,013498,2022-11-30,CARNIVAL CORPORATION & PLC,CCL,www.carnivalcorp.com
A,USD,STD,INDL,C,013498,2023-11-30,CARNIVAL CORPORATION & PLC,CCL,www.carnivalcorp.com
A,USD,STD,INDL,C,013498,2024-11-30,CARNIVAL CORPORATION & PLC,CCL,www.carnivalcorp.com
A,USD,STD,INDL,C,013498,2025-11-30,CARNIVAL CORPORATION & PLC,CCL,www.carnivalcorp.com
A,USD,STD,INDL,C,013714,2010-12-31,PARAMOUNT SKYDANCE CORP,PSKY,www.paramount.com
A,USD,STD,INDL,C,013714,2011-12-31,PARAMOUNT SKYDANCE CORP,PSKY,www.paramount.com
A,USD,STD,INDL,C,013714,2012-12-31,PARAMOUNT SKYDANCE CORP,PSKY,www.paramount.com
A,USD,STD,INDL,C,013714,2013-12-31,PARAMOUNT SKYDANCE CORP,PSKY,www.paramount.com
A,USD,STD,INDL,C,013714,2014-12-31,PARAMOUNT SKYDANCE CORP,PSKY,www.paramount.com
A,USD,STD,INDL,C,013714,2015-12-31,PARAMOUNT SKYDANCE CORP,PSKY,www.paramount.com
A,USD,STD,INDL,C,013714,2016-12-31,PARAMOUNT SKYDANCE CORP,PSKY,www.paramount.com
A,USD,STD,INDL,C,013714,2017-12-31,PARAMOUNT SKYDANCE CORP,PSKY,www.paramount.com
A,USD,STD,INDL,C,013714,2018-12-31,PARAMOUNT SKYDANCE CORP,PSKY,www.paramount.com
A,USD,STD,INDL,C,013714,2019-12-31,PARAMOUNT SKYDANCE CORP,PSKY,www.paramount.com
A,USD,STD,INDL,C,013714,2020-12-31,PARAMOUNT SKYDANCE CORP,PSKY,www.paramount.com
A,USD,STD,INDL,C,013714,2021-12-31,PARAMOUNT SKYDANCE CORP,PSKY,www.paramount.com
A,USD,STD,INDL,C,013714,2022-12-31,PARAMOUNT SKYDANCE CORP,PSKY,www.paramount.com
A,USD,STD,INDL,C,013714,2023-12-31,PARAMOUNT SKYDANCE CORP,PSKY,www.paramount.com
A,USD,STD,INDL,C,013714,2024-12-31,PARAMOUNT SKYDANCE CORP,PSKY,www.paramount.com
A,USD,STD,INDL,C,013714,2025-12-31,PARAMOUNT SKYDANCE CORP,PSKY,www.paramount.com
A,USD,STD,INDL,C,013721,2010-12-31,ZOETIS INC,ZTS,www.zoetis.com
A,USD,STD,INDL,C,013721,2011-12-31,ZOETIS INC,ZTS,www.zoetis.com
A,USD,STD,INDL,C,013721,2012-12-31,ZOETIS INC,ZTS,www.zoetis.com
A,USD,STD,INDL,C,013721,2013-12-31,ZOETIS INC,ZTS,www.zoetis.com
A,USD,STD,INDL,C,013721,2014-12-31,ZOETIS INC,ZTS,www.zoetis.com
A,USD,STD,INDL,C,013721,2015-12-31,ZOETIS INC,ZTS,www.zoetis.com
A,USD,STD,INDL,C,013721,2016-12-31,ZOETIS INC,ZTS,www.zoetis.com
A,USD,STD,INDL,C,013721,2017-12-31,ZOETIS INC,ZTS,www.zoetis.com
A,USD,STD,INDL,C,013721,2018-12-31,ZOETIS INC,ZTS,www.zoetis.com
A,USD,STD,INDL,C,013721,2019-12-31,ZOETIS INC,ZTS,www.zoetis.com
A,USD,STD,INDL,C,013721,2020-12-31,ZOETIS INC,ZTS,www.zoetis.com
A,USD,STD,INDL,C,013721,2021-12-31,ZOETIS INC,ZTS,www.zoetis.com
A,USD,STD,INDL,C,013721,2022-12-31,ZOETIS INC,ZTS,www.zoetis.com
A,USD,STD,INDL,C,013721,2023-12-31,ZOETIS INC,ZTS,www.zoetis.com
A,USD,STD,INDL,C,013721,2024-12-31,ZOETIS INC,ZTS,www.zoetis.com
A,USD,STD,INDL,C,013721,2025-12-31,ZOETIS INC,ZTS,www.zoetis.com
A,USD,STD,INDL,C,013824,2010-09-30,FAIR ISAAC CORP,FICO,www.fico.com
A,USD,STD,INDL,C,013824,2011-09-30,FAIR ISAAC CORP,FICO,www.fico.com
A,USD,STD,INDL,C,013824,2012-09-30,FAIR ISAAC CORP,FICO,www.fico.com
A,USD,STD,INDL,C,013824,2013-09-30,FAIR ISAAC CORP,FICO,www.fico.com
A,USD,STD,INDL,C,013824,2014-09-30,FAIR ISAAC CORP,FICO,www.fico.com
A,USD,STD,INDL,C,013824,2015-09-30,FAIR ISAAC CORP,FICO,www.fico.com
A,USD,STD,INDL,C,013824,2016-09-30,FAIR ISAAC CORP,FICO,www.fico.com
A,USD,STD,INDL,C,013824,2017-09-30,FAIR ISAAC CORP,FICO,www.fico.com
A,USD,STD,INDL,C,013824,2018-09-30,FAIR ISAAC CORP,FICO,www.fico.com
A,USD,STD,INDL,C,013824,2019-09-30,FAIR ISAAC CORP,FICO,www.fico.com
A,USD,STD,INDL,C,013824,2020-09-30,FAIR ISAAC CORP,FICO,www.fico.com
A,USD,STD,INDL,C,013824,2021-09-30,FAIR ISAAC CORP,FICO,www.fico.com
A,USD,STD,INDL,C,013824,2022-09-30,FAIR ISAAC CORP,FICO,www.fico.com
A,USD,STD,INDL,C,013824,2023-09-30,FAIR ISAAC CORP,FICO,www.fico.com
A,USD,STD,INDL,C,013824,2024-09-30,FAIR ISAAC CORP,FICO,www.fico.com
A,USD,STD,INDL,C,013824,2025-09-30,FAIR ISAAC CORP,FICO,www.fico.com
A,USD,STD,FS,C,013988,2010-12-31,SCHWAB (CHARLES) CORP,SCHW,www.aboutschwab.com
A,USD,STD,INDL,C,013988,2010-12-31,SCHWAB (CHARLES) CORP,SCHW,www.aboutschwab.com
A,USD,STD,FS,C,013988,2011-12-31,SCHWAB (CHARLES) CORP,SCHW,www.aboutschwab.com
A,USD,STD,INDL,C,013988,2011-12-31,SCHWAB (CHARLES) CORP,SCHW,www.aboutschwab.com
A,USD,STD,FS,C,013988,2012-12-31,SCHWAB (CHARLES) CORP,SCHW,www.aboutschwab.com
A,USD,STD,INDL,C,013988,2012-12-31,SCHWAB (CHARLES) CORP,SCHW,www.aboutschwab.com
A,USD,STD,FS,C,013988,2013-12-31,SCHWAB (CHARLES) CORP,SCHW,www.aboutschwab.com
A,USD,STD,INDL,C,013988,2013-12-31,SCHWAB (CHARLES) CORP,SCHW,www.aboutschwab.com
A,USD,STD,FS,C,013988,2014-12-31,SCHWAB (CHARLES) CORP,SCHW,www.aboutschwab.com
A,USD,STD,INDL,C,013988,2014-12-31,SCHWAB (CHARLES) CORP,SCHW,www.aboutschwab.com
A,USD,STD,FS,C,013988,2015-12-31,SCHWAB (CHARLES) CORP,SCHW,www.aboutschwab.com
A,USD,STD,INDL,C,013988,2015-12-31,SCHWAB (CHARLES) CORP,SCHW,www.aboutschwab.com
A,USD,STD,FS,C,013988,2016-12-31,SCHWAB (CHARLES) CORP,SCHW,www.aboutschwab.com
A,USD,STD,INDL,C,013988,2016-12-31,SCHWAB (CHARLES) CORP,SCHW,www.aboutschwab.com
A,USD,STD,FS,C,013988,2017-12-31,SCHWAB (CHARLES) CORP,SCHW,www.aboutschwab.com
A,USD,STD,INDL,C,013988,2017-12-31,SCHWAB (CHARLES) CORP,SCHW,www.aboutschwab.com
A,USD,STD,FS,C,013988,2018-12-31,SCHWAB (CHARLES) CORP,SCHW,www.aboutschwab.com
A,USD,STD,INDL,C,013988,2018-12-31,SCHWAB (CHARLES) CORP,SCHW,www.aboutschwab.com
A,USD,STD,FS,C,013988,2019-12-31,SCHWAB (CHARLES) CORP,SCHW,www.aboutschwab.com
A,USD,STD,INDL,C,013988,2019-12-31,SCHWAB (CHARLES) CORP,SCHW,www.aboutschwab.com
A,USD,STD,FS,C,013988,2020-12-31,SCHWAB (CHARLES) CORP,SCHW,www.aboutschwab.com
A,USD,STD,INDL,C,013988,2020-12-31,SCHWAB (CHARLES) CORP,SCHW,www.aboutschwab.com
A,USD,STD,FS,C,013988,2021-12-31,SCHWAB (CHARLES) CORP,SCHW,www.aboutschwab.com
A,USD,STD,INDL,C,013988,2021-12-31,SCHWAB (CHARLES) CORP,SCHW,www.aboutschwab.com
A,USD,STD,FS,C,013988,2022-12-31,SCHWAB (CHARLES) CORP,SCHW,www.aboutschwab.com
A,USD,STD,INDL,C,013988,2022-12-31,SCHWAB (CHARLES) CORP,SCHW,www.aboutschwab.com
A,USD,STD,FS,C,013988,2023-12-31,SCHWAB (CHARLES) CORP,SCHW,www.aboutschwab.com
A,USD,STD,INDL,C,013988,2023-12-31,SCHWAB (CHARLES) CORP,SCHW,www.aboutschwab.com
A,USD,STD,FS,C,013988,2024-12-31,SCHWAB (CHARLES) CORP,SCHW,www.aboutschwab.com
A,USD,STD,INDL,C,013988,2024-12-31,SCHWAB (CHARLES) CORP,SCHW,www.aboutschwab.com
A,USD,STD,FS,C,013988,2025-12-31,SCHWAB (CHARLES) CORP,SCHW,www.aboutschwab.com
A,USD,STD,INDL,C,013988,2025-12-31,SCHWAB (CHARLES) CORP,SCHW,www.aboutschwab.com
A,USD,STD,INDL,C,014225,2010-12-31,FASTENAL CO,FAST,www.fastenal.com
A,USD,STD,INDL,C,014225,2011-12-31,FASTENAL CO,FAST,www.fastenal.com
A,USD,STD,INDL,C,014225,2012-12-31,FASTENAL CO,FAST,www.fastenal.com
A,USD,STD,INDL,C,014225,2013-12-31,FASTENAL CO,FAST,www.fastenal.com
A,USD,STD,INDL,C,014225,2014-12-31,FASTENAL CO,FAST,www.fastenal.com
A,USD,STD,INDL,C,014225,2015-12-31,FASTENAL CO,FAST,www.fastenal.com
A,USD,STD,INDL,C,014225,2016-12-31,FASTENAL CO,FAST,www.fastenal.com
A,USD,STD,INDL,C,014225,2017-12-31,FASTENAL CO,FAST,www.fastenal.com
A,USD,STD,INDL,C,014225,2018-12-31,FASTENAL CO,FAST,www.fastenal.com
A,USD,STD,INDL,C,014225,2019-12-31,FASTENAL CO,FAST,www.fastenal.com
A,USD,STD,INDL,C,014225,2020-12-31,FASTENAL CO,FAST,www.fastenal.com
A,USD,STD,INDL,C,014225,2021-12-31,FASTENAL CO,FAST,www.fastenal.com
A,USD,STD,INDL,C,014225,2022-12-31,FASTENAL CO,FAST,www.fastenal.com
A,USD,STD,INDL,C,014225,2023-12-31,FASTENAL CO,FAST,www.fastenal.com
A,USD,STD,INDL,C,014225,2024-12-31,FASTENAL CO,FAST,www.fastenal.com
A,USD,STD,INDL,C,014225,2025-12-31,FASTENAL CO,FAST,www.fastenal.com
A,USD,STD,INDL,C,014282,2010-12-31,AMPHENOL CORP,APH,www.amphenol.com
A,USD,STD,INDL,C,014282,2011-12-31,AMPHENOL CORP,APH,www.amphenol.com
A,USD,STD,INDL,C,014282,2012-12-31,AMPHENOL CORP,APH,www.amphenol.com
A,USD,STD,INDL,C,014282,2013-12-31,AMPHENOL CORP,APH,www.amphenol.com
A,USD,STD,INDL,C,014282,2014-12-31,AMPHENOL CORP,APH,www.amphenol.com
A,USD,STD,INDL,C,014282,2015-12-31,AMPHENOL CORP,APH,www.amphenol.com
A,USD,STD,INDL,C,014282,2016-12-31,AMPHENOL CORP,APH,www.amphenol.com
A,USD,STD,INDL,C,014282,2017-12-31,AMPHENOL CORP,APH,www.amphenol.com
A,USD,STD,INDL,C,014282,2018-12-31,AMPHENOL CORP,APH,www.amphenol.com
A,USD,STD,INDL,C,014282,2019-12-31,AMPHENOL CORP,APH,www.amphenol.com
A,USD,STD,INDL,C,014282,2020-12-31,AMPHENOL CORP,APH,www.amphenol.com
A,USD,STD,INDL,C,014282,2021-12-31,AMPHENOL CORP,APH,www.amphenol.com
A,USD,STD,INDL,C,014282,2022-12-31,AMPHENOL CORP,APH,www.amphenol.com
A,USD,STD,INDL,C,014282,2023-12-31,AMPHENOL CORP,APH,www.amphenol.com
A,USD,STD,INDL,C,014282,2024-12-31,AMPHENOL CORP,APH,www.amphenol.com
A,USD,STD,INDL,C,014282,2025-12-31,AMPHENOL CORP,APH,www.amphenol.com
A,USD,STD,INDL,C,014418,2010-12-31,MGM RESORTS INTERNATIONAL,MGM,www.mgmresorts.com
A,USD,STD,INDL,C,014418,2011-12-31,MGM RESORTS INTERNATIONAL,MGM,www.mgmresorts.com
A,USD,STD,INDL,C,014418,2012-12-31,MGM RESORTS INTERNATIONAL,MGM,www.mgmresorts.com
A,USD,STD,INDL,C,014418,2013-12-31,MGM RESORTS INTERNATIONAL,MGM,www.mgmresorts.com
A,USD,STD,INDL,C,014418,2014-12-31,MGM RESORTS INTERNATIONAL,MGM,www.mgmresorts.com
A,USD,STD,INDL,C,014418,2015-12-31,MGM RESORTS INTERNATIONAL,MGM,www.mgmresorts.com
A,USD,STD,INDL,C,014418,2016-12-31,MGM RESORTS INTERNATIONAL,MGM,www.mgmresorts.com
A,USD,STD,INDL,C,014418,2017-12-31,MGM RESORTS INTERNATIONAL,MGM,www.mgmresorts.com
A,USD,STD,INDL,C,014418,2018-12-31,MGM RESORTS INTERNATIONAL,MGM,www.mgmresorts.com
A,USD,STD,INDL,C,014418,2019-12-31,MGM RESORTS INTERNATIONAL,MGM,www.mgmresorts.com
A,USD,STD,INDL,C,014418,2020-12-31,MGM RESORTS INTERNATIONAL,MGM,www.mgmresorts.com
A,USD,STD,INDL,C,014418,2021-12-31,MGM RESORTS INTERNATIONAL,MGM,www.mgmresorts.com
A,USD,STD,INDL,C,014418,2022-12-31,MGM RESORTS INTERNATIONAL,MGM,www.mgmresorts.com
A,USD,STD,INDL,C,014418,2023-12-31,MGM RESORTS INTERNATIONAL,MGM,www.mgmresorts.com
A,USD,STD,INDL,C,014418,2024-12-31,MGM RESORTS INTERNATIONAL,MGM,www.mgmresorts.com
A,USD,STD,INDL,C,014418,2025-12-31,MGM RESORTS INTERNATIONAL,MGM,www.mgmresorts.com
A,USD,STD,INDL,C,014477,2010-12-31,WASTE MANAGEMENT INC,WM,www.wm.com
A,USD,STD,INDL,C,014477,2011-12-31,WASTE MANAGEMENT INC,WM,www.wm.com
A,USD,STD,INDL,C,014477,2012-12-31,WASTE MANAGEMENT INC,WM,www.wm.com
A,USD,STD,INDL,C,014477,2013-12-31,WASTE MANAGEMENT INC,WM,www.wm.com
A,USD,STD,INDL,C,014477,2014-12-31,WASTE MANAGEMENT INC,WM,www.wm.com
A,USD,STD,INDL,C,014477,2015-12-31,WASTE MANAGEMENT INC,WM,www.wm.com
A,USD,STD,INDL,C,014477,2016-12-31,WASTE MANAGEMENT INC,WM,www.wm.com
A,USD,STD,INDL,C,014477,2017-12-31,WASTE MANAGEMENT INC,WM,www.wm.com
A,USD,STD,INDL,C,014477,2018-12-31,WASTE MANAGEMENT INC,WM,www.wm.com
A,USD,STD,INDL,C,014477,2019-12-31,WASTE MANAGEMENT INC,WM,www.wm.com
A,USD,STD,INDL,C,014477,2020-12-31,WASTE MANAGEMENT INC,WM,www.wm.com
A,USD,STD,INDL,C,014477,2021-12-31,WASTE MANAGEMENT INC,WM,www.wm.com
A,USD,STD,INDL,C,014477,2022-12-31,WASTE MANAGEMENT INC,WM,www.wm.com
A,USD,STD,INDL,C,014477,2023-12-31,WASTE MANAGEMENT INC,WM,www.wm.com
A,USD,STD,INDL,C,014477,2024-12-31,WASTE MANAGEMENT INC,WM,www.wm.com
A,USD,STD,INDL,C,014477,2025-12-31,WASTE MANAGEMENT INC,WM,www.wm.com
A,USD,STD,INDL,C,014489,2010-01-31,DELL TECHNOLOGIES INC,DELL,www.dell.com
A,USD,STD,INDL,C,014489,2011-01-31,DELL TECHNOLOGIES INC,DELL,www.dell.com
A,USD,STD,INDL,C,014489,2012-01-31,DELL TECHNOLOGIES INC,DELL,www.dell.com
A,USD,STD,INDL,C,014489,2013-01-31,DELL TECHNOLOGIES INC,DELL,www.dell.com
A,USD,STD,INDL,C,014489,2014-01-31,DELL TECHNOLOGIES INC,DELL,www.dell.com
A,USD,STD,INDL,C,014489,2015-01-31,DELL TECHNOLOGIES INC,DELL,www.dell.com
A,USD,STD,INDL,C,014489,2016-01-31,DELL TECHNOLOGIES INC,DELL,www.dell.com
A,USD,STD,INDL,C,014489,2017-01-31,DELL TECHNOLOGIES INC,DELL,www.dell.com
A,USD,STD,INDL,C,014489,2018-01-31,DELL TECHNOLOGIES INC,DELL,www.dell.com
A,USD,STD,INDL,C,014489,2019-01-31,DELL TECHNOLOGIES INC,DELL,www.dell.com
A,USD,STD,INDL,C,014489,2020-01-31,DELL TECHNOLOGIES INC,DELL,www.dell.com
A,USD,STD,INDL,C,014489,2021-01-31,DELL TECHNOLOGIES INC,DELL,www.dell.com
A,USD,STD,INDL,C,014489,2022-01-31,DELL TECHNOLOGIES INC,DELL,www.dell.com
A,USD,STD,INDL,C,014489,2023-01-31,DELL TECHNOLOGIES INC,DELL,www.dell.com
A,USD,STD,INDL,C,014489,2024-01-31,DELL TECHNOLOGIES INC,DELL,www.dell.com
A,USD,STD,INDL,C,014489,2025-01-31,DELL TECHNOLOGIES INC,DELL,www.dell.com
A,USD,STD,INDL,C,014489,2026-01-31,DELL TECHNOLOGIES INC,DELL,www.dell.com
A,USD,STD,INDL,C,014561,2010-06-30,COHERENT CORP,COHR,www.coherent.com
A,USD,STD,INDL,C,014561,2011-06-30,COHERENT CORP,COHR,www.coherent.com
A,USD,STD,INDL,C,014561,2012-06-30,COHERENT CORP,COHR,www.coherent.com
A,USD,STD,INDL,C,014561,2013-06-30,COHERENT CORP,COHR,www.coherent.com
A,USD,STD,INDL,C,014561,2014-06-30,COHERENT CORP,COHR,www.coherent.com
A,USD,STD,INDL,C,014561,2015-06-30,COHERENT CORP,COHR,www.coherent.com
A,USD,STD,INDL,C,014561,2016-06-30,COHERENT CORP,COHR,www.coherent.com
A,USD,STD,INDL,C,014561,2017-06-30,COHERENT CORP,COHR,www.coherent.com
A,USD,STD,INDL,C,014561,2018-06-30,COHERENT CORP,COHR,www.coherent.com
A,USD,STD,INDL,C,014561,2019-06-30,COHERENT CORP,COHR,www.coherent.com
A,USD,STD,INDL,C,014561,2020-06-30,COHERENT CORP,COHR,www.coherent.com
A,USD,STD,INDL,C,014561,2021-06-30,COHERENT CORP,COHR,www.coherent.com
A,USD,STD,INDL,C,014561,2022-06-30,COHERENT CORP,COHR,www.coherent.com
A,USD,STD,INDL,C,014561,2023-06-30,COHERENT CORP,COHR,www.coherent.com
A,USD,STD,INDL,C,014561,2024-06-30,COHERENT CORP,COHR,www.coherent.com
A,USD,STD,INDL,C,014561,2025-06-30,COHERENT CORP,COHR,www.coherent.com
A,USD,STD,INDL,C,014590,2010-12-31,FREEPORT-MCMORAN INC,FCX,fcx.com
A,USD,STD,INDL,C,014590,2011-12-31,FREEPORT-MCMORAN INC,FCX,fcx.com
A,USD,STD,INDL,C,014590,2012-12-31,FREEPORT-MCMORAN INC,FCX,fcx.com
A,USD,STD,INDL,C,014590,2013-12-31,FREEPORT-MCMORAN INC,FCX,fcx.com
A,USD,STD,INDL,C,014590,2014-12-31,FREEPORT-MCMORAN INC,FCX,fcx.com
A,USD,STD,INDL,C,014590,2015-12-31,FREEPORT-MCMORAN INC,FCX,fcx.com
A,USD,STD,INDL,C,014590,2016-12-31,FREEPORT-MCMORAN INC,FCX,fcx.com
A,USD,STD,INDL,C,014590,2017-12-31,FREEPORT-MCMORAN INC,FCX,fcx.com
A,USD,STD,INDL,C,014590,2018-12-31,FREEPORT-MCMORAN INC,FCX,fcx.com
A,USD,STD,INDL,C,014590,2019-12-31,FREEPORT-MCMORAN INC,FCX,fcx.com
A,USD,STD,INDL,C,014590,2020-12-31,FREEPORT-MCMORAN INC,FCX,fcx.com
A,USD,STD,INDL,C,014590,2021-12-31,FREEPORT-MCMORAN INC,FCX,fcx.com
A,USD,STD,INDL,C,014590,2022-12-31,FREEPORT-MCMORAN INC,FCX,fcx.com
A,USD,STD,INDL,C,014590,2023-12-31,FREEPORT-MCMORAN INC,FCX,fcx.com
A,USD,STD,INDL,C,014590,2024-12-31,FREEPORT-MCMORAN INC,FCX,fcx.com
A,USD,STD,INDL,C,014590,2025-12-31,FREEPORT-MCMORAN INC,FCX,fcx.com
A,USD,STD,FS,C,014822,2010-12-31,BERKLEY (W R) CORP,WRB,www.berkley.com
A,USD,STD,INDL,C,014822,2010-12-31,BERKLEY (W R) CORP,WRB,www.berkley.com
A,USD,STD,FS,C,014822,2011-12-31,BERKLEY (W R) CORP,WRB,www.berkley.com
A,USD,STD,INDL,C,014822,2011-12-31,BERKLEY (W R) CORP,WRB,www.berkley.com
A,USD,STD,FS,C,014822,2012-12-31,BERKLEY (W R) CORP,WRB,www.berkley.com
A,USD,STD,INDL,C,014822,2012-12-31,BERKLEY (W R) CORP,WRB,www.berkley.com
A,USD,STD,FS,C,014822,2013-12-31,BERKLEY (W R) CORP,WRB,www.berkley.com
A,USD,STD,INDL,C,014822,2013-12-31,BERKLEY (W R) CORP,WRB,www.berkley.com
A,USD,STD,FS,C,014822,2014-12-31,BERKLEY (W R) CORP,WRB,www.berkley.com
A,USD,STD,INDL,C,014822,2014-12-31,BERKLEY (W R) CORP,WRB,www.berkley.com
A,USD,STD,FS,C,014822,2015-12-31,BERKLEY (W R) CORP,WRB,www.berkley.com
A,USD,STD,INDL,C,014822,2015-12-31,BERKLEY (W R) CORP,WRB,www.berkley.com
A,USD,STD,FS,C,014822,2016-12-31,BERKLEY (W R) CORP,WRB,www.berkley.com
A,USD,STD,INDL,C,014822,2016-12-31,BERKLEY (W R) CORP,WRB,www.berkley.com
A,USD,STD,FS,C,014822,2017-12-31,BERKLEY (W R) CORP,WRB,www.berkley.com
A,USD,STD,INDL,C,014822,2017-12-31,BERKLEY (W R) CORP,WRB,www.berkley.com
A,USD,STD,FS,C,014822,2018-12-31,BERKLEY (W R) CORP,WRB,www.berkley.com
A,USD,STD,INDL,C,014822,2018-12-31,BERKLEY (W R) CORP,WRB,www.berkley.com
A,USD,STD,FS,C,014822,2019-12-31,BERKLEY (W R) CORP,WRB,www.berkley.com
A,USD,STD,INDL,C,014822,2019-12-31,BERKLEY (W R) CORP,WRB,www.berkley.com
A,USD,STD,FS,C,014822,2020-12-31,BERKLEY (W R) CORP,WRB,www.berkley.com
A,USD,STD,INDL,C,014822,2020-12-31,BERKLEY (W R) CORP,WRB,www.berkley.com
A,USD,STD,FS,C,014822,2021-12-31,BERKLEY (W R) CORP,WRB,www.berkley.com
A,USD,STD,INDL,C,014822,2021-12-31,BERKLEY (W R) CORP,WRB,www.berkley.com
A,USD,STD,FS,C,014822,2022-12-31,BERKLEY (W R) CORP,WRB,www.berkley.com
A,USD,STD,INDL,C,014822,2022-12-31,BERKLEY (W R) CORP,WRB,www.berkley.com
A,USD,STD,FS,C,014822,2023-12-31,BERKLEY (W R) CORP,WRB,www.berkley.com
A,USD,STD,INDL,C,014822,2023-12-31,BERKLEY (W R) CORP,WRB,www.berkley.com
A,USD,STD,FS,C,014822,2024-12-31,BERKLEY (W R) CORP,WRB,www.berkley.com
A,USD,STD,INDL,C,014822,2024-12-31,BERKLEY (W R) CORP,WRB,www.berkley.com
A,USD,STD,FS,C,014822,2025-12-31,BERKLEY (W R) CORP,WRB,www.berkley.com
A,USD,STD,INDL,C,014822,2025-12-31,BERKLEY (W R) CORP,WRB,www.berkley.com
A,USD,STD,FS,C,014824,2010-12-31,CINCINNATI FINANCIAL CORP,CINF,www.cinfin.com
A,USD,STD,INDL,C,014824,2010-12-31,CINCINNATI FINANCIAL CORP,CINF,www.cinfin.com
A,USD,STD,FS,C,014824,2011-12-31,CINCINNATI FINANCIAL CORP,CINF,www.cinfin.com
A,USD,STD,INDL,C,014824,2011-12-31,CINCINNATI FINANCIAL CORP,CINF,www.cinfin.com
A,USD,STD,FS,C,014824,2012-12-31,CINCINNATI FINANCIAL CORP,CINF,www.cinfin.com
A,USD,STD,INDL,C,014824,2012-12-31,CINCINNATI FINANCIAL CORP,CINF,www.cinfin.com
A,USD,STD,FS,C,014824,2013-12-31,CINCINNATI FINANCIAL CORP,CINF,www.cinfin.com
A,USD,STD,INDL,C,014824,2013-12-31,CINCINNATI FINANCIAL CORP,CINF,www.cinfin.com
A,USD,STD,FS,C,014824,2014-12-31,CINCINNATI FINANCIAL CORP,CINF,www.cinfin.com
A,USD,STD,INDL,C,014824,2014-12-31,CINCINNATI FINANCIAL CORP,CINF,www.cinfin.com
A,USD,STD,FS,C,014824,2015-12-31,CINCINNATI FINANCIAL CORP,CINF,www.cinfin.com
A,USD,STD,INDL,C,014824,2015-12-31,CINCINNATI FINANCIAL CORP,CINF,www.cinfin.com
A,USD,STD,FS,C,014824,2016-12-31,CINCINNATI FINANCIAL CORP,CINF,www.cinfin.com
A,USD,STD,INDL,C,014824,2016-12-31,CINCINNATI FINANCIAL CORP,CINF,www.cinfin.com
A,USD,STD,FS,C,014824,2017-12-31,CINCINNATI FINANCIAL CORP,CINF,www.cinfin.com
A,USD,STD,INDL,C,014824,2017-12-31,CINCINNATI FINANCIAL CORP,CINF,www.cinfin.com
A,USD,STD,FS,C,014824,2018-12-31,CINCINNATI FINANCIAL CORP,CINF,www.cinfin.com
A,USD,STD,INDL,C,014824,2018-12-31,CINCINNATI FINANCIAL CORP,CINF,www.cinfin.com
A,USD,STD,FS,C,014824,2019-12-31,CINCINNATI FINANCIAL CORP,CINF,www.cinfin.com
A,USD,STD,INDL,C,014824,2019-12-31,CINCINNATI FINANCIAL CORP,CINF,www.cinfin.com
A,USD,STD,FS,C,014824,2020-12-31,CINCINNATI FINANCIAL CORP,CINF,www.cinfin.com
A,USD,STD,INDL,C,014824,2020-12-31,CINCINNATI FINANCIAL CORP,CINF,www.cinfin.com
A,USD,STD,FS,C,014824,2021-12-31,CINCINNATI FINANCIAL CORP,CINF,www.cinfin.com
A,USD,STD,INDL,C,014824,2021-12-31,CINCINNATI FINANCIAL CORP,CINF,www.cinfin.com
A,USD,STD,FS,C,014824,2022-12-31,CINCINNATI FINANCIAL CORP,CINF,www.cinfin.com
A,USD,STD,INDL,C,014824,2022-12-31,CINCINNATI FINANCIAL CORP,CINF,www.cinfin.com
A,USD,STD,FS,C,014824,2023-12-31,CINCINNATI FINANCIAL CORP,CINF,www.cinfin.com
A,USD,STD,INDL,C,014824,2023-12-31,CINCINNATI FINANCIAL CORP,CINF,www.cinfin.com
A,USD,STD,FS,C,014824,2024-12-31,CINCINNATI FINANCIAL CORP,CINF,www.cinfin.com
A,USD,STD,INDL,C,014824,2024-12-31,CINCINNATI FINANCIAL CORP,CINF,www.cinfin.com
A,USD,STD,FS,C,014824,2025-12-31,CINCINNATI FINANCIAL CORP,CINF,www.cinfin.com
A,USD,STD,INDL,C,014824,2025-12-31,CINCINNATI FINANCIAL CORP,CINF,www.cinfin.com
A,USD,STD,INDL,C,014934,2010-12-31,DEVON ENERGY CORP,DVN,www.devonenergy.com
A,USD,STD,INDL,C,014934,2011-12-31,DEVON ENERGY CORP,DVN,www.devonenergy.com
A,USD,STD,INDL,C,014934,2012-12-31,DEVON ENERGY CORP,DVN,www.devonenergy.com
A,USD,STD,INDL,C,014934,2013-12-31,DEVON ENERGY CORP,DVN,www.devonenergy.com
A,USD,STD,INDL,C,014934,2014-12-31,DEVON ENERGY CORP,DVN,www.devonenergy.com
A,USD,STD,INDL,C,014934,2015-12-31,DEVON ENERGY CORP,DVN,www.devonenergy.com
A,USD,STD,INDL,C,014934,2016-12-31,DEVON ENERGY CORP,DVN,www.devonenergy.com
A,USD,STD,INDL,C,014934,2017-12-31,DEVON ENERGY CORP,DVN,www.devonenergy.com
A,USD,STD,INDL,C,014934,2018-12-31,DEVON ENERGY CORP,DVN,www.devonenergy.com
A,USD,STD,INDL,C,014934,2019-12-31,DEVON ENERGY CORP,DVN,www.devonenergy.com
A,USD,STD,INDL,C,014934,2020-12-31,DEVON ENERGY CORP,DVN,www.devonenergy.com
A,USD,STD,INDL,C,014934,2021-12-31,DEVON ENERGY CORP,DVN,www.devonenergy.com
A,USD,STD,INDL,C,014934,2022-12-31,DEVON ENERGY CORP,DVN,www.devonenergy.com
A,USD,STD,INDL,C,014934,2023-12-31,DEVON ENERGY CORP,DVN,www.devonenergy.com
A,USD,STD,INDL,C,014934,2024-12-31,DEVON ENERGY CORP,DVN,www.devonenergy.com
A,USD,STD,INDL,C,014934,2025-12-31,DEVON ENERGY CORP,DVN,www.devonenergy.com
A,USD,STD,INDL,C,014960,2010-12-31,LABCORP HOLDINGS INC,LH,www.labcorp.com
A,USD,STD,INDL,C,014960,2011-12-31,LABCORP HOLDINGS INC,LH,www.labcorp.com
A,USD,STD,INDL,C,014960,2012-12-31,LABCORP HOLDINGS INC,LH,www.labcorp.com
A,USD,STD,INDL,C,014960,2013-12-31,LABCORP HOLDINGS INC,LH,www.labcorp.com
A,USD,STD,INDL,C,014960,2014-12-31,LABCORP HOLDINGS INC,LH,www.labcorp.com
A,USD,STD,INDL,C,014960,2015-12-31,LABCORP HOLDINGS INC,LH,www.labcorp.com
A,USD,STD,INDL,C,014960,2016-12-31,LABCORP HOLDINGS INC,LH,www.labcorp.com
A,USD,STD,INDL,C,014960,2017-12-31,LABCORP HOLDINGS INC,LH,www.labcorp.com
A,USD,STD,INDL,C,014960,2018-12-31,LABCORP HOLDINGS INC,LH,www.labcorp.com
A,USD,STD,INDL,C,014960,2019-12-31,LABCORP HOLDINGS INC,LH,www.labcorp.com
A,USD,STD,INDL,C,014960,2020-12-31,LABCORP HOLDINGS INC,LH,www.labcorp.com
A,USD,STD,INDL,C,014960,2021-12-31,LABCORP HOLDINGS INC,LH,www.labcorp.com
A,USD,STD,INDL,C,014960,2022-12-31,LABCORP HOLDINGS INC,LH,www.labcorp.com
A,USD,STD,INDL,C,014960,2023-12-31,LABCORP HOLDINGS INC,LH,www.labcorp.com
A,USD,STD,INDL,C,014960,2024-12-31,LABCORP HOLDINGS INC,LH,www.labcorp.com
A,USD,STD,INDL,C,014960,2025-12-31,LABCORP HOLDINGS INC,LH,www.labcorp.com
A,USD,STD,INDL,C,015044,2010-12-31,WORKDAY INC,WDAY,www.workday.com
A,USD,STD,INDL,C,015044,2012-01-31,WORKDAY INC,WDAY,www.workday.com
A,USD,STD,INDL,C,015044,2013-01-31,WORKDAY INC,WDAY,www.workday.com
A,USD,STD,INDL,C,015044,2014-01-31,WORKDAY INC,WDAY,www.workday.com
A,USD,STD,INDL,C,015044,2015-01-31,WORKDAY INC,WDAY,www.workday.com
A,USD,STD,INDL,C,015044,2016-01-31,WORKDAY INC,WDAY,www.workday.com
A,USD,STD,INDL,C,015044,2017-01-31,WORKDAY INC,WDAY,www.workday.com
A,USD,STD,INDL,C,015044,2018-01-31,WORKDAY INC,WDAY,www.workday.com
A,USD,STD,INDL,C,015044,2019-01-31,WORKDAY INC,WDAY,www.workday.com
A,USD,STD,INDL,C,015044,2020-01-31,WORKDAY INC,WDAY,www.workday.com
A,USD,STD,INDL,C,015044,2021-01-31,WORKDAY INC,WDAY,www.workday.com
A,USD,STD,INDL,C,015044,2022-01-31,WORKDAY INC,WDAY,www.workday.com
A,USD,STD,INDL,C,015044,2023-01-31,WORKDAY INC,WDAY,www.workday.com
A,USD,STD,INDL,C,015044,2024-01-31,WORKDAY INC,WDAY,www.workday.com
A,USD,STD,INDL,C,015044,2025-01-31,WORKDAY INC,WDAY,www.workday.com
A,USD,STD,INDL,C,015044,2026-01-31,WORKDAY INC,WDAY,www.workday.com
A,USD,STD,INDL,C,015247,2010-12-31,VALERO ENERGY CORP,VLO,www.valero.com
A,USD,STD,INDL,C,015247,2011-12-31,VALERO ENERGY CORP,VLO,www.valero.com
A,USD,STD,INDL,C,015247,2012-12-31,VALERO ENERGY CORP,VLO,www.valero.com
A,USD,STD,INDL,C,015247,2013-12-31,VALERO ENERGY CORP,VLO,www.valero.com
A,USD,STD,INDL,C,015247,2014-12-31,VALERO ENERGY CORP,VLO,www.valero.com
A,USD,STD,INDL,C,015247,2015-12-31,VALERO ENERGY CORP,VLO,www.valero.com
A,USD,STD,INDL,C,015247,2016-12-31,VALERO ENERGY CORP,VLO,www.valero.com
A,USD,STD,INDL,C,015247,2017-12-31,VALERO ENERGY CORP,VLO,www.valero.com
A,USD,STD,INDL,C,015247,2018-12-31,VALERO ENERGY CORP,VLO,www.valero.com
A,USD,STD,INDL,C,015247,2019-12-31,VALERO ENERGY CORP,VLO,www.valero.com
A,USD,STD,INDL,C,015247,2020-12-31,VALERO ENERGY CORP,VLO,www.valero.com
A,USD,STD,INDL,C,015247,2021-12-31,VALERO ENERGY CORP,VLO,www.valero.com
A,USD,STD,INDL,C,015247,2022-12-31,VALERO ENERGY CORP,VLO,www.valero.com
A,USD,STD,INDL,C,015247,2023-12-31,VALERO ENERGY CORP,VLO,www.valero.com
A,USD,STD,INDL,C,015247,2024-12-31,VALERO ENERGY CORP,VLO,www.valero.com
A,USD,STD,INDL,C,015247,2025-12-31,VALERO ENERGY CORP,VLO,www.valero.com
A,USD,STD,INDL,C,015267,2010-12-31,IDEX CORP,IEX,www.idexcorp.com
A,USD,STD,INDL,C,015267,2011-12-31,IDEX CORP,IEX,www.idexcorp.com
A,USD,STD,INDL,C,015267,2012-12-31,IDEX CORP,IEX,www.idexcorp.com
A,USD,STD,INDL,C,015267,2013-12-31,IDEX CORP,IEX,www.idexcorp.com
A,USD,STD,INDL,C,015267,2014-12-31,IDEX CORP,IEX,www.idexcorp.com
A,USD,STD,INDL,C,015267,2015-12-31,IDEX CORP,IEX,www.idexcorp.com
A,USD,STD,INDL,C,015267,2016-12-31,IDEX CORP,IEX,www.idexcorp.com
A,USD,STD,INDL,C,015267,2017-12-31,IDEX CORP,IEX,www.idexcorp.com
A,USD,STD,INDL,C,015267,2018-12-31,IDEX CORP,IEX,www.idexcorp.com
A,USD,STD,INDL,C,015267,2019-12-31,IDEX CORP,IEX,www.idexcorp.com
A,USD,STD,INDL,C,015267,2020-12-31,IDEX CORP,IEX,www.idexcorp.com
A,USD,STD,INDL,C,015267,2021-12-31,IDEX CORP,IEX,www.idexcorp.com
A,USD,STD,INDL,C,015267,2022-12-31,IDEX CORP,IEX,www.idexcorp.com
A,USD,STD,INDL,C,015267,2023-12-31,IDEX CORP,IEX,www.idexcorp.com
A,USD,STD,INDL,C,015267,2024-12-31,IDEX CORP,IEX,www.idexcorp.com
A,USD,STD,INDL,C,015267,2025-12-31,IDEX CORP,IEX,www.idexcorp.com
A,USD,STD,INDL,C,015414,2010-06-30,BIO-TECHNE CORP,TECH,www.bio-techne.com
A,USD,STD,INDL,C,015414,2011-06-30,BIO-TECHNE CORP,TECH,www.bio-techne.com
A,USD,STD,INDL,C,015414,2012-06-30,BIO-TECHNE CORP,TECH,www.bio-techne.com
A,USD,STD,INDL,C,015414,2013-06-30,BIO-TECHNE CORP,TECH,www.bio-techne.com
A,USD,STD,INDL,C,015414,2014-06-30,BIO-TECHNE CORP,TECH,www.bio-techne.com
A,USD,STD,INDL,C,015414,2015-06-30,BIO-TECHNE CORP,TECH,www.bio-techne.com
A,USD,STD,INDL,C,015414,2016-06-30,BIO-TECHNE CORP,TECH,www.bio-techne.com
A,USD,STD,INDL,C,015414,2017-06-30,BIO-TECHNE CORP,TECH,www.bio-techne.com
A,USD,STD,INDL,C,015414,2018-06-30,BIO-TECHNE CORP,TECH,www.bio-techne.com
A,USD,STD,INDL,C,015414,2019-06-30,BIO-TECHNE CORP,TECH,www.bio-techne.com
A,USD,STD,INDL,C,015414,2020-06-30,BIO-TECHNE CORP,TECH,www.bio-techne.com
A,USD,STD,INDL,C,015414,2021-06-30,BIO-TECHNE CORP,TECH,www.bio-techne.com
A,USD,STD,INDL,C,015414,2022-06-30,BIO-TECHNE CORP,TECH,www.bio-techne.com
A,USD,STD,INDL,C,015414,2023-06-30,BIO-TECHNE CORP,TECH,www.bio-techne.com
A,USD,STD,INDL,C,015414,2024-06-30,BIO-TECHNE CORP,TECH,www.bio-techne.com
A,USD,STD,INDL,C,015414,2025-06-30,BIO-TECHNE CORP,TECH,www.bio-techne.com
A,USD,STD,INDL,C,015417,2010-12-31,BROWN & BROWN INC,BRO,www.bbrown.com
A,USD,STD,INDL,C,015417,2011-12-31,BROWN & BROWN INC,BRO,www.bbrown.com
A,USD,STD,INDL,C,015417,2012-12-31,BROWN & BROWN INC,BRO,www.bbrown.com
A,USD,STD,INDL,C,015417,2013-12-31,BROWN & BROWN INC,BRO,www.bbrown.com
A,USD,STD,INDL,C,015417,2014-12-31,BROWN & BROWN INC,BRO,www.bbrown.com
A,USD,STD,INDL,C,015417,2015-12-31,BROWN & BROWN INC,BRO,www.bbrown.com
A,USD,STD,INDL,C,015417,2016-12-31,BROWN & BROWN INC,BRO,www.bbrown.com
A,USD,STD,INDL,C,015417,2017-12-31,BROWN & BROWN INC,BRO,www.bbrown.com
A,USD,STD,INDL,C,015417,2018-12-31,BROWN & BROWN INC,BRO,www.bbrown.com
A,USD,STD,INDL,C,015417,2019-12-31,BROWN & BROWN INC,BRO,www.bbrown.com
A,USD,STD,INDL,C,015417,2020-12-31,BROWN & BROWN INC,BRO,www.bbrown.com
A,USD,STD,INDL,C,015417,2021-12-31,BROWN & BROWN INC,BRO,www.bbrown.com
A,USD,STD,INDL,C,015417,2022-12-31,BROWN & BROWN INC,BRO,www.bbrown.com
A,USD,STD,INDL,C,015417,2023-12-31,BROWN & BROWN INC,BRO,www.bbrown.com
A,USD,STD,INDL,C,015417,2024-12-31,BROWN & BROWN INC,BRO,www.bbrown.com
A,USD,STD,INDL,C,015417,2025-12-31,BROWN & BROWN INC,BRO,www.bbrown.com
A,USD,STD,INDL,C,015444,2010-12-31,CRH PLC,CRH,www.crh.com
A,USD,STD,INDL,C,015444,2011-12-31,CRH PLC,CRH,www.crh.com
A,USD,STD,INDL,C,015444,2012-12-31,CRH PLC,CRH,www.crh.com
A,USD,STD,INDL,C,015444,2013-12-31,CRH PLC,CRH,www.crh.com
A,USD,STD,INDL,C,015444,2014-12-31,CRH PLC,CRH,www.crh.com
A,USD,STD,INDL,C,015444,2015-12-31,CRH PLC,CRH,www.crh.com
A,USD,STD,INDL,C,015444,2016-12-31,CRH PLC,CRH,www.crh.com
A,USD,STD,INDL,C,015444,2017-12-31,CRH PLC,CRH,www.crh.com
A,USD,STD,INDL,C,015444,2018-12-31,CRH PLC,CRH,www.crh.com
A,USD,STD,INDL,C,015444,2019-12-31,CRH PLC,CRH,www.crh.com
A,USD,STD,INDL,C,015444,2020-12-31,CRH PLC,CRH,www.crh.com
A,USD,STD,INDL,C,015444,2021-12-31,CRH PLC,CRH,www.crh.com
A,USD,STD,INDL,C,015444,2022-12-31,CRH PLC,CRH,www.crh.com
A,USD,STD,INDL,C,015444,2023-12-31,CRH PLC,CRH,www.crh.com
A,USD,STD,INDL,C,015444,2024-12-31,CRH PLC,CRH,www.crh.com
A,USD,STD,INDL,C,015444,2025-12-31,CRH PLC,CRH,www.crh.com
A,USD,STD,INDL,C,015855,2010-03-31,GEN DIGITAL INC,GEN,www.gendigital.com
A,USD,STD,INDL,C,015855,2011-03-31,GEN DIGITAL INC,GEN,www.gendigital.com
A,USD,STD,INDL,C,015855,2012-03-31,GEN DIGITAL INC,GEN,www.gendigital.com
A,USD,STD,INDL,C,015855,2013-03-31,GEN DIGITAL INC,GEN,www.gendigital.com
A,USD,STD,INDL,C,015855,2014-03-31,GEN DIGITAL INC,GEN,www.gendigital.com
A,USD,STD,INDL,C,015855,2015-03-31,GEN DIGITAL INC,GEN,www.gendigital.com
A,USD,STD,INDL,C,015855,2016-03-31,GEN DIGITAL INC,GEN,www.gendigital.com
A,USD,STD,INDL,C,015855,2017-03-31,GEN DIGITAL INC,GEN,www.gendigital.com
A,USD,STD,INDL,C,015855,2018-03-31,GEN DIGITAL INC,GEN,www.gendigital.com
A,USD,STD,INDL,C,015855,2019-03-31,GEN DIGITAL INC,GEN,www.gendigital.com
A,USD,STD,INDL,C,015855,2020-03-31,GEN DIGITAL INC,GEN,www.gendigital.com
A,USD,STD,INDL,C,015855,2021-03-31,GEN DIGITAL INC,GEN,www.gendigital.com
A,USD,STD,INDL,C,015855,2022-03-31,GEN DIGITAL INC,GEN,www.gendigital.com
A,USD,STD,INDL,C,015855,2023-03-31,GEN DIGITAL INC,GEN,www.gendigital.com
A,USD,STD,INDL,C,015855,2024-03-31,GEN DIGITAL INC,GEN,www.gendigital.com
A,USD,STD,INDL,C,015855,2025-03-31,GEN DIGITAL INC,GEN,www.gendigital.com
A,USD,STD,INDL,C,016101,2010-12-31,ABBVIE INC,ABBV,www.abbvie.com
A,USD,STD,INDL,C,016101,2011-12-31,ABBVIE INC,ABBV,www.abbvie.com
A,USD,STD,INDL,C,016101,2012-12-31,ABBVIE INC,ABBV,www.abbvie.com
A,USD,STD,INDL,C,016101,2013-12-31,ABBVIE INC,ABBV,www.abbvie.com
A,USD,STD,INDL,C,016101,2014-12-31,ABBVIE INC,ABBV,www.abbvie.com
A,USD,STD,INDL,C,016101,2015-12-31,ABBVIE INC,ABBV,www.abbvie.com
A,USD,STD,INDL,C,016101,2016-12-31,ABBVIE INC,ABBV,www.abbvie.com
A,USD,STD,INDL,C,016101,2017-12-31,ABBVIE INC,ABBV,www.abbvie.com
A,USD,STD,INDL,C,016101,2018-12-31,ABBVIE INC,ABBV,www.abbvie.com
A,USD,STD,INDL,C,016101,2019-12-31,ABBVIE INC,ABBV,www.abbvie.com
A,USD,STD,INDL,C,016101,2020-12-31,ABBVIE INC,ABBV,www.abbvie.com
A,USD,STD,INDL,C,016101,2021-12-31,ABBVIE INC,ABBV,www.abbvie.com
A,USD,STD,INDL,C,016101,2022-12-31,ABBVIE INC,ABBV,www.abbvie.com
A,USD,STD,INDL,C,016101,2023-12-31,ABBVIE INC,ABBV,www.abbvie.com
A,USD,STD,INDL,C,016101,2024-12-31,ABBVIE INC,ABBV,www.abbvie.com
A,USD,STD,INDL,C,016101,2025-12-31,ABBVIE INC,ABBV,www.abbvie.com
A,USD,STD,INDL,C,016478,2010-12-31,EOG RESOURCES INC,EOG,www.eogresources.com
A,USD,STD,INDL,C,016478,2011-12-31,EOG RESOURCES INC,EOG,www.eogresources.com
A,USD,STD,INDL,C,016478,2012-12-31,EOG RESOURCES INC,EOG,www.eogresources.com
A,USD,STD,INDL,C,016478,2013-12-31,EOG RESOURCES INC,EOG,www.eogresources.com
A,USD,STD,INDL,C,016478,2014-12-31,EOG RESOURCES INC,EOG,www.eogresources.com
A,USD,STD,INDL,C,016478,2015-12-31,EOG RESOURCES INC,EOG,www.eogresources.com
A,USD,STD,INDL,C,016478,2016-12-31,EOG RESOURCES INC,EOG,www.eogresources.com
A,USD,STD,INDL,C,016478,2017-12-31,EOG RESOURCES INC,EOG,www.eogresources.com
A,USD,STD,INDL,C,016478,2018-12-31,EOG RESOURCES INC,EOG,www.eogresources.com
A,USD,STD,INDL,C,016478,2019-12-31,EOG RESOURCES INC,EOG,www.eogresources.com
A,USD,STD,INDL,C,016478,2020-12-31,EOG RESOURCES INC,EOG,www.eogresources.com
A,USD,STD,INDL,C,016478,2021-12-31,EOG RESOURCES INC,EOG,www.eogresources.com
A,USD,STD,INDL,C,016478,2022-12-31,EOG RESOURCES INC,EOG,www.eogresources.com
A,USD,STD,INDL,C,016478,2023-12-31,EOG RESOURCES INC,EOG,www.eogresources.com
A,USD,STD,INDL,C,016478,2024-12-31,EOG RESOURCES INC,EOG,www.eogresources.com
A,USD,STD,INDL,C,016478,2025-12-31,EOG RESOURCES INC,EOG,www.eogresources.com
A,USD,STD,INDL,C,016721,2010-03-31,ELECTRONIC ARTS INC,EA,www.ea.com
A,USD,STD,INDL,C,016721,2011-03-31,ELECTRONIC ARTS INC,EA,www.ea.com
A,USD,STD,INDL,C,016721,2012-03-31,ELECTRONIC ARTS INC,EA,www.ea.com
A,USD,STD,INDL,C,016721,2013-03-31,ELECTRONIC ARTS INC,EA,www.ea.com
A,USD,STD,INDL,C,016721,2014-03-31,ELECTRONIC ARTS INC,EA,www.ea.com
A,USD,STD,INDL,C,016721,2015-03-31,ELECTRONIC ARTS INC,EA,www.ea.com
A,USD,STD,INDL,C,016721,2016-03-31,ELECTRONIC ARTS INC,EA,www.ea.com
A,USD,STD,INDL,C,016721,2017-03-31,ELECTRONIC ARTS INC,EA,www.ea.com
A,USD,STD,INDL,C,016721,2018-03-31,ELECTRONIC ARTS INC,EA,www.ea.com
A,USD,STD,INDL,C,016721,2019-03-31,ELECTRONIC ARTS INC,EA,www.ea.com
A,USD,STD,INDL,C,016721,2020-03-31,ELECTRONIC ARTS INC,EA,www.ea.com
A,USD,STD,INDL,C,016721,2021-03-31,ELECTRONIC ARTS INC,EA,www.ea.com
A,USD,STD,INDL,C,016721,2022-03-31,ELECTRONIC ARTS INC,EA,www.ea.com
A,USD,STD,INDL,C,016721,2023-03-31,ELECTRONIC ARTS INC,EA,www.ea.com
A,USD,STD,INDL,C,016721,2024-03-31,ELECTRONIC ARTS INC,EA,www.ea.com
A,USD,STD,INDL,C,016721,2025-03-31,ELECTRONIC ARTS INC,EA,www.ea.com
A,USD,STD,INDL,C,016721,2026-03-31,ELECTRONIC ARTS INC,EA,www.ea.com
A,USD,STD,INDL,C,017874,2013-12-31,T-MOBILE US INC,TMUS,www.t-mobile.com
A,USD,STD,INDL,C,017874,2014-12-31,T-MOBILE US INC,TMUS,www.t-mobile.com
A,USD,STD,INDL,C,017874,2015-12-31,T-MOBILE US INC,TMUS,www.t-mobile.com
A,USD,STD,INDL,C,017874,2016-12-31,T-MOBILE US INC,TMUS,www.t-mobile.com
A,USD,STD,INDL,C,017874,2017-12-31,T-MOBILE US INC,TMUS,www.t-mobile.com
A,USD,STD,INDL,C,017874,2018-12-31,T-MOBILE US INC,TMUS,www.t-mobile.com
A,USD,STD,INDL,C,017874,2019-12-31,T-MOBILE US INC,TMUS,www.t-mobile.com
A,USD,STD,INDL,C,017874,2020-12-31,T-MOBILE US INC,TMUS,www.t-mobile.com
A,USD,STD,INDL,C,017874,2021-12-31,T-MOBILE US INC,TMUS,www.t-mobile.com
A,USD,STD,INDL,C,017874,2022-12-31,T-MOBILE US INC,TMUS,www.t-mobile.com
A,USD,STD,INDL,C,017874,2023-12-31,T-MOBILE US INC,TMUS,www.t-mobile.com
A,USD,STD,INDL,C,017874,2024-12-31,T-MOBILE US INC,TMUS,www.t-mobile.com
A,USD,STD,INDL,C,017874,2025-12-31,T-MOBILE US INC,TMUS,www.t-mobile.com
A,USD,STD,INDL,C,017928,2011-12-31,IQVIA HOLDINGS INC,IQV,www.iqvia.com
A,USD,STD,INDL,C,017928,2012-12-31,IQVIA HOLDINGS INC,IQV,www.iqvia.com
A,USD,STD,INDL,C,017928,2013-12-31,IQVIA HOLDINGS INC,IQV,www.iqvia.com
A,USD,STD,INDL,C,017928,2014-12-31,IQVIA HOLDINGS INC,IQV,www.iqvia.com
A,USD,STD,INDL,C,017928,2015-12-31,IQVIA HOLDINGS INC,IQV,www.iqvia.com
A,USD,STD,INDL,C,017928,2016-12-31,IQVIA HOLDINGS INC,IQV,www.iqvia.com
A,USD,STD,INDL,C,017928,2017-12-31,IQVIA HOLDINGS INC,IQV,www.iqvia.com
A,USD,STD,INDL,C,017928,2018-12-31,IQVIA HOLDINGS INC,IQV,www.iqvia.com
A,USD,STD,INDL,C,017928,2019-12-31,IQVIA HOLDINGS INC,IQV,www.iqvia.com
A,USD,STD,INDL,C,017928,2020-12-31,IQVIA HOLDINGS INC,IQV,www.iqvia.com
A,USD,STD,INDL,C,017928,2021-12-31,IQVIA HOLDINGS INC,IQV,www.iqvia.com
A,USD,STD,INDL,C,017928,2022-12-31,IQVIA HOLDINGS INC,IQV,www.iqvia.com
A,USD,STD,INDL,C,017928,2023-12-31,IQVIA HOLDINGS INC,IQV,www.iqvia.com
A,USD,STD,INDL,C,017928,2024-12-31,IQVIA HOLDINGS INC,IQV,www.iqvia.com
A,USD,STD,INDL,C,017928,2025-12-31,IQVIA HOLDINGS INC,IQV,www.iqvia.com
A,USD,STD,INDL,C,018043,2011-06-30,NEWS CORP,NWSA,newscorp.com
A,USD,STD,INDL,C,018043,2012-06-30,NEWS CORP,NWSA,newscorp.com
A,USD,STD,INDL,C,018043,2013-06-30,NEWS CORP,NWSA,newscorp.com
A,USD,STD,INDL,C,018043,2014-06-30,NEWS CORP,NWSA,newscorp.com
A,USD,STD,INDL,C,018043,2015-06-30,NEWS CORP,NWSA,newscorp.com
A,USD,STD,INDL,C,018043,2016-06-30,NEWS CORP,NWSA,newscorp.com
A,USD,STD,INDL,C,018043,2017-06-30,NEWS CORP,NWSA,newscorp.com
A,USD,STD,INDL,C,018043,2018-06-30,NEWS CORP,NWSA,newscorp.com
A,USD,STD,INDL,C,018043,2019-06-30,NEWS CORP,NWSA,newscorp.com
A,USD,STD,INDL,C,018043,2020-06-30,NEWS CORP,NWSA,newscorp.com
A,USD,STD,INDL,C,018043,2021-06-30,NEWS CORP,NWSA,newscorp.com
A,USD,STD,INDL,C,018043,2022-06-30,NEWS CORP,NWSA,newscorp.com
A,USD,STD,INDL,C,018043,2023-06-30,NEWS CORP,NWSA,newscorp.com
A,USD,STD,INDL,C,018043,2024-06-30,NEWS CORP,NWSA,newscorp.com
A,USD,STD,INDL,C,018043,2025-06-30,NEWS CORP,NWSA,newscorp.com
A,USD,STD,INDL,C,018699,2010-09-30,PTC INC,PTC,www.ptc.com
A,USD,STD,INDL,C,018699,2011-09-30,PTC INC,PTC,www.ptc.com
A,USD,STD,INDL,C,018699,2012-09-30,PTC INC,PTC,www.ptc.com
A,USD,STD,INDL,C,018699,2013-09-30,PTC INC,PTC,www.ptc.com
A,USD,STD,INDL,C,018699,2014-09-30,PTC INC,PTC,www.ptc.com
A,USD,STD,INDL,C,018699,2015-09-30,PTC INC,PTC,www.ptc.com
A,USD,STD,INDL,C,018699,2016-09-30,PTC INC,PTC,www.ptc.com
A,USD,STD,INDL,C,018699,2017-09-30,PTC INC,PTC,www.ptc.com
A,USD,STD,INDL,C,018699,2018-09-30,PTC INC,PTC,www.ptc.com
A,USD,STD,INDL,C,018699,2019-09-30,PTC INC,PTC,www.ptc.com
A,USD,STD,INDL,C,018699,2020-09-30,PTC INC,PTC,www.ptc.com
A,USD,STD,INDL,C,018699,2021-09-30,PTC INC,PTC,www.ptc.com
A,USD,STD,INDL,C,018699,2022-09-30,PTC INC,PTC,www.ptc.com
A,USD,STD,INDL,C,018699,2023-09-30,PTC INC,PTC,www.ptc.com
A,USD,STD,INDL,C,018699,2024-09-30,PTC INC,PTC,www.ptc.com
A,USD,STD,INDL,C,018699,2025-09-30,PTC INC,PTC,www.ptc.com
A,USD,STD,INDL,C,020232,2012-10-31,KEYSIGHT TECHNOLOGIES INC,KEYS,www.keysight.com
A,USD,STD,INDL,C,020232,2013-10-31,KEYSIGHT TECHNOLOGIES INC,KEYS,www.keysight.com
A,USD,STD,INDL,C,020232,2014-10-31,KEYSIGHT TECHNOLOGIES INC,KEYS,www.keysight.com
A,USD,STD,INDL,C,020232,2015-10-31,KEYSIGHT TECHNOLOGIES INC,KEYS,www.keysight.com
A,USD,STD,INDL,C,020232,2016-10-31,KEYSIGHT TECHNOLOGIES INC,KEYS,www.keysight.com
A,USD,STD,INDL,C,020232,2017-10-31,KEYSIGHT TECHNOLOGIES INC,KEYS,www.keysight.com
A,USD,STD,INDL,C,020232,2018-10-31,KEYSIGHT TECHNOLOGIES INC,KEYS,www.keysight.com
A,USD,STD,INDL,C,020232,2019-10-31,KEYSIGHT TECHNOLOGIES INC,KEYS,www.keysight.com
A,USD,STD,INDL,C,020232,2020-10-31,KEYSIGHT TECHNOLOGIES INC,KEYS,www.keysight.com
A,USD,STD,INDL,C,020232,2021-10-31,KEYSIGHT TECHNOLOGIES INC,KEYS,www.keysight.com
A,USD,STD,INDL,C,020232,2022-10-31,KEYSIGHT TECHNOLOGIES INC,KEYS,www.keysight.com
A,USD,STD,INDL,C,020232,2023-10-31,KEYSIGHT TECHNOLOGIES INC,KEYS,www.keysight.com
A,USD,STD,INDL,C,020232,2024-10-31,KEYSIGHT TECHNOLOGIES INC,KEYS,www.keysight.com
A,USD,STD,INDL,C,020232,2025-10-31,KEYSIGHT TECHNOLOGIES INC,KEYS,www.keysight.com
A,USD,STD,INDL,C,020412,2012-12-31,ARES MANAGEMENT CORP,ARES,www.aresmgmt.com
A,USD,STD,INDL,C,020412,2013-12-31,ARES MANAGEMENT CORP,ARES,www.aresmgmt.com
A,USD,STD,INDL,C,020412,2014-12-31,ARES MANAGEMENT CORP,ARES,www.aresmgmt.com
A,USD,STD,INDL,C,020412,2015-12-31,ARES MANAGEMENT CORP,ARES,www.aresmgmt.com
A,USD,STD,INDL,C,020412,2016-12-31,ARES MANAGEMENT CORP,ARES,www.aresmgmt.com
A,USD,STD,INDL,C,020412,2017-12-31,ARES MANAGEMENT CORP,ARES,www.aresmgmt.com
A,USD,STD,INDL,C,020412,2018-12-31,ARES MANAGEMENT CORP,ARES,www.aresmgmt.com
A,USD,STD,INDL,C,020412,2019-12-31,ARES MANAGEMENT CORP,ARES,www.aresmgmt.com
A,USD,STD,INDL,C,020412,2020-12-31,ARES MANAGEMENT CORP,ARES,www.aresmgmt.com
A,USD,STD,INDL,C,020412,2021-12-31,ARES MANAGEMENT CORP,ARES,www.aresmgmt.com
A,USD,STD,INDL,C,020412,2022-12-31,ARES MANAGEMENT CORP,ARES,www.aresmgmt.com
A,USD,STD,INDL,C,020412,2023-12-31,ARES MANAGEMENT CORP,ARES,www.aresmgmt.com
A,USD,STD,INDL,C,020412,2024-12-31,ARES MANAGEMENT CORP,ARES,www.aresmgmt.com
A,USD,STD,INDL,C,020412,2025-12-31,ARES MANAGEMENT CORP,ARES,www.aresmgmt.com
A,USD,STD,INDL,C,020548,2010-12-31,COTERRA ENERGY INC,CTRA,www.coterra.com
A,USD,STD,INDL,C,020548,2011-12-31,COTERRA ENERGY INC,CTRA,www.coterra.com
A,USD,STD,INDL,C,020548,2012-12-31,COTERRA ENERGY INC,CTRA,www.coterra.com
A,USD,STD,INDL,C,020548,2013-12-31,COTERRA ENERGY INC,CTRA,www.coterra.com
A,USD,STD,INDL,C,020548,2014-12-31,COTERRA ENERGY INC,CTRA,www.coterra.com
A,USD,STD,INDL,C,020548,2015-12-31,COTERRA ENERGY INC,CTRA,www.coterra.com
A,USD,STD,INDL,C,020548,2016-12-31,COTERRA ENERGY INC,CTRA,www.coterra.com
A,USD,STD,INDL,C,020548,2017-12-31,COTERRA ENERGY INC,CTRA,www.coterra.com
A,USD,STD,INDL,C,020548,2018-12-31,COTERRA ENERGY INC,CTRA,www.coterra.com
A,USD,STD,INDL,C,020548,2019-12-31,COTERRA ENERGY INC,CTRA,www.coterra.com
A,USD,STD,INDL,C,020548,2020-12-31,COTERRA ENERGY INC,CTRA,www.coterra.com
A,USD,STD,INDL,C,020548,2021-12-31,COTERRA ENERGY INC,CTRA,www.coterra.com
A,USD,STD,INDL,C,020548,2022-12-31,COTERRA ENERGY INC,CTRA,www.coterra.com
A,USD,STD,INDL,C,020548,2023-12-31,COTERRA ENERGY INC,CTRA,www.coterra.com
A,USD,STD,INDL,C,020548,2024-12-31,COTERRA ENERGY INC,CTRA,www.coterra.com
A,USD,STD,INDL,C,020548,2025-12-31,COTERRA ENERGY INC,CTRA,www.coterra.com
A,USD,STD,INDL,C,020686,2012-12-31,SYNCHRONY FINANCIAL,SYF,www.synchrony.com
A,USD,STD,FS,C,020686,2013-12-31,SYNCHRONY FINANCIAL,SYF,www.synchrony.com
A,USD,STD,INDL,C,020686,2013-12-31,SYNCHRONY FINANCIAL,SYF,www.synchrony.com
A,USD,STD,FS,C,020686,2014-12-31,SYNCHRONY FINANCIAL,SYF,www.synchrony.com
A,USD,STD,INDL,C,020686,2014-12-31,SYNCHRONY FINANCIAL,SYF,www.synchrony.com
A,USD,STD,FS,C,020686,2015-12-31,SYNCHRONY FINANCIAL,SYF,www.synchrony.com
A,USD,STD,INDL,C,020686,2015-12-31,SYNCHRONY FINANCIAL,SYF,www.synchrony.com
A,USD,STD,FS,C,020686,2016-12-31,SYNCHRONY FINANCIAL,SYF,www.synchrony.com
A,USD,STD,INDL,C,020686,2016-12-31,SYNCHRONY FINANCIAL,SYF,www.synchrony.com
A,USD,STD,FS,C,020686,2017-12-31,SYNCHRONY FINANCIAL,SYF,www.synchrony.com
A,USD,STD,INDL,C,020686,2017-12-31,SYNCHRONY FINANCIAL,SYF,www.synchrony.com
A,USD,STD,FS,C,020686,2018-12-31,SYNCHRONY FINANCIAL,SYF,www.synchrony.com
A,USD,STD,INDL,C,020686,2018-12-31,SYNCHRONY FINANCIAL,SYF,www.synchrony.com
A,USD,STD,FS,C,020686,2019-12-31,SYNCHRONY FINANCIAL,SYF,www.synchrony.com
A,USD,STD,INDL,C,020686,2019-12-31,SYNCHRONY FINANCIAL,SYF,www.synchrony.com
A,USD,STD,FS,C,020686,2020-12-31,SYNCHRONY FINANCIAL,SYF,www.synchrony.com
A,USD,STD,INDL,C,020686,2020-12-31,SYNCHRONY FINANCIAL,SYF,www.synchrony.com
A,USD,STD,FS,C,020686,2021-12-31,SYNCHRONY FINANCIAL,SYF,www.synchrony.com
A,USD,STD,INDL,C,020686,2021-12-31,SYNCHRONY FINANCIAL,SYF,www.synchrony.com
A,USD,STD,FS,C,020686,2022-12-31,SYNCHRONY FINANCIAL,SYF,www.synchrony.com
A,USD,STD,INDL,C,020686,2022-12-31,SYNCHRONY FINANCIAL,SYF,www.synchrony.com
A,USD,STD,FS,C,020686,2023-12-31,SYNCHRONY FINANCIAL,SYF,www.synchrony.com
A,USD,STD,INDL,C,020686,2023-12-31,SYNCHRONY FINANCIAL,SYF,www.synchrony.com
A,USD,STD,FS,C,020686,2024-12-31,SYNCHRONY FINANCIAL,SYF,www.synchrony.com
A,USD,STD,INDL,C,020686,2024-12-31,SYNCHRONY FINANCIAL,SYF,www.synchrony.com
A,USD,STD,FS,C,020686,2025-12-31,SYNCHRONY FINANCIAL,SYF,www.synchrony.com
A,USD,STD,INDL,C,020686,2025-12-31,SYNCHRONY FINANCIAL,SYF,www.synchrony.com
A,USD,STD,INDL,C,020748,2013-12-31,ARISTA NETWORKS INC,ANET,www.arista.com
A,USD,STD,INDL,C,020748,2014-12-31,ARISTA NETWORKS INC,ANET,www.arista.com
A,USD,STD,INDL,C,020748,2015-12-31,ARISTA NETWORKS INC,ANET,www.arista.com
A,USD,STD,INDL,C,020748,2016-12-31,ARISTA NETWORKS INC,ANET,www.arista.com
A,USD,STD,INDL,C,020748,2017-12-31,ARISTA NETWORKS INC,ANET,www.arista.com
A,USD,STD,INDL,C,020748,2018-12-31,ARISTA NETWORKS INC,ANET,www.arista.com
A,USD,STD,INDL,C,020748,2019-12-31,ARISTA NETWORKS INC,ANET,www.arista.com
A,USD,STD,INDL,C,020748,2020-12-31,ARISTA NETWORKS INC,ANET,www.arista.com
A,USD,STD,INDL,C,020748,2021-12-31,ARISTA NETWORKS INC,ANET,www.arista.com
A,USD,STD,INDL,C,020748,2022-12-31,ARISTA NETWORKS INC,ANET,www.arista.com
A,USD,STD,INDL,C,020748,2023-12-31,ARISTA NETWORKS INC,ANET,www.arista.com
A,USD,STD,INDL,C,020748,2024-12-31,ARISTA NETWORKS INC,ANET,www.arista.com
A,USD,STD,INDL,C,020748,2025-12-31,ARISTA NETWORKS INC,ANET,www.arista.com
A,USD,STD,INDL,C,020779,2010-07-31,CISCO SYSTEMS INC,CSCO,www.cisco.com
A,USD,STD,INDL,C,020779,2011-07-31,CISCO SYSTEMS INC,CSCO,www.cisco.com
A,USD,STD,INDL,C,020779,2012-07-31,CISCO SYSTEMS INC,CSCO,www.cisco.com
A,USD,STD,INDL,C,020779,2013-07-31,CISCO SYSTEMS INC,CSCO,www.cisco.com
A,USD,STD,INDL,C,020779,2014-07-31,CISCO SYSTEMS INC,CSCO,www.cisco.com
A,USD,STD,INDL,C,020779,2015-07-31,CISCO SYSTEMS INC,CSCO,www.cisco.com
A,USD,STD,INDL,C,020779,2016-07-31,CISCO SYSTEMS INC,CSCO,www.cisco.com
A,USD,STD,INDL,C,020779,2017-07-31,CISCO SYSTEMS INC,CSCO,www.cisco.com
A,USD,STD,INDL,C,020779,2018-07-31,CISCO SYSTEMS INC,CSCO,www.cisco.com
A,USD,STD,INDL,C,020779,2019-07-31,CISCO SYSTEMS INC,CSCO,www.cisco.com
A,USD,STD,INDL,C,020779,2020-07-31,CISCO SYSTEMS INC,CSCO,www.cisco.com
A,USD,STD,INDL,C,020779,2021-07-31,CISCO SYSTEMS INC,CSCO,www.cisco.com
A,USD,STD,INDL,C,020779,2022-07-31,CISCO SYSTEMS INC,CSCO,www.cisco.com
A,USD,STD,INDL,C,020779,2023-07-31,CISCO SYSTEMS INC,CSCO,www.cisco.com
A,USD,STD,INDL,C,020779,2024-07-31,CISCO SYSTEMS INC,CSCO,www.cisco.com
A,USD,STD,INDL,C,020779,2025-07-31,CISCO SYSTEMS INC,CSCO,www.cisco.com
A,USD,STD,FS,C,021825,2012-12-31,CITIZENS FINANCIAL GROUP INC,CFG,www.citizensbank.com
A,USD,STD,INDL,C,021825,2012-12-31,CITIZENS FINANCIAL GROUP INC,CFG,www.citizensbank.com
A,USD,STD,FS,C,021825,2013-12-31,CITIZENS FINANCIAL GROUP INC,CFG,www.citizensbank.com
A,USD,STD,INDL,C,021825,2013-12-31,CITIZENS FINANCIAL GROUP INC,CFG,www.citizensbank.com
A,USD,STD,FS,C,021825,2014-12-31,CITIZENS FINANCIAL GROUP INC,CFG,www.citizensbank.com
A,USD,STD,INDL,C,021825,2014-12-31,CITIZENS FINANCIAL GROUP INC,CFG,www.citizensbank.com
A,USD,STD,FS,C,021825,2015-12-31,CITIZENS FINANCIAL GROUP INC,CFG,www.citizensbank.com
A,USD,STD,INDL,C,021825,2015-12-31,CITIZENS FINANCIAL GROUP INC,CFG,www.citizensbank.com
A,USD,STD,FS,C,021825,2016-12-31,CITIZENS FINANCIAL GROUP INC,CFG,www.citizensbank.com
A,USD,STD,INDL,C,021825,2016-12-31,CITIZENS FINANCIAL GROUP INC,CFG,www.citizensbank.com
A,USD,STD,FS,C,021825,2017-12-31,CITIZENS FINANCIAL GROUP INC,CFG,www.citizensbank.com
A,USD,STD,INDL,C,021825,2017-12-31,CITIZENS FINANCIAL GROUP INC,CFG,www.citizensbank.com
A,USD,STD,FS,C,021825,2018-12-31,CITIZENS FINANCIAL GROUP INC,CFG,www.citizensbank.com
A,USD,STD,INDL,C,021825,2018-12-31,CITIZENS FINANCIAL GROUP INC,CFG,www.citizensbank.com
A,USD,STD,FS,C,021825,2019-12-31,CITIZENS FINANCIAL GROUP INC,CFG,www.citizensbank.com
A,USD,STD,INDL,C,021825,2019-12-31,CITIZENS FINANCIAL GROUP INC,CFG,www.citizensbank.com
A,USD,STD,FS,C,021825,2020-12-31,CITIZENS FINANCIAL GROUP INC,CFG,www.citizensbank.com
A,USD,STD,INDL,C,021825,2020-12-31,CITIZENS FINANCIAL GROUP INC,CFG,www.citizensbank.com
A,USD,STD,FS,C,021825,2021-12-31,CITIZENS FINANCIAL GROUP INC,CFG,www.citizensbank.com
A,USD,STD,INDL,C,021825,2021-12-31,CITIZENS FINANCIAL GROUP INC,CFG,www.citizensbank.com
A,USD,STD,FS,C,021825,2022-12-31,CITIZENS FINANCIAL GROUP INC,CFG,www.citizensbank.com
A,USD,STD,INDL,C,021825,2022-12-31,CITIZENS FINANCIAL GROUP INC,CFG,www.citizensbank.com
A,USD,STD,FS,C,021825,2023-12-31,CITIZENS FINANCIAL GROUP INC,CFG,www.citizensbank.com
A,USD,STD,INDL,C,021825,2023-12-31,CITIZENS FINANCIAL GROUP INC,CFG,www.citizensbank.com
A,USD,STD,FS,C,021825,2024-12-31,CITIZENS FINANCIAL GROUP INC,CFG,www.citizensbank.com
A,USD,STD,INDL,C,021825,2024-12-31,CITIZENS FINANCIAL GROUP INC,CFG,www.citizensbank.com
A,USD,STD,FS,C,021825,2025-12-31,CITIZENS FINANCIAL GROUP INC,CFG,www.citizensbank.com
A,USD,STD,INDL,C,021825,2025-12-31,CITIZENS FINANCIAL GROUP INC,CFG,www.citizensbank.com
A,USD,STD,INDL,C,022260,2010-12-31,HCA HEALTHCARE INC,HCA,www.hcahealthcare.com
A,USD,STD,INDL,C,022260,2011-12-31,HCA HEALTHCARE INC,HCA,www.hcahealthcare.com
A,USD,STD,INDL,C,022260,2012-12-31,HCA HEALTHCARE INC,HCA,www.hcahealthcare.com
A,USD,STD,INDL,C,022260,2013-12-31,HCA HEALTHCARE INC,HCA,www.hcahealthcare.com
A,USD,STD,INDL,C,022260,2014-12-31,HCA HEALTHCARE INC,HCA,www.hcahealthcare.com
A,USD,STD,INDL,C,022260,2015-12-31,HCA HEALTHCARE INC,HCA,www.hcahealthcare.com
A,USD,STD,INDL,C,022260,2016-12-31,HCA HEALTHCARE INC,HCA,www.hcahealthcare.com
A,USD,STD,INDL,C,022260,2017-12-31,HCA HEALTHCARE INC,HCA,www.hcahealthcare.com
A,USD,STD,INDL,C,022260,2018-12-31,HCA HEALTHCARE INC,HCA,www.hcahealthcare.com
A,USD,STD,INDL,C,022260,2019-12-31,HCA HEALTHCARE INC,HCA,www.hcahealthcare.com
A,USD,STD,INDL,C,022260,2020-12-31,HCA HEALTHCARE INC,HCA,www.hcahealthcare.com
A,USD,STD,INDL,C,022260,2021-12-31,HCA HEALTHCARE INC,HCA,www.hcahealthcare.com
A,USD,STD,INDL,C,022260,2022-12-31,HCA HEALTHCARE INC,HCA,www.hcahealthcare.com
A,USD,STD,INDL,C,022260,2023-12-31,HCA HEALTHCARE INC,HCA,www.hcahealthcare.com
A,USD,STD,INDL,C,022260,2024-12-31,HCA HEALTHCARE INC,HCA,www.hcahealthcare.com
A,USD,STD,INDL,C,022260,2025-12-31,HCA HEALTHCARE INC,HCA,www.hcahealthcare.com
A,USD,STD,INDL,C,022815,2010-12-31,TRIMBLE INC,TRMB,www.trimble.com
A,USD,STD,INDL,C,022815,2011-12-31,TRIMBLE INC,TRMB,www.trimble.com
A,USD,STD,INDL,C,022815,2012-12-31,TRIMBLE INC,TRMB,www.trimble.com
A,USD,STD,INDL,C,022815,2013-12-31,TRIMBLE INC,TRMB,www.trimble.com
A,USD,STD,INDL,C,022815,2014-12-31,TRIMBLE INC,TRMB,www.trimble.com
A,USD,STD,INDL,C,022815,2015-12-31,TRIMBLE INC,TRMB,www.trimble.com
A,USD,STD,INDL,C,022815,2016-12-31,TRIMBLE INC,TRMB,www.trimble.com
A,USD,STD,INDL,C,022815,2017-12-31,TRIMBLE INC,TRMB,www.trimble.com
A,USD,STD,INDL,C,022815,2018-12-31,TRIMBLE INC,TRMB,www.trimble.com
A,USD,STD,INDL,C,022815,2019-12-31,TRIMBLE INC,TRMB,www.trimble.com
A,USD,STD,INDL,C,022815,2020-12-31,TRIMBLE INC,TRMB,www.trimble.com
A,USD,STD,INDL,C,022815,2021-12-31,TRIMBLE INC,TRMB,www.trimble.com
A,USD,STD,INDL,C,022815,2022-12-31,TRIMBLE INC,TRMB,www.trimble.com
A,USD,STD,INDL,C,022815,2023-12-31,TRIMBLE INC,TRMB,www.trimble.com
A,USD,STD,INDL,C,022815,2024-12-31,TRIMBLE INC,TRMB,www.trimble.com
A,USD,STD,INDL,C,022815,2025-12-31,TRIMBLE INC,TRMB,www.trimble.com
A,USD,STD,INDL,C,023071,2013-12-31,GODADDY INC,GDDY,www.godaddy.com
A,USD,STD,INDL,C,023071,2014-12-31,GODADDY INC,GDDY,www.godaddy.com
A,USD,STD,INDL,C,023071,2015-12-31,GODADDY INC,GDDY,www.godaddy.com
A,USD,STD,INDL,C,023071,2016-12-31,GODADDY INC,GDDY,www.godaddy.com
A,USD,STD,INDL,C,023071,2017-12-31,GODADDY INC,GDDY,www.godaddy.com
A,USD,STD,INDL,C,023071,2018-12-31,GODADDY INC,GDDY,www.godaddy.com
A,USD,STD,INDL,C,023071,2019-12-31,GODADDY INC,GDDY,www.godaddy.com
A,USD,STD,INDL,C,023071,2020-12-31,GODADDY INC,GDDY,www.godaddy.com
A,USD,STD,INDL,C,023071,2021-12-31,GODADDY INC,GDDY,www.godaddy.com
A,USD,STD,INDL,C,023071,2022-12-31,GODADDY INC,GDDY,www.godaddy.com
A,USD,STD,INDL,C,023071,2023-12-31,GODADDY INC,GDDY,www.godaddy.com
A,USD,STD,INDL,C,023071,2024-12-31,GODADDY INC,GDDY,www.godaddy.com
A,USD,STD,INDL,C,023071,2025-12-31,GODADDY INC,GDDY,www.godaddy.com
A,USD,STD,INDL,C,023249,2013-06-30,LUMENTUM HOLDINGS INC,LITE,www.lumentum.com
A,USD,STD,INDL,C,023249,2014-06-30,LUMENTUM HOLDINGS INC,LITE,www.lumentum.com
A,USD,STD,INDL,C,023249,2015-06-30,LUMENTUM HOLDINGS INC,LITE,www.lumentum.com
A,USD,STD,INDL,C,023249,2016-06-30,LUMENTUM HOLDINGS INC,LITE,www.lumentum.com
A,USD,STD,INDL,C,023249,2017-06-30,LUMENTUM HOLDINGS INC,LITE,www.lumentum.com
A,USD,STD,INDL,C,023249,2018-06-30,LUMENTUM HOLDINGS INC,LITE,www.lumentum.com
A,USD,STD,INDL,C,023249,2019-06-30,LUMENTUM HOLDINGS INC,LITE,www.lumentum.com
A,USD,STD,INDL,C,023249,2020-06-30,LUMENTUM HOLDINGS INC,LITE,www.lumentum.com
A,USD,STD,INDL,C,023249,2021-06-30,LUMENTUM HOLDINGS INC,LITE,www.lumentum.com
A,USD,STD,INDL,C,023249,2022-06-30,LUMENTUM HOLDINGS INC,LITE,www.lumentum.com
A,USD,STD,INDL,C,023249,2023-06-30,LUMENTUM HOLDINGS INC,LITE,www.lumentum.com
A,USD,STD,INDL,C,023249,2024-06-30,LUMENTUM HOLDINGS INC,LITE,www.lumentum.com
A,USD,STD,INDL,C,023249,2025-06-30,LUMENTUM HOLDINGS INC,LITE,www.lumentum.com
A,USD,STD,INDL,C,023809,2010-08-31,AUTOZONE INC,AZO,www.autozone.com
A,USD,STD,INDL,C,023809,2011-08-31,AUTOZONE INC,AZO,www.autozone.com
A,USD,STD,INDL,C,023809,2012-08-31,AUTOZONE INC,AZO,www.autozone.com
A,USD,STD,INDL,C,023809,2013-08-31,AUTOZONE INC,AZO,www.autozone.com
A,USD,STD,INDL,C,023809,2014-08-31,AUTOZONE INC,AZO,www.autozone.com
A,USD,STD,INDL,C,023809,2015-08-31,AUTOZONE INC,AZO,www.autozone.com
A,USD,STD,INDL,C,023809,2016-08-31,AUTOZONE INC,AZO,www.autozone.com
A,USD,STD,INDL,C,023809,2017-08-31,AUTOZONE INC,AZO,www.autozone.com
A,USD,STD,INDL,C,023809,2018-08-31,AUTOZONE INC,AZO,www.autozone.com
A,USD,STD,INDL,C,023809,2019-08-31,AUTOZONE INC,AZO,www.autozone.com
A,USD,STD,INDL,C,023809,2020-08-31,AUTOZONE INC,AZO,www.autozone.com
A,USD,STD,INDL,C,023809,2021-08-31,AUTOZONE INC,AZO,www.autozone.com
A,USD,STD,INDL,C,023809,2022-08-31,AUTOZONE INC,AZO,www.autozone.com
A,USD,STD,INDL,C,023809,2023-08-31,AUTOZONE INC,AZO,www.autozone.com
A,USD,STD,INDL,C,023809,2024-08-31,AUTOZONE INC,AZO,www.autozone.com
A,USD,STD,INDL,C,023809,2025-08-31,AUTOZONE INC,AZO,www.autozone.com
A,USD,STD,INDL,C,023812,2010-12-31,REGENERON PHARMACEUTICALS,REGN,www.regeneron.com
A,USD,STD,INDL,C,023812,2011-12-31,REGENERON PHARMACEUTICALS,REGN,www.regeneron.com
A,USD,STD,INDL,C,023812,2012-12-31,REGENERON PHARMACEUTICALS,REGN,www.regeneron.com
A,USD,STD,INDL,C,023812,2013-12-31,REGENERON PHARMACEUTICALS,REGN,www.regeneron.com
A,USD,STD,INDL,C,023812,2014-12-31,REGENERON PHARMACEUTICALS,REGN,www.regeneron.com
A,USD,STD,INDL,C,023812,2015-12-31,REGENERON PHARMACEUTICALS,REGN,www.regeneron.com
A,USD,STD,INDL,C,023812,2016-12-31,REGENERON PHARMACEUTICALS,REGN,www.regeneron.com
A,USD,STD,INDL,C,023812,2017-12-31,REGENERON PHARMACEUTICALS,REGN,www.regeneron.com
A,USD,STD,INDL,C,023812,2018-12-31,REGENERON PHARMACEUTICALS,REGN,www.regeneron.com
A,USD,STD,INDL,C,023812,2019-12-31,REGENERON PHARMACEUTICALS,REGN,www.regeneron.com
A,USD,STD,INDL,C,023812,2020-12-31,REGENERON PHARMACEUTICALS,REGN,www.regeneron.com
A,USD,STD,INDL,C,023812,2021-12-31,REGENERON PHARMACEUTICALS,REGN,www.regeneron.com
A,USD,STD,INDL,C,023812,2022-12-31,REGENERON PHARMACEUTICALS,REGN,www.regeneron.com
A,USD,STD,INDL,C,023812,2023-12-31,REGENERON PHARMACEUTICALS,REGN,www.regeneron.com
A,USD,STD,INDL,C,023812,2024-12-31,REGENERON PHARMACEUTICALS,REGN,www.regeneron.com
A,USD,STD,INDL,C,023812,2025-12-31,REGENERON PHARMACEUTICALS,REGN,www.regeneron.com
A,USD,STD,INDL,C,024197,2010-12-31,IDEXX LABS INC,IDXX,www.idexx.com
A,USD,STD,INDL,C,024197,2011-12-31,IDEXX LABS INC,IDXX,www.idexx.com
A,USD,STD,INDL,C,024197,2012-12-31,IDEXX LABS INC,IDXX,www.idexx.com
A,USD,STD,INDL,C,024197,2013-12-31,IDEXX LABS INC,IDXX,www.idexx.com
A,USD,STD,INDL,C,024197,2014-12-31,IDEXX LABS INC,IDXX,www.idexx.com
A,USD,STD,INDL,C,024197,2015-12-31,IDEXX LABS INC,IDXX,www.idexx.com
A,USD,STD,INDL,C,024197,2016-12-31,IDEXX LABS INC,IDXX,www.idexx.com
A,USD,STD,INDL,C,024197,2017-12-31,IDEXX LABS INC,IDXX,www.idexx.com
A,USD,STD,INDL,C,024197,2018-12-31,IDEXX LABS INC,IDXX,www.idexx.com
A,USD,STD,INDL,C,024197,2019-12-31,IDEXX LABS INC,IDXX,www.idexx.com
A,USD,STD,INDL,C,024197,2020-12-31,IDEXX LABS INC,IDXX,www.idexx.com
A,USD,STD,INDL,C,024197,2021-12-31,IDEXX LABS INC,IDXX,www.idexx.com
A,USD,STD,INDL,C,024197,2022-12-31,IDEXX LABS INC,IDXX,www.idexx.com
A,USD,STD,INDL,C,024197,2023-12-31,IDEXX LABS INC,IDXX,www.idexx.com
A,USD,STD,INDL,C,024197,2024-12-31,IDEXX LABS INC,IDXX,www.idexx.com
A,USD,STD,INDL,C,024197,2025-12-31,IDEXX LABS INC,IDXX,www.idexx.com
A,USD,STD,INDL,C,024216,2010-12-31,AES CORP (THE),AES,www.aes.com
A,USD,STD,INDL,C,024216,2011-12-31,AES CORP (THE),AES,www.aes.com
A,USD,STD,INDL,C,024216,2012-12-31,AES CORP (THE),AES,www.aes.com
A,USD,STD,INDL,C,024216,2013-12-31,AES CORP (THE),AES,www.aes.com
A,USD,STD,INDL,C,024216,2014-12-31,AES CORP (THE),AES,www.aes.com
A,USD,STD,INDL,C,024216,2015-12-31,AES CORP (THE),AES,www.aes.com
A,USD,STD,INDL,C,024216,2016-12-31,AES CORP (THE),AES,www.aes.com
A,USD,STD,INDL,C,024216,2017-12-31,AES CORP (THE),AES,www.aes.com
A,USD,STD,INDL,C,024216,2018-12-31,AES CORP (THE),AES,www.aes.com
A,USD,STD,INDL,C,024216,2019-12-31,AES CORP (THE),AES,www.aes.com
A,USD,STD,INDL,C,024216,2020-12-31,AES CORP (THE),AES,www.aes.com
A,USD,STD,INDL,C,024216,2021-12-31,AES CORP (THE),AES,www.aes.com
A,USD,STD,INDL,C,024216,2022-12-31,AES CORP (THE),AES,www.aes.com
A,USD,STD,INDL,C,024216,2023-12-31,AES CORP (THE),AES,www.aes.com
A,USD,STD,INDL,C,024216,2024-12-31,AES CORP (THE),AES,www.aes.com
A,USD,STD,INDL,C,024216,2025-12-31,AES CORP (THE),AES,www.aes.com
A,USD,STD,INDL,C,024316,2010-12-31,MONSTER BEVERAGE CORP,MNST,www.monsterbevcorp.com
A,USD,STD,INDL,C,024316,2011-12-31,MONSTER BEVERAGE CORP,MNST,www.monsterbevcorp.com
A,USD,STD,INDL,C,024316,2012-12-31,MONSTER BEVERAGE CORP,MNST,www.monsterbevcorp.com
A,USD,STD,INDL,C,024316,2013-12-31,MONSTER BEVERAGE CORP,MNST,www.monsterbevcorp.com
A,USD,STD,INDL,C,024316,2014-12-31,MONSTER BEVERAGE CORP,MNST,www.monsterbevcorp.com
A,USD,STD,INDL,C,024316,2015-12-31,MONSTER BEVERAGE CORP,MNST,www.monsterbevcorp.com
A,USD,STD,INDL,C,024316,2016-12-31,MONSTER BEVERAGE CORP,MNST,www.monsterbevcorp.com
A,USD,STD,INDL,C,024316,2017-12-31,MONSTER BEVERAGE CORP,MNST,www.monsterbevcorp.com
A,USD,STD,INDL,C,024316,2018-12-31,MONSTER BEVERAGE CORP,MNST,www.monsterbevcorp.com
A,USD,STD,INDL,C,024316,2019-12-31,MONSTER BEVERAGE CORP,MNST,www.monsterbevcorp.com
A,USD,STD,INDL,C,024316,2020-12-31,MONSTER BEVERAGE CORP,MNST,www.monsterbevcorp.com
A,USD,STD,INDL,C,024316,2021-12-31,MONSTER BEVERAGE CORP,MNST,www.monsterbevcorp.com
A,USD,STD,INDL,C,024316,2022-12-31,MONSTER BEVERAGE CORP,MNST,www.monsterbevcorp.com
A,USD,STD,INDL,C,024316,2023-12-31,MONSTER BEVERAGE CORP,MNST,www.monsterbevcorp.com
A,USD,STD,INDL,C,024316,2024-12-31,MONSTER BEVERAGE CORP,MNST,www.monsterbevcorp.com
A,USD,STD,INDL,C,024316,2025-12-31,MONSTER BEVERAGE CORP,MNST,www.monsterbevcorp.com
A,USD,STD,INDL,C,024344,2010-12-31,VERTEX PHARMACEUTICALS INC,VRTX,www.vrtx.com
A,USD,STD,INDL,C,024344,2011-12-31,VERTEX PHARMACEUTICALS INC,VRTX,www.vrtx.com
A,USD,STD,INDL,C,024344,2012-12-31,VERTEX PHARMACEUTICALS INC,VRTX,www.vrtx.com
A,USD,STD,INDL,C,024344,2013-12-31,VERTEX PHARMACEUTICALS INC,VRTX,www.vrtx.com
A,USD,STD,INDL,C,024344,2014-12-31,VERTEX PHARMACEUTICALS INC,VRTX,www.vrtx.com
A,USD,STD,INDL,C,024344,2015-12-31,VERTEX PHARMACEUTICALS INC,VRTX,www.vrtx.com
A,USD,STD,INDL,C,024344,2016-12-31,VERTEX PHARMACEUTICALS INC,VRTX,www.vrtx.com
A,USD,STD,INDL,C,024344,2017-12-31,VERTEX PHARMACEUTICALS INC,VRTX,www.vrtx.com
A,USD,STD,INDL,C,024344,2018-12-31,VERTEX PHARMACEUTICALS INC,VRTX,www.vrtx.com
A,USD,STD,INDL,C,024344,2019-12-31,VERTEX PHARMACEUTICALS INC,VRTX,www.vrtx.com
A,USD,STD,INDL,C,024344,2020-12-31,VERTEX PHARMACEUTICALS INC,VRTX,www.vrtx.com
A,USD,STD,INDL,C,024344,2021-12-31,VERTEX PHARMACEUTICALS INC,VRTX,www.vrtx.com
A,USD,STD,INDL,C,024344,2022-12-31,VERTEX PHARMACEUTICALS INC,VRTX,www.vrtx.com
A,USD,STD,INDL,C,024344,2023-12-31,VERTEX PHARMACEUTICALS INC,VRTX,www.vrtx.com
A,USD,STD,INDL,C,024344,2024-12-31,VERTEX PHARMACEUTICALS INC,VRTX,www.vrtx.com
A,USD,STD,INDL,C,024344,2025-12-31,VERTEX PHARMACEUTICALS INC,VRTX,www.vrtx.com
A,USD,STD,INDL,C,024405,2010-12-31,ZEBRA TECHNOLOGIES CP  -CL A,ZBRA,www.zebra.com
A,USD,STD,INDL,C,024405,2011-12-31,ZEBRA TECHNOLOGIES CP  -CL A,ZBRA,www.zebra.com
A,USD,STD,INDL,C,024405,2012-12-31,ZEBRA TECHNOLOGIES CP  -CL A,ZBRA,www.zebra.com
A,USD,STD,INDL,C,024405,2013-12-31,ZEBRA TECHNOLOGIES CP  -CL A,ZBRA,www.zebra.com
A,USD,STD,INDL,C,024405,2014-12-31,ZEBRA TECHNOLOGIES CP  -CL A,ZBRA,www.zebra.com
A,USD,STD,INDL,C,024405,2015-12-31,ZEBRA TECHNOLOGIES CP  -CL A,ZBRA,www.zebra.com
A,USD,STD,INDL,C,024405,2016-12-31,ZEBRA TECHNOLOGIES CP  -CL A,ZBRA,www.zebra.com
A,USD,STD,INDL,C,024405,2017-12-31,ZEBRA TECHNOLOGIES CP  -CL A,ZBRA,www.zebra.com
A,USD,STD,INDL,C,024405,2018-12-31,ZEBRA TECHNOLOGIES CP  -CL A,ZBRA,www.zebra.com
A,USD,STD,INDL,C,024405,2019-12-31,ZEBRA TECHNOLOGIES CP  -CL A,ZBRA,www.zebra.com
A,USD,STD,INDL,C,024405,2020-12-31,ZEBRA TECHNOLOGIES CP  -CL A,ZBRA,www.zebra.com
A,USD,STD,INDL,C,024405,2021-12-31,ZEBRA TECHNOLOGIES CP  -CL A,ZBRA,www.zebra.com
A,USD,STD,INDL,C,024405,2022-12-31,ZEBRA TECHNOLOGIES CP  -CL A,ZBRA,www.zebra.com
A,USD,STD,INDL,C,024405,2023-12-31,ZEBRA TECHNOLOGIES CP  -CL A,ZBRA,www.zebra.com
A,USD,STD,INDL,C,024405,2024-12-31,ZEBRA TECHNOLOGIES CP  -CL A,ZBRA,www.zebra.com
A,USD,STD,INDL,C,024405,2025-12-31,ZEBRA TECHNOLOGIES CP  -CL A,ZBRA,www.zebra.com
A,USD,STD,INDL,C,024468,2010-12-31,BIOGEN INC,BIIB,www.biogen.com
A,USD,STD,INDL,C,024468,2011-12-31,BIOGEN INC,BIIB,www.biogen.com
A,USD,STD,INDL,C,024468,2012-12-31,BIOGEN INC,BIIB,www.biogen.com
A,USD,STD,INDL,C,024468,2013-12-31,BIOGEN INC,BIIB,www.biogen.com
A,USD,STD,INDL,C,024468,2014-12-31,BIOGEN INC,BIIB,www.biogen.com
A,USD,STD,INDL,C,024468,2015-12-31,BIOGEN INC,BIIB,www.biogen.com
A,USD,STD,INDL,C,024468,2016-12-31,BIOGEN INC,BIIB,www.biogen.com
A,USD,STD,INDL,C,024468,2017-12-31,BIOGEN INC,BIIB,www.biogen.com
A,USD,STD,INDL,C,024468,2018-12-31,BIOGEN INC,BIIB,www.biogen.com
A,USD,STD,INDL,C,024468,2019-12-31,BIOGEN INC,BIIB,www.biogen.com
A,USD,STD,INDL,C,024468,2020-12-31,BIOGEN INC,BIIB,www.biogen.com
A,USD,STD,INDL,C,024468,2021-12-31,BIOGEN INC,BIIB,www.biogen.com
A,USD,STD,INDL,C,024468,2022-12-31,BIOGEN INC,BIIB,www.biogen.com
A,USD,STD,INDL,C,024468,2023-12-31,BIOGEN INC,BIIB,www.biogen.com
A,USD,STD,INDL,C,024468,2024-12-31,BIOGEN INC,BIIB,www.biogen.com
A,USD,STD,INDL,C,024468,2025-12-31,BIOGEN INC,BIIB,www.biogen.com
A,USD,STD,INDL,C,024616,2013-12-31,PAYPAL HOLDINGS INC,PYPL,www.paypal.com
A,USD,STD,INDL,C,024616,2014-12-31,PAYPAL HOLDINGS INC,PYPL,www.paypal.com
A,USD,STD,INDL,C,024616,2015-12-31,PAYPAL HOLDINGS INC,PYPL,www.paypal.com
A,USD,STD,INDL,C,024616,2016-12-31,PAYPAL HOLDINGS INC,PYPL,www.paypal.com
A,USD,STD,INDL,C,024616,2017-12-31,PAYPAL HOLDINGS INC,PYPL,www.paypal.com
A,USD,STD,INDL,C,024616,2018-12-31,PAYPAL HOLDINGS INC,PYPL,www.paypal.com
A,USD,STD,INDL,C,024616,2019-12-31,PAYPAL HOLDINGS INC,PYPL,www.paypal.com
A,USD,STD,INDL,C,024616,2020-12-31,PAYPAL HOLDINGS INC,PYPL,www.paypal.com
A,USD,STD,INDL,C,024616,2021-12-31,PAYPAL HOLDINGS INC,PYPL,www.paypal.com
A,USD,STD,INDL,C,024616,2022-12-31,PAYPAL HOLDINGS INC,PYPL,www.paypal.com
A,USD,STD,INDL,C,024616,2023-12-31,PAYPAL HOLDINGS INC,PYPL,www.paypal.com
A,USD,STD,INDL,C,024616,2024-12-31,PAYPAL HOLDINGS INC,PYPL,www.paypal.com
A,USD,STD,INDL,C,024616,2025-12-31,PAYPAL HOLDINGS INC,PYPL,www.paypal.com
A,USD,STD,INDL,C,024617,2010-12-31,OLD DOMINION FREIGHT,ODFL,www.odfl.com
A,USD,STD,INDL,C,024617,2011-12-31,OLD DOMINION FREIGHT,ODFL,www.odfl.com
A,USD,STD,INDL,C,024617,2012-12-31,OLD DOMINION FREIGHT,ODFL,www.odfl.com
A,USD,STD,INDL,C,024617,2013-12-31,OLD DOMINION FREIGHT,ODFL,www.odfl.com
A,USD,STD,INDL,C,024617,2014-12-31,OLD DOMINION FREIGHT,ODFL,www.odfl.com
A,USD,STD,INDL,C,024617,2015-12-31,OLD DOMINION FREIGHT,ODFL,www.odfl.com
A,USD,STD,INDL,C,024617,2016-12-31,OLD DOMINION FREIGHT,ODFL,www.odfl.com
A,USD,STD,INDL,C,024617,2017-12-31,OLD DOMINION FREIGHT,ODFL,www.odfl.com
A,USD,STD,INDL,C,024617,2018-12-31,OLD DOMINION FREIGHT,ODFL,www.odfl.com
A,USD,STD,INDL,C,024617,2019-12-31,OLD DOMINION FREIGHT,ODFL,www.odfl.com
A,USD,STD,INDL,C,024617,2020-12-31,OLD DOMINION FREIGHT,ODFL,www.odfl.com
A,USD,STD,INDL,C,024617,2021-12-31,OLD DOMINION FREIGHT,ODFL,www.odfl.com
A,USD,STD,INDL,C,024617,2022-12-31,OLD DOMINION FREIGHT,ODFL,www.odfl.com
A,USD,STD,INDL,C,024617,2023-12-31,OLD DOMINION FREIGHT,ODFL,www.odfl.com
A,USD,STD,INDL,C,024617,2024-12-31,OLD DOMINION FREIGHT,ODFL,www.odfl.com
A,USD,STD,INDL,C,024617,2025-12-31,OLD DOMINION FREIGHT,ODFL,www.odfl.com
A,USD,STD,FS,C,024731,2010-12-31,KIMCO REALTY CORP,KIM,www.kimcorealty.com
A,USD,STD,INDL,C,024731,2010-12-31,KIMCO REALTY CORP,KIM,www.kimcorealty.com
A,USD,STD,FS,C,024731,2011-12-31,KIMCO REALTY CORP,KIM,www.kimcorealty.com
A,USD,STD,INDL,C,024731,2011-12-31,KIMCO REALTY CORP,KIM,www.kimcorealty.com
A,USD,STD,FS,C,024731,2012-12-31,KIMCO REALTY CORP,KIM,www.kimcorealty.com
A,USD,STD,INDL,C,024731,2012-12-31,KIMCO REALTY CORP,KIM,www.kimcorealty.com
A,USD,STD,FS,C,024731,2013-12-31,KIMCO REALTY CORP,KIM,www.kimcorealty.com
A,USD,STD,INDL,C,024731,2013-12-31,KIMCO REALTY CORP,KIM,www.kimcorealty.com
A,USD,STD,FS,C,024731,2014-12-31,KIMCO REALTY CORP,KIM,www.kimcorealty.com
A,USD,STD,INDL,C,024731,2014-12-31,KIMCO REALTY CORP,KIM,www.kimcorealty.com
A,USD,STD,FS,C,024731,2015-12-31,KIMCO REALTY CORP,KIM,www.kimcorealty.com
A,USD,STD,INDL,C,024731,2015-12-31,KIMCO REALTY CORP,KIM,www.kimcorealty.com
A,USD,STD,FS,C,024731,2016-12-31,KIMCO REALTY CORP,KIM,www.kimcorealty.com
A,USD,STD,INDL,C,024731,2016-12-31,KIMCO REALTY CORP,KIM,www.kimcorealty.com
A,USD,STD,FS,C,024731,2017-12-31,KIMCO REALTY CORP,KIM,www.kimcorealty.com
A,USD,STD,INDL,C,024731,2017-12-31,KIMCO REALTY CORP,KIM,www.kimcorealty.com
A,USD,STD,FS,C,024731,2018-12-31,KIMCO REALTY CORP,KIM,www.kimcorealty.com
A,USD,STD,INDL,C,024731,2018-12-31,KIMCO REALTY CORP,KIM,www.kimcorealty.com
A,USD,STD,FS,C,024731,2019-12-31,KIMCO REALTY CORP,KIM,www.kimcorealty.com
A,USD,STD,INDL,C,024731,2019-12-31,KIMCO REALTY CORP,KIM,www.kimcorealty.com
A,USD,STD,FS,C,024731,2020-12-31,KIMCO REALTY CORP,KIM,www.kimcorealty.com
A,USD,STD,INDL,C,024731,2020-12-31,KIMCO REALTY CORP,KIM,www.kimcorealty.com
A,USD,STD,FS,C,024731,2021-12-31,KIMCO REALTY CORP,KIM,www.kimcorealty.com
A,USD,STD,INDL,C,024731,2021-12-31,KIMCO REALTY CORP,KIM,www.kimcorealty.com
A,USD,STD,FS,C,024731,2022-12-31,KIMCO REALTY CORP,KIM,www.kimcorealty.com
A,USD,STD,INDL,C,024731,2022-12-31,KIMCO REALTY CORP,KIM,www.kimcorealty.com
A,USD,STD,FS,C,024731,2023-12-31,KIMCO REALTY CORP,KIM,www.kimcorealty.com
A,USD,STD,INDL,C,024731,2023-12-31,KIMCO REALTY CORP,KIM,www.kimcorealty.com
A,USD,STD,FS,C,024731,2024-12-31,KIMCO REALTY CORP,KIM,www.kimcorealty.com
A,USD,STD,INDL,C,024731,2024-12-31,KIMCO REALTY CORP,KIM,www.kimcorealty.com
A,USD,STD,FS,C,024731,2025-12-31,KIMCO REALTY CORP,KIM,www.kimcorealty.com
A,USD,STD,INDL,C,024731,2025-12-31,KIMCO REALTY CORP,KIM,www.kimcorealty.com
A,USD,STD,INDL,C,024800,2010-09-30,QUALCOMM INC,QCOM,www.qualcomm.com
A,USD,STD,INDL,C,024800,2011-09-30,QUALCOMM INC,QCOM,www.qualcomm.com
A,USD,STD,INDL,C,024800,2012-09-30,QUALCOMM INC,QCOM,www.qualcomm.com
A,USD,STD,INDL,C,024800,2013-09-30,QUALCOMM INC,QCOM,www.qualcomm.com
A,USD,STD,INDL,C,024800,2014-09-30,QUALCOMM INC,QCOM,www.qualcomm.com
A,USD,STD,INDL,C,024800,2015-09-30,QUALCOMM INC,QCOM,www.qualcomm.com
A,USD,STD,INDL,C,024800,2016-09-30,QUALCOMM INC,QCOM,www.qualcomm.com
A,USD,STD,INDL,C,024800,2017-09-30,QUALCOMM INC,QCOM,www.qualcomm.com
A,USD,STD,INDL,C,024800,2018-09-30,QUALCOMM INC,QCOM,www.qualcomm.com
A,USD,STD,INDL,C,024800,2019-09-30,QUALCOMM INC,QCOM,www.qualcomm.com
A,USD,STD,INDL,C,024800,2020-09-30,QUALCOMM INC,QCOM,www.qualcomm.com
A,USD,STD,INDL,C,024800,2021-09-30,QUALCOMM INC,QCOM,www.qualcomm.com
A,USD,STD,INDL,C,024800,2022-09-30,QUALCOMM INC,QCOM,www.qualcomm.com
A,USD,STD,INDL,C,024800,2023-09-30,QUALCOMM INC,QCOM,www.qualcomm.com
A,USD,STD,INDL,C,024800,2024-09-30,QUALCOMM INC,QCOM,www.qualcomm.com
A,USD,STD,INDL,C,024800,2025-09-30,QUALCOMM INC,QCOM,www.qualcomm.com
A,USD,STD,INDL,C,024856,2010-12-31,GILEAD SCIENCES INC,GILD,www.gilead.com
A,USD,STD,INDL,C,024856,2011-12-31,GILEAD SCIENCES INC,GILD,www.gilead.com
A,USD,STD,INDL,C,024856,2012-12-31,GILEAD SCIENCES INC,GILD,www.gilead.com
A,USD,STD,INDL,C,024856,2013-12-31,GILEAD SCIENCES INC,GILD,www.gilead.com
A,USD,STD,INDL,C,024856,2014-12-31,GILEAD SCIENCES INC,GILD,www.gilead.com
A,USD,STD,INDL,C,024856,2015-12-31,GILEAD SCIENCES INC,GILD,www.gilead.com
A,USD,STD,INDL,C,024856,2016-12-31,GILEAD SCIENCES INC,GILD,www.gilead.com
A,USD,STD,INDL,C,024856,2017-12-31,GILEAD SCIENCES INC,GILD,www.gilead.com
A,USD,STD,INDL,C,024856,2018-12-31,GILEAD SCIENCES INC,GILD,www.gilead.com
A,USD,STD,INDL,C,024856,2019-12-31,GILEAD SCIENCES INC,GILD,www.gilead.com
A,USD,STD,INDL,C,024856,2020-12-31,GILEAD SCIENCES INC,GILD,www.gilead.com
A,USD,STD,INDL,C,024856,2021-12-31,GILEAD SCIENCES INC,GILD,www.gilead.com
A,USD,STD,INDL,C,024856,2022-12-31,GILEAD SCIENCES INC,GILD,www.gilead.com
A,USD,STD,INDL,C,024856,2023-12-31,GILEAD SCIENCES INC,GILD,www.gilead.com
A,USD,STD,INDL,C,024856,2024-12-31,GILEAD SCIENCES INC,GILD,www.gilead.com
A,USD,STD,INDL,C,024856,2025-12-31,GILEAD SCIENCES INC,GILD,www.gilead.com
A,USD,STD,INDL,C,024925,2010-12-31,ROPER TECHNOLOGIES INC,ROP,www.ropertech.com
A,USD,STD,INDL,C,024925,2011-12-31,ROPER TECHNOLOGIES INC,ROP,www.ropertech.com
A,USD,STD,INDL,C,024925,2012-12-31,ROPER TECHNOLOGIES INC,ROP,www.ropertech.com
A,USD,STD,INDL,C,024925,2013-12-31,ROPER TECHNOLOGIES INC,ROP,www.ropertech.com
A,USD,STD,INDL,C,024925,2014-12-31,ROPER TECHNOLOGIES INC,ROP,www.ropertech.com
A,USD,STD,INDL,C,024925,2015-12-31,ROPER TECHNOLOGIES INC,ROP,www.ropertech.com
A,USD,STD,INDL,C,024925,2016-12-31,ROPER TECHNOLOGIES INC,ROP,www.ropertech.com
A,USD,STD,INDL,C,024925,2017-12-31,ROPER TECHNOLOGIES INC,ROP,www.ropertech.com
A,USD,STD,INDL,C,024925,2018-12-31,ROPER TECHNOLOGIES INC,ROP,www.ropertech.com
A,USD,STD,INDL,C,024925,2019-12-31,ROPER TECHNOLOGIES INC,ROP,www.ropertech.com
A,USD,STD,INDL,C,024925,2020-12-31,ROPER TECHNOLOGIES INC,ROP,www.ropertech.com
A,USD,STD,INDL,C,024925,2021-12-31,ROPER TECHNOLOGIES INC,ROP,www.ropertech.com
A,USD,STD,INDL,C,024925,2022-12-31,ROPER TECHNOLOGIES INC,ROP,www.ropertech.com
A,USD,STD,INDL,C,024925,2023-12-31,ROPER TECHNOLOGIES INC,ROP,www.ropertech.com
A,USD,STD,INDL,C,024925,2024-12-31,ROPER TECHNOLOGIES INC,ROP,www.ropertech.com
A,USD,STD,INDL,C,024925,2025-12-31,ROPER TECHNOLOGIES INC,ROP,www.ropertech.com
A,USD,STD,INDL,C,024975,2010-10-31,SYNOPSYS INC,SNPS,www.synopsys.com
A,USD,STD,INDL,C,024975,2011-10-31,SYNOPSYS INC,SNPS,www.synopsys.com
A,USD,STD,INDL,C,024975,2012-10-31,SYNOPSYS INC,SNPS,www.synopsys.com
A,USD,STD,INDL,C,024975,2013-10-31,SYNOPSYS INC,SNPS,www.synopsys.com
A,USD,STD,INDL,C,024975,2014-10-31,SYNOPSYS INC,SNPS,www.synopsys.com
A,USD,STD,INDL,C,024975,2015-10-31,SYNOPSYS INC,SNPS,www.synopsys.com
A,USD,STD,INDL,C,024975,2016-10-31,SYNOPSYS INC,SNPS,www.synopsys.com
A,USD,STD,INDL,C,024975,2017-10-31,SYNOPSYS INC,SNPS,www.synopsys.com
A,USD,STD,INDL,C,024975,2018-10-31,SYNOPSYS INC,SNPS,www.synopsys.com
A,USD,STD,INDL,C,024975,2019-10-31,SYNOPSYS INC,SNPS,www.synopsys.com
A,USD,STD,INDL,C,024975,2020-10-31,SYNOPSYS INC,SNPS,www.synopsys.com
A,USD,STD,INDL,C,024975,2021-10-31,SYNOPSYS INC,SNPS,www.synopsys.com
A,USD,STD,INDL,C,024975,2022-10-31,SYNOPSYS INC,SNPS,www.synopsys.com
A,USD,STD,INDL,C,024975,2023-10-31,SYNOPSYS INC,SNPS,www.synopsys.com
A,USD,STD,INDL,C,024975,2024-10-31,SYNOPSYS INC,SNPS,www.synopsys.com
A,USD,STD,INDL,C,024975,2025-10-31,SYNOPSYS INC,SNPS,www.synopsys.com
A,USD,STD,INDL,C,025124,2010-12-31,LINDE PLC,LIN,www.linde.com
A,USD,STD,INDL,C,025124,2011-12-31,LINDE PLC,LIN,www.linde.com
A,USD,STD,INDL,C,025124,2012-12-31,LINDE PLC,LIN,www.linde.com
A,USD,STD,INDL,C,025124,2013-12-31,LINDE PLC,LIN,www.linde.com
A,USD,STD,INDL,C,025124,2014-12-31,LINDE PLC,LIN,www.linde.com
A,USD,STD,INDL,C,025124,2015-12-31,LINDE PLC,LIN,www.linde.com
A,USD,STD,INDL,C,025124,2016-12-31,LINDE PLC,LIN,www.linde.com
A,USD,STD,INDL,C,025124,2017-12-31,LINDE PLC,LIN,www.linde.com
A,USD,STD,INDL,C,025124,2018-12-31,LINDE PLC,LIN,www.linde.com
A,USD,STD,INDL,C,025124,2019-12-31,LINDE PLC,LIN,www.linde.com
A,USD,STD,INDL,C,025124,2020-12-31,LINDE PLC,LIN,www.linde.com
A,USD,STD,INDL,C,025124,2021-12-31,LINDE PLC,LIN,www.linde.com
A,USD,STD,INDL,C,025124,2022-12-31,LINDE PLC,LIN,www.linde.com
A,USD,STD,INDL,C,025124,2023-12-31,LINDE PLC,LIN,www.linde.com
A,USD,STD,INDL,C,025124,2024-12-31,LINDE PLC,LIN,www.linde.com
A,USD,STD,INDL,C,025124,2025-12-31,LINDE PLC,LIN,www.linde.com
A,USD,STD,INDL,C,025279,2010-12-31,BOSTON SCIENTIFIC CORP,BSX,www.bostonscientific.com
A,USD,STD,INDL,C,025279,2011-12-31,BOSTON SCIENTIFIC CORP,BSX,www.bostonscientific.com
A,USD,STD,INDL,C,025279,2012-12-31,BOSTON SCIENTIFIC CORP,BSX,www.bostonscientific.com
A,USD,STD,INDL,C,025279,2013-12-31,BOSTON SCIENTIFIC CORP,BSX,www.bostonscientific.com
A,USD,STD,INDL,C,025279,2014-12-31,BOSTON SCIENTIFIC CORP,BSX,www.bostonscientific.com
A,USD,STD,INDL,C,025279,2015-12-31,BOSTON SCIENTIFIC CORP,BSX,www.bostonscientific.com
A,USD,STD,INDL,C,025279,2016-12-31,BOSTON SCIENTIFIC CORP,BSX,www.bostonscientific.com
A,USD,STD,INDL,C,025279,2017-12-31,BOSTON SCIENTIFIC CORP,BSX,www.bostonscientific.com
A,USD,STD,INDL,C,025279,2018-12-31,BOSTON SCIENTIFIC CORP,BSX,www.bostonscientific.com
A,USD,STD,INDL,C,025279,2019-12-31,BOSTON SCIENTIFIC CORP,BSX,www.bostonscientific.com
A,USD,STD,INDL,C,025279,2020-12-31,BOSTON SCIENTIFIC CORP,BSX,www.bostonscientific.com
A,USD,STD,INDL,C,025279,2021-12-31,BOSTON SCIENTIFIC CORP,BSX,www.bostonscientific.com
A,USD,STD,INDL,C,025279,2022-12-31,BOSTON SCIENTIFIC CORP,BSX,www.bostonscientific.com
A,USD,STD,INDL,C,025279,2023-12-31,BOSTON SCIENTIFIC CORP,BSX,www.bostonscientific.com
A,USD,STD,INDL,C,025279,2024-12-31,BOSTON SCIENTIFIC CORP,BSX,www.bostonscientific.com
A,USD,STD,INDL,C,025279,2025-12-31,BOSTON SCIENTIFIC CORP,BSX,www.bostonscientific.com
A,USD,STD,INDL,C,025313,2010-03-31,STERIS PLC,STE,www.steris.com
A,USD,STD,INDL,C,025313,2011-03-31,STERIS PLC,STE,www.steris.com
A,USD,STD,INDL,C,025313,2012-03-31,STERIS PLC,STE,www.steris.com
A,USD,STD,INDL,C,025313,2013-03-31,STERIS PLC,STE,www.steris.com
A,USD,STD,INDL,C,025313,2014-03-31,STERIS PLC,STE,www.steris.com
A,USD,STD,INDL,C,025313,2015-03-31,STERIS PLC,STE,www.steris.com
A,USD,STD,INDL,C,025313,2016-03-31,STERIS PLC,STE,www.steris.com
A,USD,STD,INDL,C,025313,2017-03-31,STERIS PLC,STE,www.steris.com
A,USD,STD,INDL,C,025313,2018-03-31,STERIS PLC,STE,www.steris.com
A,USD,STD,INDL,C,025313,2019-03-31,STERIS PLC,STE,www.steris.com
A,USD,STD,INDL,C,025313,2020-03-31,STERIS PLC,STE,www.steris.com
A,USD,STD,INDL,C,025313,2021-03-31,STERIS PLC,STE,www.steris.com
A,USD,STD,INDL,C,025313,2022-03-31,STERIS PLC,STE,www.steris.com
A,USD,STD,INDL,C,025313,2023-03-31,STERIS PLC,STE,www.steris.com
A,USD,STD,INDL,C,025313,2024-03-31,STERIS PLC,STE,www.steris.com
A,USD,STD,INDL,C,025313,2025-03-31,STERIS PLC,STE,www.steris.com
A,USD,STD,INDL,C,025340,2010-09-30,D R HORTON INC,DHI,www.drhorton.com
A,USD,STD,INDL,C,025340,2011-09-30,D R HORTON INC,DHI,www.drhorton.com
A,USD,STD,INDL,C,025340,2012-09-30,D R HORTON INC,DHI,www.drhorton.com
A,USD,STD,INDL,C,025340,2013-09-30,D R HORTON INC,DHI,www.drhorton.com
A,USD,STD,INDL,C,025340,2014-09-30,D R HORTON INC,DHI,www.drhorton.com
A,USD,STD,INDL,C,025340,2015-09-30,D R HORTON INC,DHI,www.drhorton.com
A,USD,STD,INDL,C,025340,2016-09-30,D R HORTON INC,DHI,www.drhorton.com
A,USD,STD,INDL,C,025340,2017-09-30,D R HORTON INC,DHI,www.drhorton.com
A,USD,STD,INDL,C,025340,2018-09-30,D R HORTON INC,DHI,www.drhorton.com
A,USD,STD,INDL,C,025340,2019-09-30,D R HORTON INC,DHI,www.drhorton.com
A,USD,STD,INDL,C,025340,2020-09-30,D R HORTON INC,DHI,www.drhorton.com
A,USD,STD,INDL,C,025340,2021-09-30,D R HORTON INC,DHI,www.drhorton.com
A,USD,STD,INDL,C,025340,2022-09-30,D R HORTON INC,DHI,www.drhorton.com
A,USD,STD,INDL,C,025340,2023-09-30,D R HORTON INC,DHI,www.drhorton.com
A,USD,STD,INDL,C,025340,2024-09-30,D R HORTON INC,DHI,www.drhorton.com
A,USD,STD,INDL,C,025340,2025-09-30,D R HORTON INC,DHI,www.drhorton.com
A,USD,STD,INDL,C,025434,2010-09-30,STARBUCKS CORP,SBUX,www.starbucks.com
A,USD,STD,INDL,C,025434,2011-09-30,STARBUCKS CORP,SBUX,www.starbucks.com
A,USD,STD,INDL,C,025434,2012-09-30,STARBUCKS CORP,SBUX,www.starbucks.com
A,USD,STD,INDL,C,025434,2013-09-30,STARBUCKS CORP,SBUX,www.starbucks.com
A,USD,STD,INDL,C,025434,2014-09-30,STARBUCKS CORP,SBUX,www.starbucks.com
A,USD,STD,INDL,C,025434,2015-09-30,STARBUCKS CORP,SBUX,www.starbucks.com
A,USD,STD,INDL,C,025434,2016-09-30,STARBUCKS CORP,SBUX,www.starbucks.com
A,USD,STD,INDL,C,025434,2017-09-30,STARBUCKS CORP,SBUX,www.starbucks.com
A,USD,STD,INDL,C,025434,2018-09-30,STARBUCKS CORP,SBUX,www.starbucks.com
A,USD,STD,INDL,C,025434,2019-09-30,STARBUCKS CORP,SBUX,www.starbucks.com
A,USD,STD,INDL,C,025434,2020-09-30,STARBUCKS CORP,SBUX,www.starbucks.com
A,USD,STD,INDL,C,025434,2021-09-30,STARBUCKS CORP,SBUX,www.starbucks.com
A,USD,STD,INDL,C,025434,2022-09-30,STARBUCKS CORP,SBUX,www.starbucks.com
A,USD,STD,INDL,C,025434,2023-09-30,STARBUCKS CORP,SBUX,www.starbucks.com
A,USD,STD,INDL,C,025434,2024-09-30,STARBUCKS CORP,SBUX,www.starbucks.com
A,USD,STD,INDL,C,025434,2025-09-30,STARBUCKS CORP,SBUX,www.starbucks.com
A,USD,STD,INDL,C,026156,2013-10-31,HEWLETT PACKARD ENTERPRISE,HPE,www.hpe.com
A,USD,STD,INDL,C,026156,2014-10-31,HEWLETT PACKARD ENTERPRISE,HPE,www.hpe.com
A,USD,STD,INDL,C,026156,2015-10-31,HEWLETT PACKARD ENTERPRISE,HPE,www.hpe.com
A,USD,STD,INDL,C,026156,2016-10-31,HEWLETT PACKARD ENTERPRISE,HPE,www.hpe.com
A,USD,STD,INDL,C,026156,2017-10-31,HEWLETT PACKARD ENTERPRISE,HPE,www.hpe.com
A,USD,STD,INDL,C,026156,2018-10-31,HEWLETT PACKARD ENTERPRISE,HPE,www.hpe.com
A,USD,STD,INDL,C,026156,2019-10-31,HEWLETT PACKARD ENTERPRISE,HPE,www.hpe.com
A,USD,STD,INDL,C,026156,2020-10-31,HEWLETT PACKARD ENTERPRISE,HPE,www.hpe.com
A,USD,STD,INDL,C,026156,2021-10-31,HEWLETT PACKARD ENTERPRISE,HPE,www.hpe.com
A,USD,STD,INDL,C,026156,2022-10-31,HEWLETT PACKARD ENTERPRISE,HPE,www.hpe.com
A,USD,STD,INDL,C,026156,2023-10-31,HEWLETT PACKARD ENTERPRISE,HPE,www.hpe.com
A,USD,STD,INDL,C,026156,2024-10-31,HEWLETT PACKARD ENTERPRISE,HPE,www.hpe.com
A,USD,STD,INDL,C,026156,2025-10-31,HEWLETT PACKARD ENTERPRISE,HPE,www.hpe.com
A,USD,STD,INDL,C,026367,2013-12-31,BLOCK INC,XYZ,www.block.xyz
A,USD,STD,INDL,C,026367,2014-12-31,BLOCK INC,XYZ,www.block.xyz
A,USD,STD,INDL,C,026367,2015-12-31,BLOCK INC,XYZ,www.block.xyz
A,USD,STD,INDL,C,026367,2016-12-31,BLOCK INC,XYZ,www.block.xyz
A,USD,STD,INDL,C,026367,2017-12-31,BLOCK INC,XYZ,www.block.xyz
A,USD,STD,INDL,C,026367,2018-12-31,BLOCK INC,XYZ,www.block.xyz
A,USD,STD,INDL,C,026367,2019-12-31,BLOCK INC,XYZ,www.block.xyz
A,USD,STD,INDL,C,026367,2020-12-31,BLOCK INC,XYZ,www.block.xyz
A,USD,STD,INDL,C,026367,2021-12-31,BLOCK INC,XYZ,www.block.xyz
A,USD,STD,INDL,C,026367,2022-12-31,BLOCK INC,XYZ,www.block.xyz
A,USD,STD,INDL,C,026367,2023-12-31,BLOCK INC,XYZ,www.block.xyz
A,USD,STD,INDL,C,026367,2024-12-31,BLOCK INC,XYZ,www.block.xyz
A,USD,STD,INDL,C,026367,2025-12-31,BLOCK INC,XYZ,www.block.xyz
A,USD,STD,INDL,C,026590,2013-12-31,FORTIVE CORP,FTV,www.fortive.com
A,USD,STD,INDL,C,026590,2014-12-31,FORTIVE CORP,FTV,www.fortive.com
A,USD,STD,INDL,C,026590,2015-12-31,FORTIVE CORP,FTV,www.fortive.com
A,USD,STD,INDL,C,026590,2016-12-31,FORTIVE CORP,FTV,www.fortive.com
A,USD,STD,INDL,C,026590,2017-12-31,FORTIVE CORP,FTV,www.fortive.com
A,USD,STD,INDL,C,026590,2018-12-31,FORTIVE CORP,FTV,www.fortive.com
A,USD,STD,INDL,C,026590,2019-12-31,FORTIVE CORP,FTV,www.fortive.com
A,USD,STD,INDL,C,026590,2020-12-31,FORTIVE CORP,FTV,www.fortive.com
A,USD,STD,INDL,C,026590,2021-12-31,FORTIVE CORP,FTV,www.fortive.com
A,USD,STD,INDL,C,026590,2022-12-31,FORTIVE CORP,FTV,www.fortive.com
A,USD,STD,INDL,C,026590,2023-12-31,FORTIVE CORP,FTV,www.fortive.com
A,USD,STD,INDL,C,026590,2024-12-31,FORTIVE CORP,FTV,www.fortive.com
A,USD,STD,INDL,C,026590,2025-12-31,FORTIVE CORP,FTV,www.fortive.com
A,USD,STD,INDL,C,027786,2010-12-31,EXPAND ENERGY CORP,EXE,www.expandenergy.com
A,USD,STD,INDL,C,027786,2011-12-31,EXPAND ENERGY CORP,EXE,www.expandenergy.com
A,USD,STD,INDL,C,027786,2012-12-31,EXPAND ENERGY CORP,EXE,www.expandenergy.com
A,USD,STD,INDL,C,027786,2013-12-31,EXPAND ENERGY CORP,EXE,www.expandenergy.com
A,USD,STD,INDL,C,027786,2014-12-31,EXPAND ENERGY CORP,EXE,www.expandenergy.com
A,USD,STD,INDL,C,027786,2015-12-31,EXPAND ENERGY CORP,EXE,www.expandenergy.com
A,USD,STD,INDL,C,027786,2016-12-31,EXPAND ENERGY CORP,EXE,www.expandenergy.com
A,USD,STD,INDL,C,027786,2017-12-31,EXPAND ENERGY CORP,EXE,www.expandenergy.com
A,USD,STD,INDL,C,027786,2018-12-31,EXPAND ENERGY CORP,EXE,www.expandenergy.com
A,USD,STD,INDL,C,027786,2019-12-31,EXPAND ENERGY CORP,EXE,www.expandenergy.com
A,USD,STD,INDL,C,027786,2020-12-31,EXPAND ENERGY CORP,EXE,www.expandenergy.com
A,USD,STD,INDL,C,027786,2021-12-31,EXPAND ENERGY CORP,EXE,www.expandenergy.com
A,USD,STD,INDL,C,027786,2022-12-31,EXPAND ENERGY CORP,EXE,www.expandenergy.com
A,USD,STD,INDL,C,027786,2023-12-31,EXPAND ENERGY CORP,EXE,www.expandenergy.com
A,USD,STD,INDL,C,027786,2024-12-31,EXPAND ENERGY CORP,EXE,www.expandenergy.com
A,USD,STD,INDL,C,027786,2025-12-31,EXPAND ENERGY CORP,EXE,www.expandenergy.com
A,USD,STD,INDL,C,027885,2014-12-31,TRADE DESK INC,TTD,www.thetradedesk.com
A,USD,STD,INDL,C,027885,2015-12-31,TRADE DESK INC,TTD,www.thetradedesk.com
A,USD,STD,INDL,C,027885,2016-12-31,TRADE DESK INC,TTD,www.thetradedesk.com
A,USD,STD,INDL,C,027885,2017-12-31,TRADE DESK INC,TTD,www.thetradedesk.com
A,USD,STD,INDL,C,027885,2018-12-31,TRADE DESK INC,TTD,www.thetradedesk.com
A,USD,STD,INDL,C,027885,2019-12-31,TRADE DESK INC,TTD,www.thetradedesk.com
A,USD,STD,INDL,C,027885,2020-12-31,TRADE DESK INC,TTD,www.thetradedesk.com
A,USD,STD,INDL,C,027885,2021-12-31,TRADE DESK INC,TTD,www.thetradedesk.com
A,USD,STD,INDL,C,027885,2022-12-31,TRADE DESK INC,TTD,www.thetradedesk.com
A,USD,STD,INDL,C,027885,2023-12-31,TRADE DESK INC,TTD,www.thetradedesk.com
A,USD,STD,INDL,C,027885,2024-12-31,TRADE DESK INC,TTD,www.thetradedesk.com
A,USD,STD,INDL,C,027885,2025-12-31,TRADE DESK INC,TTD,www.thetradedesk.com
A,USD,STD,FS,C,027914,2010-12-31,HUMANA INC,HUM,www.humana.com
A,USD,STD,INDL,C,027914,2010-12-31,HUMANA INC,HUM,www.humana.com
A,USD,STD,FS,C,027914,2011-12-31,HUMANA INC,HUM,www.humana.com
A,USD,STD,INDL,C,027914,2011-12-31,HUMANA INC,HUM,www.humana.com
A,USD,STD,FS,C,027914,2012-12-31,HUMANA INC,HUM,www.humana.com
A,USD,STD,INDL,C,027914,2012-12-31,HUMANA INC,HUM,www.humana.com
A,USD,STD,FS,C,027914,2013-12-31,HUMANA INC,HUM,www.humana.com
A,USD,STD,INDL,C,027914,2013-12-31,HUMANA INC,HUM,www.humana.com
A,USD,STD,FS,C,027914,2014-12-31,HUMANA INC,HUM,www.humana.com
A,USD,STD,INDL,C,027914,2014-12-31,HUMANA INC,HUM,www.humana.com
A,USD,STD,FS,C,027914,2015-12-31,HUMANA INC,HUM,www.humana.com
A,USD,STD,INDL,C,027914,2015-12-31,HUMANA INC,HUM,www.humana.com
A,USD,STD,FS,C,027914,2016-12-31,HUMANA INC,HUM,www.humana.com
A,USD,STD,INDL,C,027914,2016-12-31,HUMANA INC,HUM,www.humana.com
A,USD,STD,FS,C,027914,2017-12-31,HUMANA INC,HUM,www.humana.com
A,USD,STD,INDL,C,027914,2017-12-31,HUMANA INC,HUM,www.humana.com
A,USD,STD,FS,C,027914,2018-12-31,HUMANA INC,HUM,www.humana.com
A,USD,STD,INDL,C,027914,2018-12-31,HUMANA INC,HUM,www.humana.com
A,USD,STD,FS,C,027914,2019-12-31,HUMANA INC,HUM,www.humana.com
A,USD,STD,INDL,C,027914,2019-12-31,HUMANA INC,HUM,www.humana.com
A,USD,STD,FS,C,027914,2020-12-31,HUMANA INC,HUM,www.humana.com
A,USD,STD,INDL,C,027914,2020-12-31,HUMANA INC,HUM,www.humana.com
A,USD,STD,FS,C,027914,2021-12-31,HUMANA INC,HUM,www.humana.com
A,USD,STD,INDL,C,027914,2021-12-31,HUMANA INC,HUM,www.humana.com
A,USD,STD,FS,C,027914,2022-12-31,HUMANA INC,HUM,www.humana.com
A,USD,STD,INDL,C,027914,2022-12-31,HUMANA INC,HUM,www.humana.com
A,USD,STD,FS,C,027914,2023-12-31,HUMANA INC,HUM,www.humana.com
A,USD,STD,INDL,C,027914,2023-12-31,HUMANA INC,HUM,www.humana.com
A,USD,STD,FS,C,027914,2024-12-31,HUMANA INC,HUM,www.humana.com
A,USD,STD,INDL,C,027914,2024-12-31,HUMANA INC,HUM,www.humana.com
A,USD,STD,FS,C,027914,2025-12-31,HUMANA INC,HUM,www.humana.com
A,USD,STD,INDL,C,027914,2025-12-31,HUMANA INC,HUM,www.humana.com
A,USD,STD,INDL,C,027928,2010-07-31,INTUIT INC,INTU,www.intuit.com
A,USD,STD,INDL,C,027928,2011-07-31,INTUIT INC,INTU,www.intuit.com
A,USD,STD,INDL,C,027928,2012-07-31,INTUIT INC,INTU,www.intuit.com
A,USD,STD,INDL,C,027928,2013-07-31,INTUIT INC,INTU,www.intuit.com
A,USD,STD,INDL,C,027928,2014-07-31,INTUIT INC,INTU,www.intuit.com
A,USD,STD,INDL,C,027928,2015-07-31,INTUIT INC,INTU,www.intuit.com
A,USD,STD,INDL,C,027928,2016-07-31,INTUIT INC,INTU,www.intuit.com
A,USD,STD,INDL,C,027928,2017-07-31,INTUIT INC,INTU,www.intuit.com
A,USD,STD,INDL,C,027928,2018-07-31,INTUIT INC,INTU,www.intuit.com
A,USD,STD,INDL,C,027928,2019-07-31,INTUIT INC,INTU,www.intuit.com
A,USD,STD,INDL,C,027928,2020-07-31,INTUIT INC,INTU,www.intuit.com
A,USD,STD,INDL,C,027928,2021-07-31,INTUIT INC,INTU,www.intuit.com
A,USD,STD,INDL,C,027928,2022-07-31,INTUIT INC,INTU,www.intuit.com
A,USD,STD,INDL,C,027928,2023-07-31,INTUIT INC,INTU,www.intuit.com
A,USD,STD,INDL,C,027928,2024-07-31,INTUIT INC,INTU,www.intuit.com
A,USD,STD,INDL,C,027928,2025-07-31,INTUIT INC,INTU,www.intuit.com
A,USD,STD,INDL,C,027965,2010-03-31,MICROCHIP TECHNOLOGY INC,MCHP,www.microchip.com
A,USD,STD,INDL,C,027965,2011-03-31,MICROCHIP TECHNOLOGY INC,MCHP,www.microchip.com
A,USD,STD,INDL,C,027965,2012-03-31,MICROCHIP TECHNOLOGY INC,MCHP,www.microchip.com
A,USD,STD,INDL,C,027965,2013-03-31,MICROCHIP TECHNOLOGY INC,MCHP,www.microchip.com
A,USD,STD,INDL,C,027965,2014-03-31,MICROCHIP TECHNOLOGY INC,MCHP,www.microchip.com
A,USD,STD,INDL,C,027965,2015-03-31,MICROCHIP TECHNOLOGY INC,MCHP,www.microchip.com
A,USD,STD,INDL,C,027965,2016-03-31,MICROCHIP TECHNOLOGY INC,MCHP,www.microchip.com
A,USD,STD,INDL,C,027965,2017-03-31,MICROCHIP TECHNOLOGY INC,MCHP,www.microchip.com
A,USD,STD,INDL,C,027965,2018-03-31,MICROCHIP TECHNOLOGY INC,MCHP,www.microchip.com
A,USD,STD,INDL,C,027965,2019-03-31,MICROCHIP TECHNOLOGY INC,MCHP,www.microchip.com
A,USD,STD,INDL,C,027965,2020-03-31,MICROCHIP TECHNOLOGY INC,MCHP,www.microchip.com
A,USD,STD,INDL,C,027965,2021-03-31,MICROCHIP TECHNOLOGY INC,MCHP,www.microchip.com
A,USD,STD,INDL,C,027965,2022-03-31,MICROCHIP TECHNOLOGY INC,MCHP,www.microchip.com
A,USD,STD,INDL,C,027965,2023-03-31,MICROCHIP TECHNOLOGY INC,MCHP,www.microchip.com
A,USD,STD,INDL,C,027965,2024-03-31,MICROCHIP TECHNOLOGY INC,MCHP,www.microchip.com
A,USD,STD,INDL,C,027965,2025-03-31,MICROCHIP TECHNOLOGY INC,MCHP,www.microchip.com
A,USD,STD,FS,C,028034,2010-12-31,CHUBB LTD,CB,www.chubb.com
A,USD,STD,INDL,C,028034,2010-12-31,CHUBB LTD,CB,www.chubb.com
A,USD,STD,FS,C,028034,2011-12-31,CHUBB LTD,CB,www.chubb.com
A,USD,STD,INDL,C,028034,2011-12-31,CHUBB LTD,CB,www.chubb.com
A,USD,STD,FS,C,028034,2012-12-31,CHUBB LTD,CB,www.chubb.com
A,USD,STD,INDL,C,028034,2012-12-31,CHUBB LTD,CB,www.chubb.com
A,USD,STD,FS,C,028034,2013-12-31,CHUBB LTD,CB,www.chubb.com
A,USD,STD,INDL,C,028034,2013-12-31,CHUBB LTD,CB,www.chubb.com
A,USD,STD,FS,C,028034,2014-12-31,CHUBB LTD,CB,www.chubb.com
A,USD,STD,INDL,C,028034,2014-12-31,CHUBB LTD,CB,www.chubb.com
A,USD,STD,FS,C,028034,2015-12-31,CHUBB LTD,CB,www.chubb.com
A,USD,STD,INDL,C,028034,2015-12-31,CHUBB LTD,CB,www.chubb.com
A,USD,STD,FS,C,028034,2016-12-31,CHUBB LTD,CB,www.chubb.com
A,USD,STD,INDL,C,028034,2016-12-31,CHUBB LTD,CB,www.chubb.com
A,USD,STD,FS,C,028034,2017-12-31,CHUBB LTD,CB,www.chubb.com
A,USD,STD,INDL,C,028034,2017-12-31,CHUBB LTD,CB,www.chubb.com
A,USD,STD,FS,C,028034,2018-12-31,CHUBB LTD,CB,www.chubb.com
A,USD,STD,INDL,C,028034,2018-12-31,CHUBB LTD,CB,www.chubb.com
A,USD,STD,FS,C,028034,2019-12-31,CHUBB LTD,CB,www.chubb.com
A,USD,STD,INDL,C,028034,2019-12-31,CHUBB LTD,CB,www.chubb.com
A,USD,STD,FS,C,028034,2020-12-31,CHUBB LTD,CB,www.chubb.com
A,USD,STD,INDL,C,028034,2020-12-31,CHUBB LTD,CB,www.chubb.com
A,USD,STD,FS,C,028034,2021-12-31,CHUBB LTD,CB,www.chubb.com
A,USD,STD,INDL,C,028034,2021-12-31,CHUBB LTD,CB,www.chubb.com
A,USD,STD,FS,C,028034,2022-12-31,CHUBB LTD,CB,www.chubb.com
A,USD,STD,INDL,C,028034,2022-12-31,CHUBB LTD,CB,www.chubb.com
A,USD,STD,FS,C,028034,2023-12-31,CHUBB LTD,CB,www.chubb.com
A,USD,STD,INDL,C,028034,2023-12-31,CHUBB LTD,CB,www.chubb.com
A,USD,STD,FS,C,028034,2024-12-31,CHUBB LTD,CB,www.chubb.com
A,USD,STD,INDL,C,028034,2024-12-31,CHUBB LTD,CB,www.chubb.com
A,USD,STD,FS,C,028034,2025-12-31,CHUBB LTD,CB,www.chubb.com
A,USD,STD,INDL,C,028034,2025-12-31,CHUBB LTD,CB,www.chubb.com
A,USD,STD,INDL,C,028180,2010-12-31,O'REILLY AUTOMOTIVE INC,ORLY,www.oreillyauto.com
A,USD,STD,INDL,C,028180,2011-12-31,O'REILLY AUTOMOTIVE INC,ORLY,www.oreillyauto.com
A,USD,STD,INDL,C,028180,2012-12-31,O'REILLY AUTOMOTIVE INC,ORLY,www.oreillyauto.com
A,USD,STD,INDL,C,028180,2013-12-31,O'REILLY AUTOMOTIVE INC,ORLY,www.oreillyauto.com
A,USD,STD,INDL,C,028180,2014-12-31,O'REILLY AUTOMOTIVE INC,ORLY,www.oreillyauto.com
A,USD,STD,INDL,C,028180,2015-12-31,O'REILLY AUTOMOTIVE INC,ORLY,www.oreillyauto.com
A,USD,STD,INDL,C,028180,2016-12-31,O'REILLY AUTOMOTIVE INC,ORLY,www.oreillyauto.com
A,USD,STD,INDL,C,028180,2017-12-31,O'REILLY AUTOMOTIVE INC,ORLY,www.oreillyauto.com
A,USD,STD,INDL,C,028180,2018-12-31,O'REILLY AUTOMOTIVE INC,ORLY,www.oreillyauto.com
A,USD,STD,INDL,C,028180,2019-12-31,O'REILLY AUTOMOTIVE INC,ORLY,www.oreillyauto.com
A,USD,STD,INDL,C,028180,2020-12-31,O'REILLY AUTOMOTIVE INC,ORLY,www.oreillyauto.com
A,USD,STD,INDL,C,028180,2021-12-31,O'REILLY AUTOMOTIVE INC,ORLY,www.oreillyauto.com
A,USD,STD,INDL,C,028180,2022-12-31,O'REILLY AUTOMOTIVE INC,ORLY,www.oreillyauto.com
A,USD,STD,INDL,C,028180,2023-12-31,O'REILLY AUTOMOTIVE INC,ORLY,www.oreillyauto.com
A,USD,STD,INDL,C,028180,2024-12-31,O'REILLY AUTOMOTIVE INC,ORLY,www.oreillyauto.com
A,USD,STD,INDL,C,028180,2025-12-31,O'REILLY AUTOMOTIVE INC,ORLY,www.oreillyauto.com
A,USD,STD,INDL,C,028191,2010-12-31,ROYAL CARIBBEAN GROUP,RCL,www.rclinvestor.com
A,USD,STD,INDL,C,028191,2011-12-31,ROYAL CARIBBEAN GROUP,RCL,www.rclinvestor.com
A,USD,STD,INDL,C,028191,2012-12-31,ROYAL CARIBBEAN GROUP,RCL,www.rclinvestor.com
A,USD,STD,INDL,C,028191,2013-12-31,ROYAL CARIBBEAN GROUP,RCL,www.rclinvestor.com
A,USD,STD,INDL,C,028191,2014-12-31,ROYAL CARIBBEAN GROUP,RCL,www.rclinvestor.com
A,USD,STD,INDL,C,028191,2015-12-31,ROYAL CARIBBEAN GROUP,RCL,www.rclinvestor.com
A,USD,STD,INDL,C,028191,2016-12-31,ROYAL CARIBBEAN GROUP,RCL,www.rclinvestor.com
A,USD,STD,INDL,C,028191,2017-12-31,ROYAL CARIBBEAN GROUP,RCL,www.rclinvestor.com
A,USD,STD,INDL,C,028191,2018-12-31,ROYAL CARIBBEAN GROUP,RCL,www.rclinvestor.com
A,USD,STD,INDL,C,028191,2019-12-31,ROYAL CARIBBEAN GROUP,RCL,www.rclinvestor.com
A,USD,STD,INDL,C,028191,2020-12-31,ROYAL CARIBBEAN GROUP,RCL,www.rclinvestor.com
A,USD,STD,INDL,C,028191,2021-12-31,ROYAL CARIBBEAN GROUP,RCL,www.rclinvestor.com
A,USD,STD,INDL,C,028191,2022-12-31,ROYAL CARIBBEAN GROUP,RCL,www.rclinvestor.com
A,USD,STD,INDL,C,028191,2023-12-31,ROYAL CARIBBEAN GROUP,RCL,www.rclinvestor.com
A,USD,STD,INDL,C,028191,2024-12-31,ROYAL CARIBBEAN GROUP,RCL,www.rclinvestor.com
A,USD,STD,INDL,C,028191,2025-12-31,ROYAL CARIBBEAN GROUP,RCL,www.rclinvestor.com
A,USD,STD,INDL,C,028192,2015-12-31,HOWMET AEROSPACE INC,HWM,www.howmet.com
A,USD,STD,INDL,C,028192,2016-12-31,HOWMET AEROSPACE INC,HWM,www.howmet.com
A,USD,STD,INDL,C,028192,2017-12-31,HOWMET AEROSPACE INC,HWM,www.howmet.com
A,USD,STD,INDL,C,028192,2018-12-31,HOWMET AEROSPACE INC,HWM,www.howmet.com
A,USD,STD,INDL,C,028192,2019-12-31,HOWMET AEROSPACE INC,HWM,www.howmet.com
A,USD,STD,INDL,C,028192,2020-12-31,HOWMET AEROSPACE INC,HWM,www.howmet.com
A,USD,STD,INDL,C,028192,2021-12-31,HOWMET AEROSPACE INC,HWM,www.howmet.com
A,USD,STD,INDL,C,028192,2022-12-31,HOWMET AEROSPACE INC,HWM,www.howmet.com
A,USD,STD,INDL,C,028192,2023-12-31,HOWMET AEROSPACE INC,HWM,www.howmet.com
A,USD,STD,INDL,C,028192,2024-12-31,HOWMET AEROSPACE INC,HWM,www.howmet.com
A,USD,STD,INDL,C,028192,2025-12-31,HOWMET AEROSPACE INC,HWM,www.howmet.com
A,USD,STD,INDL,C,028195,2010-08-31,JABIL INC,JBL,www.jabil.com
A,USD,STD,INDL,C,028195,2011-08-31,JABIL INC,JBL,www.jabil.com
A,USD,STD,INDL,C,028195,2012-08-31,JABIL INC,JBL,www.jabil.com
A,USD,STD,INDL,C,028195,2013-08-31,JABIL INC,JBL,www.jabil.com
A,USD,STD,INDL,C,028195,2014-08-31,JABIL INC,JBL,www.jabil.com
A,USD,STD,INDL,C,028195,2015-08-31,JABIL INC,JBL,www.jabil.com
A,USD,STD,INDL,C,028195,2016-08-31,JABIL INC,JBL,www.jabil.com
A,USD,STD,INDL,C,028195,2017-08-31,JABIL INC,JBL,www.jabil.com
A,USD,STD,INDL,C,028195,2018-08-31,JABIL INC,JBL,www.jabil.com
A,USD,STD,INDL,C,028195,2019-08-31,JABIL INC,JBL,www.jabil.com
A,USD,STD,INDL,C,028195,2020-08-31,JABIL INC,JBL,www.jabil.com
A,USD,STD,INDL,C,028195,2021-08-31,JABIL INC,JBL,www.jabil.com
A,USD,STD,INDL,C,028195,2022-08-31,JABIL INC,JBL,www.jabil.com
A,USD,STD,INDL,C,028195,2023-08-31,JABIL INC,JBL,www.jabil.com
A,USD,STD,INDL,C,028195,2024-08-31,JABIL INC,JBL,www.jabil.com
A,USD,STD,INDL,C,028195,2025-08-31,JABIL INC,JBL,www.jabil.com
A,USD,STD,INDL,C,028320,2010-12-31,CDW CORP,CDW,www.cdw.com
A,USD,STD,INDL,C,028320,2011-12-31,CDW CORP,CDW,www.cdw.com
A,USD,STD,INDL,C,028320,2012-12-31,CDW CORP,CDW,www.cdw.com
A,USD,STD,INDL,C,028320,2013-12-31,CDW CORP,CDW,www.cdw.com
A,USD,STD,INDL,C,028320,2014-12-31,CDW CORP,CDW,www.cdw.com
A,USD,STD,INDL,C,028320,2015-12-31,CDW CORP,CDW,www.cdw.com
A,USD,STD,INDL,C,028320,2016-12-31,CDW CORP,CDW,www.cdw.com
A,USD,STD,INDL,C,028320,2017-12-31,CDW CORP,CDW,www.cdw.com
A,USD,STD,INDL,C,028320,2018-12-31,CDW CORP,CDW,www.cdw.com
A,USD,STD,INDL,C,028320,2019-12-31,CDW CORP,CDW,www.cdw.com
A,USD,STD,INDL,C,028320,2020-12-31,CDW CORP,CDW,www.cdw.com
A,USD,STD,INDL,C,028320,2021-12-31,CDW CORP,CDW,www.cdw.com
A,USD,STD,INDL,C,028320,2022-12-31,CDW CORP,CDW,www.cdw.com
A,USD,STD,INDL,C,028320,2023-12-31,CDW CORP,CDW,www.cdw.com
A,USD,STD,INDL,C,028320,2024-12-31,CDW CORP,CDW,www.cdw.com
A,USD,STD,INDL,C,028320,2025-12-31,CDW CORP,CDW,www.cdw.com
A,USD,STD,FS,C,028349,2010-12-31,ALLSTATE CORP,ALL,www.allstate.com
A,USD,STD,INDL,C,028349,2010-12-31,ALLSTATE CORP,ALL,www.allstate.com
A,USD,STD,FS,C,028349,2011-12-31,ALLSTATE CORP,ALL,www.allstate.com
A,USD,STD,INDL,C,028349,2011-12-31,ALLSTATE CORP,ALL,www.allstate.com
A,USD,STD,FS,C,028349,2012-12-31,ALLSTATE CORP,ALL,www.allstate.com
A,USD,STD,INDL,C,028349,2012-12-31,ALLSTATE CORP,ALL,www.allstate.com
A,USD,STD,FS,C,028349,2013-12-31,ALLSTATE CORP,ALL,www.allstate.com
A,USD,STD,INDL,C,028349,2013-12-31,ALLSTATE CORP,ALL,www.allstate.com
A,USD,STD,FS,C,028349,2014-12-31,ALLSTATE CORP,ALL,www.allstate.com
A,USD,STD,INDL,C,028349,2014-12-31,ALLSTATE CORP,ALL,www.allstate.com
A,USD,STD,FS,C,028349,2015-12-31,ALLSTATE CORP,ALL,www.allstate.com
A,USD,STD,INDL,C,028349,2015-12-31,ALLSTATE CORP,ALL,www.allstate.com
A,USD,STD,FS,C,028349,2016-12-31,ALLSTATE CORP,ALL,www.allstate.com
A,USD,STD,INDL,C,028349,2016-12-31,ALLSTATE CORP,ALL,www.allstate.com
A,USD,STD,FS,C,028349,2017-12-31,ALLSTATE CORP,ALL,www.allstate.com
A,USD,STD,INDL,C,028349,2017-12-31,ALLSTATE CORP,ALL,www.allstate.com
A,USD,STD,FS,C,028349,2018-12-31,ALLSTATE CORP,ALL,www.allstate.com
A,USD,STD,INDL,C,028349,2018-12-31,ALLSTATE CORP,ALL,www.allstate.com
A,USD,STD,FS,C,028349,2019-12-31,ALLSTATE CORP,ALL,www.allstate.com
A,USD,STD,INDL,C,028349,2019-12-31,ALLSTATE CORP,ALL,www.allstate.com
A,USD,STD,FS,C,028349,2020-12-31,ALLSTATE CORP,ALL,www.allstate.com
A,USD,STD,INDL,C,028349,2020-12-31,ALLSTATE CORP,ALL,www.allstate.com
A,USD,STD,FS,C,028349,2021-12-31,ALLSTATE CORP,ALL,www.allstate.com
A,USD,STD,INDL,C,028349,2021-12-31,ALLSTATE CORP,ALL,www.allstate.com
A,USD,STD,FS,C,028349,2022-12-31,ALLSTATE CORP,ALL,www.allstate.com
A,USD,STD,INDL,C,028349,2022-12-31,ALLSTATE CORP,ALL,www.allstate.com
A,USD,STD,FS,C,028349,2023-12-31,ALLSTATE CORP,ALL,www.allstate.com
A,USD,STD,INDL,C,028349,2023-12-31,ALLSTATE CORP,ALL,www.allstate.com
A,USD,STD,FS,C,028349,2024-12-31,ALLSTATE CORP,ALL,www.allstate.com
A,USD,STD,INDL,C,028349,2024-12-31,ALLSTATE CORP,ALL,www.allstate.com
A,USD,STD,FS,C,028349,2025-12-31,ALLSTATE CORP,ALL,www.allstate.com
A,USD,STD,INDL,C,028349,2025-12-31,ALLSTATE CORP,ALL,www.allstate.com
A,USD,STD,FS,C,028629,2010-12-31,CAMDEN PROPERTY TRUST,CPT,www.camdenliving.com
A,USD,STD,INDL,C,028629,2010-12-31,CAMDEN PROPERTY TRUST,CPT,www.camdenliving.com
A,USD,STD,FS,C,028629,2011-12-31,CAMDEN PROPERTY TRUST,CPT,www.camdenliving.com
A,USD,STD,INDL,C,028629,2011-12-31,CAMDEN PROPERTY TRUST,CPT,www.camdenliving.com
A,USD,STD,FS,C,028629,2012-12-31,CAMDEN PROPERTY TRUST,CPT,www.camdenliving.com
A,USD,STD,INDL,C,028629,2012-12-31,CAMDEN PROPERTY TRUST,CPT,www.camdenliving.com
A,USD,STD,FS,C,028629,2013-12-31,CAMDEN PROPERTY TRUST,CPT,www.camdenliving.com
A,USD,STD,INDL,C,028629,2013-12-31,CAMDEN PROPERTY TRUST,CPT,www.camdenliving.com
A,USD,STD,FS,C,028629,2014-12-31,CAMDEN PROPERTY TRUST,CPT,www.camdenliving.com
A,USD,STD,INDL,C,028629,2014-12-31,CAMDEN PROPERTY TRUST,CPT,www.camdenliving.com
A,USD,STD,FS,C,028629,2015-12-31,CAMDEN PROPERTY TRUST,CPT,www.camdenliving.com
A,USD,STD,INDL,C,028629,2015-12-31,CAMDEN PROPERTY TRUST,CPT,www.camdenliving.com
A,USD,STD,FS,C,028629,2016-12-31,CAMDEN PROPERTY TRUST,CPT,www.camdenliving.com
A,USD,STD,INDL,C,028629,2016-12-31,CAMDEN PROPERTY TRUST,CPT,www.camdenliving.com
A,USD,STD,FS,C,028629,2017-12-31,CAMDEN PROPERTY TRUST,CPT,www.camdenliving.com
A,USD,STD,INDL,C,028629,2017-12-31,CAMDEN PROPERTY TRUST,CPT,www.camdenliving.com
A,USD,STD,FS,C,028629,2018-12-31,CAMDEN PROPERTY TRUST,CPT,www.camdenliving.com
A,USD,STD,INDL,C,028629,2018-12-31,CAMDEN PROPERTY TRUST,CPT,www.camdenliving.com
A,USD,STD,FS,C,028629,2019-12-31,CAMDEN PROPERTY TRUST,CPT,www.camdenliving.com
A,USD,STD,INDL,C,028629,2019-12-31,CAMDEN PROPERTY TRUST,CPT,www.camdenliving.com
A,USD,STD,FS,C,028629,2020-12-31,CAMDEN PROPERTY TRUST,CPT,www.camdenliving.com
A,USD,STD,INDL,C,028629,2020-12-31,CAMDEN PROPERTY TRUST,CPT,www.camdenliving.com
A,USD,STD,FS,C,028629,2021-12-31,CAMDEN PROPERTY TRUST,CPT,www.camdenliving.com
A,USD,STD,INDL,C,028629,2021-12-31,CAMDEN PROPERTY TRUST,CPT,www.camdenliving.com
A,USD,STD,FS,C,028629,2022-12-31,CAMDEN PROPERTY TRUST,CPT,www.camdenliving.com
A,USD,STD,INDL,C,028629,2022-12-31,CAMDEN PROPERTY TRUST,CPT,www.camdenliving.com
A,USD,STD,FS,C,028629,2023-12-31,CAMDEN PROPERTY TRUST,CPT,www.camdenliving.com
A,USD,STD,INDL,C,028629,2023-12-31,CAMDEN PROPERTY TRUST,CPT,www.camdenliving.com
A,USD,STD,FS,C,028629,2024-12-31,CAMDEN PROPERTY TRUST,CPT,www.camdenliving.com
A,USD,STD,INDL,C,028629,2024-12-31,CAMDEN PROPERTY TRUST,CPT,www.camdenliving.com
A,USD,STD,FS,C,028629,2025-12-31,CAMDEN PROPERTY TRUST,CPT,www.camdenliving.com
A,USD,STD,INDL,C,028629,2025-12-31,CAMDEN PROPERTY TRUST,CPT,www.camdenliving.com
A,USD,STD,FS,C,028733,2010-12-31,EQUITY RESIDENTIAL,EQR,www.equityapartments.com
A,USD,STD,INDL,C,028733,2010-12-31,EQUITY RESIDENTIAL,EQR,www.equityapartments.com
A,USD,STD,FS,C,028733,2011-12-31,EQUITY RESIDENTIAL,EQR,www.equityapartments.com
A,USD,STD,INDL,C,028733,2011-12-31,EQUITY RESIDENTIAL,EQR,www.equityapartments.com
A,USD,STD,FS,C,028733,2012-12-31,EQUITY RESIDENTIAL,EQR,www.equityapartments.com
A,USD,STD,INDL,C,028733,2012-12-31,EQUITY RESIDENTIAL,EQR,www.equityapartments.com
A,USD,STD,FS,C,028733,2013-12-31,EQUITY RESIDENTIAL,EQR,www.equityapartments.com
A,USD,STD,INDL,C,028733,2013-12-31,EQUITY RESIDENTIAL,EQR,www.equityapartments.com
A,USD,STD,FS,C,028733,2014-12-31,EQUITY RESIDENTIAL,EQR,www.equityapartments.com
A,USD,STD,INDL,C,028733,2014-12-31,EQUITY RESIDENTIAL,EQR,www.equityapartments.com
A,USD,STD,FS,C,028733,2015-12-31,EQUITY RESIDENTIAL,EQR,www.equityapartments.com
A,USD,STD,INDL,C,028733,2015-12-31,EQUITY RESIDENTIAL,EQR,www.equityapartments.com
A,USD,STD,FS,C,028733,2016-12-31,EQUITY RESIDENTIAL,EQR,www.equityapartments.com
A,USD,STD,INDL,C,028733,2016-12-31,EQUITY RESIDENTIAL,EQR,www.equityapartments.com
A,USD,STD,FS,C,028733,2017-12-31,EQUITY RESIDENTIAL,EQR,www.equityapartments.com
A,USD,STD,INDL,C,028733,2017-12-31,EQUITY RESIDENTIAL,EQR,www.equityapartments.com
A,USD,STD,FS,C,028733,2018-12-31,EQUITY RESIDENTIAL,EQR,www.equityapartments.com
A,USD,STD,INDL,C,028733,2018-12-31,EQUITY RESIDENTIAL,EQR,www.equityapartments.com
A,USD,STD,FS,C,028733,2019-12-31,EQUITY RESIDENTIAL,EQR,www.equityapartments.com
A,USD,STD,INDL,C,028733,2019-12-31,EQUITY RESIDENTIAL,EQR,www.equityapartments.com
A,USD,STD,FS,C,028733,2020-12-31,EQUITY RESIDENTIAL,EQR,www.equityapartments.com
A,USD,STD,INDL,C,028733,2020-12-31,EQUITY RESIDENTIAL,EQR,www.equityapartments.com
A,USD,STD,FS,C,028733,2021-12-31,EQUITY RESIDENTIAL,EQR,www.equityapartments.com
A,USD,STD,INDL,C,028733,2021-12-31,EQUITY RESIDENTIAL,EQR,www.equityapartments.com
A,USD,STD,FS,C,028733,2022-12-31,EQUITY RESIDENTIAL,EQR,www.equityapartments.com
A,USD,STD,INDL,C,028733,2022-12-31,EQUITY RESIDENTIAL,EQR,www.equityapartments.com
A,USD,STD,FS,C,028733,2023-12-31,EQUITY RESIDENTIAL,EQR,www.equityapartments.com
A,USD,STD,INDL,C,028733,2023-12-31,EQUITY RESIDENTIAL,EQR,www.equityapartments.com
A,USD,STD,FS,C,028733,2024-12-31,EQUITY RESIDENTIAL,EQR,www.equityapartments.com
A,USD,STD,INDL,C,028733,2024-12-31,EQUITY RESIDENTIAL,EQR,www.equityapartments.com
A,USD,STD,FS,C,028733,2025-12-31,EQUITY RESIDENTIAL,EQR,www.equityapartments.com
A,USD,STD,INDL,C,028733,2025-12-31,EQUITY RESIDENTIAL,EQR,www.equityapartments.com
A,USD,STD,INDL,C,028877,2010-09-30,KEURIG DR PEPPER INC,KDP,www.keurigdrpepper.com
A,USD,STD,INDL,C,028877,2011-09-30,KEURIG DR PEPPER INC,KDP,www.keurigdrpepper.com
A,USD,STD,INDL,C,028877,2012-09-30,KEURIG DR PEPPER INC,KDP,www.keurigdrpepper.com
A,USD,STD,INDL,C,028877,2013-09-30,KEURIG DR PEPPER INC,KDP,www.keurigdrpepper.com
A,USD,STD,INDL,C,028877,2014-09-30,KEURIG DR PEPPER INC,KDP,www.keurigdrpepper.com
A,USD,STD,INDL,C,028877,2015-09-30,KEURIG DR PEPPER INC,KDP,www.keurigdrpepper.com
A,USD,STD,INDL,C,028877,2016-09-30,KEURIG DR PEPPER INC,KDP,www.keurigdrpepper.com
A,USD,STD,INDL,C,028877,2017-09-30,KEURIG DR PEPPER INC,KDP,www.keurigdrpepper.com
A,USD,STD,INDL,C,028877,2018-12-31,KEURIG DR PEPPER INC,KDP,www.keurigdrpepper.com
A,USD,STD,INDL,C,028877,2019-12-31,KEURIG DR PEPPER INC,KDP,www.keurigdrpepper.com
A,USD,STD,INDL,C,028877,2020-12-31,KEURIG DR PEPPER INC,KDP,www.keurigdrpepper.com
A,USD,STD,INDL,C,028877,2021-12-31,KEURIG DR PEPPER INC,KDP,www.keurigdrpepper.com
A,USD,STD,INDL,C,028877,2022-12-31,KEURIG DR PEPPER INC,KDP,www.keurigdrpepper.com
A,USD,STD,INDL,C,028877,2023-12-31,KEURIG DR PEPPER INC,KDP,www.keurigdrpepper.com
A,USD,STD,INDL,C,028877,2024-12-31,KEURIG DR PEPPER INC,KDP,www.keurigdrpepper.com
A,USD,STD,INDL,C,028877,2025-12-31,KEURIG DR PEPPER INC,KDP,www.keurigdrpepper.com
A,USD,STD,INDL,C,028930,2010-12-31,MARRIOTT INTL INC,MAR,www.marriott.com
A,USD,STD,INDL,C,028930,2011-12-31,MARRIOTT INTL INC,MAR,www.marriott.com
A,USD,STD,INDL,C,028930,2012-12-31,MARRIOTT INTL INC,MAR,www.marriott.com
A,USD,STD,INDL,C,028930,2013-12-31,MARRIOTT INTL INC,MAR,www.marriott.com
A,USD,STD,INDL,C,028930,2014-12-31,MARRIOTT INTL INC,MAR,www.marriott.com
A,USD,STD,INDL,C,028930,2015-12-31,MARRIOTT INTL INC,MAR,www.marriott.com
A,USD,STD,INDL,C,028930,2016-12-31,MARRIOTT INTL INC,MAR,www.marriott.com
A,USD,STD,INDL,C,028930,2017-12-31,MARRIOTT INTL INC,MAR,www.marriott.com
A,USD,STD,INDL,C,028930,2018-12-31,MARRIOTT INTL INC,MAR,www.marriott.com
A,USD,STD,INDL,C,028930,2019-12-31,MARRIOTT INTL INC,MAR,www.marriott.com
A,USD,STD,INDL,C,028930,2020-12-31,MARRIOTT INTL INC,MAR,www.marriott.com
A,USD,STD,INDL,C,028930,2021-12-31,MARRIOTT INTL INC,MAR,www.marriott.com
A,USD,STD,INDL,C,028930,2022-12-31,MARRIOTT INTL INC,MAR,www.marriott.com
A,USD,STD,INDL,C,028930,2023-12-31,MARRIOTT INTL INC,MAR,www.marriott.com
A,USD,STD,INDL,C,028930,2024-12-31,MARRIOTT INTL INC,MAR,www.marriott.com
A,USD,STD,INDL,C,028930,2025-12-31,MARRIOTT INTL INC,MAR,www.marriott.com
A,USD,STD,INDL,C,029015,2010-12-31,DECKERS OUTDOOR CORP,DECK,www.deckers.com
A,USD,STD,INDL,C,029015,2011-12-31,DECKERS OUTDOOR CORP,DECK,www.deckers.com
A,USD,STD,INDL,C,029015,2012-12-31,DECKERS OUTDOOR CORP,DECK,www.deckers.com
A,USD,STD,INDL,C,029015,2013-12-31,DECKERS OUTDOOR CORP,DECK,www.deckers.com
A,USD,STD,INDL,C,029015,2015-03-31,DECKERS OUTDOOR CORP,DECK,www.deckers.com
A,USD,STD,INDL,C,029015,2016-03-31,DECKERS OUTDOOR CORP,DECK,www.deckers.com
A,USD,STD,INDL,C,029015,2017-03-31,DECKERS OUTDOOR CORP,DECK,www.deckers.com
A,USD,STD,INDL,C,029015,2018-03-31,DECKERS OUTDOOR CORP,DECK,www.deckers.com
A,USD,STD,INDL,C,029015,2019-03-31,DECKERS OUTDOOR CORP,DECK,www.deckers.com
A,USD,STD,INDL,C,029015,2020-03-31,DECKERS OUTDOOR CORP,DECK,www.deckers.com
A,USD,STD,INDL,C,029015,2021-03-31,DECKERS OUTDOOR CORP,DECK,www.deckers.com
A,USD,STD,INDL,C,029015,2022-03-31,DECKERS OUTDOOR CORP,DECK,www.deckers.com
A,USD,STD,INDL,C,029015,2023-03-31,DECKERS OUTDOOR CORP,DECK,www.deckers.com
A,USD,STD,INDL,C,029015,2024-03-31,DECKERS OUTDOOR CORP,DECK,www.deckers.com
A,USD,STD,INDL,C,029015,2025-03-31,DECKERS OUTDOOR CORP,DECK,www.deckers.com
A,USD,STD,INDL,C,029028,2010-08-31,COSTCO WHOLESALE CORP,COST,www.costco.com
A,USD,STD,INDL,C,029028,2011-08-31,COSTCO WHOLESALE CORP,COST,www.costco.com
A,USD,STD,INDL,C,029028,2012-08-31,COSTCO WHOLESALE CORP,COST,www.costco.com
A,USD,STD,INDL,C,029028,2013-08-31,COSTCO WHOLESALE CORP,COST,www.costco.com
A,USD,STD,INDL,C,029028,2014-08-31,COSTCO WHOLESALE CORP,COST,www.costco.com
A,USD,STD,INDL,C,029028,2015-08-31,COSTCO WHOLESALE CORP,COST,www.costco.com
A,USD,STD,INDL,C,029028,2016-08-31,COSTCO WHOLESALE CORP,COST,www.costco.com
A,USD,STD,INDL,C,029028,2017-08-31,COSTCO WHOLESALE CORP,COST,www.costco.com
A,USD,STD,INDL,C,029028,2018-08-31,COSTCO WHOLESALE CORP,COST,www.costco.com
A,USD,STD,INDL,C,029028,2019-08-31,COSTCO WHOLESALE CORP,COST,www.costco.com
A,USD,STD,INDL,C,029028,2020-08-31,COSTCO WHOLESALE CORP,COST,www.costco.com
A,USD,STD,INDL,C,029028,2021-08-31,COSTCO WHOLESALE CORP,COST,www.costco.com
A,USD,STD,INDL,C,029028,2022-08-31,COSTCO WHOLESALE CORP,COST,www.costco.com
A,USD,STD,INDL,C,029028,2023-08-31,COSTCO WHOLESALE CORP,COST,www.costco.com
A,USD,STD,INDL,C,029028,2024-08-31,COSTCO WHOLESALE CORP,COST,www.costco.com
A,USD,STD,INDL,C,029028,2025-08-31,COSTCO WHOLESALE CORP,COST,www.costco.com
A,USD,STD,FS,C,029099,2010-12-31,REGENCY CENTERS CORP,REG,www.regencycenters.com
A,USD,STD,INDL,C,029099,2010-12-31,REGENCY CENTERS CORP,REG,www.regencycenters.com
A,USD,STD,FS,C,029099,2011-12-31,REGENCY CENTERS CORP,REG,www.regencycenters.com
A,USD,STD,INDL,C,029099,2011-12-31,REGENCY CENTERS CORP,REG,www.regencycenters.com
A,USD,STD,FS,C,029099,2012-12-31,REGENCY CENTERS CORP,REG,www.regencycenters.com
A,USD,STD,INDL,C,029099,2012-12-31,REGENCY CENTERS CORP,REG,www.regencycenters.com
A,USD,STD,FS,C,029099,2013-12-31,REGENCY CENTERS CORP,REG,www.regencycenters.com
A,USD,STD,INDL,C,029099,2013-12-31,REGENCY CENTERS CORP,REG,www.regencycenters.com
A,USD,STD,FS,C,029099,2014-12-31,REGENCY CENTERS CORP,REG,www.regencycenters.com
A,USD,STD,INDL,C,029099,2014-12-31,REGENCY CENTERS CORP,REG,www.regencycenters.com
A,USD,STD,FS,C,029099,2015-12-31,REGENCY CENTERS CORP,REG,www.regencycenters.com
A,USD,STD,INDL,C,029099,2015-12-31,REGENCY CENTERS CORP,REG,www.regencycenters.com
A,USD,STD,FS,C,029099,2016-12-31,REGENCY CENTERS CORP,REG,www.regencycenters.com
A,USD,STD,INDL,C,029099,2016-12-31,REGENCY CENTERS CORP,REG,www.regencycenters.com
A,USD,STD,FS,C,029099,2017-12-31,REGENCY CENTERS CORP,REG,www.regencycenters.com
A,USD,STD,INDL,C,029099,2017-12-31,REGENCY CENTERS CORP,REG,www.regencycenters.com
A,USD,STD,FS,C,029099,2018-12-31,REGENCY CENTERS CORP,REG,www.regencycenters.com
A,USD,STD,INDL,C,029099,2018-12-31,REGENCY CENTERS CORP,REG,www.regencycenters.com
A,USD,STD,FS,C,029099,2019-12-31,REGENCY CENTERS CORP,REG,www.regencycenters.com
A,USD,STD,INDL,C,029099,2019-12-31,REGENCY CENTERS CORP,REG,www.regencycenters.com
A,USD,STD,FS,C,029099,2020-12-31,REGENCY CENTERS CORP,REG,www.regencycenters.com
A,USD,STD,INDL,C,029099,2020-12-31,REGENCY CENTERS CORP,REG,www.regencycenters.com
A,USD,STD,FS,C,029099,2021-12-31,REGENCY CENTERS CORP,REG,www.regencycenters.com
A,USD,STD,INDL,C,029099,2021-12-31,REGENCY CENTERS CORP,REG,www.regencycenters.com
A,USD,STD,FS,C,029099,2022-12-31,REGENCY CENTERS CORP,REG,www.regencycenters.com
A,USD,STD,INDL,C,029099,2022-12-31,REGENCY CENTERS CORP,REG,www.regencycenters.com
A,USD,STD,FS,C,029099,2023-12-31,REGENCY CENTERS CORP,REG,www.regencycenters.com
A,USD,STD,INDL,C,029099,2023-12-31,REGENCY CENTERS CORP,REG,www.regencycenters.com
A,USD,STD,FS,C,029099,2024-12-31,REGENCY CENTERS CORP,REG,www.regencycenters.com
A,USD,STD,INDL,C,029099,2024-12-31,REGENCY CENTERS CORP,REG,www.regencycenters.com
A,USD,STD,FS,C,029099,2025-12-31,REGENCY CENTERS CORP,REG,www.regencycenters.com
A,USD,STD,INDL,C,029099,2025-12-31,REGENCY CENTERS CORP,REG,www.regencycenters.com
A,USD,STD,INDL,C,029127,2010-12-31,INCYTE CORP,INCY,www.incyte.com
A,USD,STD,INDL,C,029127,2011-12-31,INCYTE CORP,INCY,www.incyte.com
A,USD,STD,INDL,C,029127,2012-12-31,INCYTE CORP,INCY,www.incyte.com
A,USD,STD,INDL,C,029127,2013-12-31,INCYTE CORP,INCY,www.incyte.com
A,USD,STD,INDL,C,029127,2014-12-31,INCYTE CORP,INCY,www.incyte.com
A,USD,STD,INDL,C,029127,2015-12-31,INCYTE CORP,INCY,www.incyte.com
A,USD,STD,INDL,C,029127,2016-12-31,INCYTE CORP,INCY,www.incyte.com
A,USD,STD,INDL,C,029127,2017-12-31,INCYTE CORP,INCY,www.incyte.com
A,USD,STD,INDL,C,029127,2018-12-31,INCYTE CORP,INCY,www.incyte.com
A,USD,STD,INDL,C,029127,2019-12-31,INCYTE CORP,INCY,www.incyte.com
A,USD,STD,INDL,C,029127,2020-12-31,INCYTE CORP,INCY,www.incyte.com
A,USD,STD,INDL,C,029127,2021-12-31,INCYTE CORP,INCY,www.incyte.com
A,USD,STD,INDL,C,029127,2022-12-31,INCYTE CORP,INCY,www.incyte.com
A,USD,STD,INDL,C,029127,2023-12-31,INCYTE CORP,INCY,www.incyte.com
A,USD,STD,INDL,C,029127,2024-12-31,INCYTE CORP,INCY,www.incyte.com
A,USD,STD,INDL,C,029127,2025-12-31,INCYTE CORP,INCY,www.incyte.com
A,USD,STD,FS,C,029389,2010-12-31,SIMON PROPERTY GROUP INC,SPG,www.simon.com
A,USD,STD,INDL,C,029389,2010-12-31,SIMON PROPERTY GROUP INC,SPG,www.simon.com
A,USD,STD,FS,C,029389,2011-12-31,SIMON PROPERTY GROUP INC,SPG,www.simon.com
A,USD,STD,INDL,C,029389,2011-12-31,SIMON PROPERTY GROUP INC,SPG,www.simon.com
A,USD,STD,FS,C,029389,2012-12-31,SIMON PROPERTY GROUP INC,SPG,www.simon.com
A,USD,STD,INDL,C,029389,2012-12-31,SIMON PROPERTY GROUP INC,SPG,www.simon.com
A,USD,STD,FS,C,029389,2013-12-31,SIMON PROPERTY GROUP INC,SPG,www.simon.com
A,USD,STD,INDL,C,029389,2013-12-31,SIMON PROPERTY GROUP INC,SPG,www.simon.com
A,USD,STD,FS,C,029389,2014-12-31,SIMON PROPERTY GROUP INC,SPG,www.simon.com
A,USD,STD,INDL,C,029389,2014-12-31,SIMON PROPERTY GROUP INC,SPG,www.simon.com
A,USD,STD,FS,C,029389,2015-12-31,SIMON PROPERTY GROUP INC,SPG,www.simon.com
A,USD,STD,INDL,C,029389,2015-12-31,SIMON PROPERTY GROUP INC,SPG,www.simon.com
A,USD,STD,FS,C,029389,2016-12-31,SIMON PROPERTY GROUP INC,SPG,www.simon.com
A,USD,STD,INDL,C,029389,2016-12-31,SIMON PROPERTY GROUP INC,SPG,www.simon.com
A,USD,STD,FS,C,029389,2017-12-31,SIMON PROPERTY GROUP INC,SPG,www.simon.com
A,USD,STD,INDL,C,029389,2017-12-31,SIMON PROPERTY GROUP INC,SPG,www.simon.com
A,USD,STD,FS,C,029389,2018-12-31,SIMON PROPERTY GROUP INC,SPG,www.simon.com
A,USD,STD,INDL,C,029389,2018-12-31,SIMON PROPERTY GROUP INC,SPG,www.simon.com
A,USD,STD,FS,C,029389,2019-12-31,SIMON PROPERTY GROUP INC,SPG,www.simon.com
A,USD,STD,INDL,C,029389,2019-12-31,SIMON PROPERTY GROUP INC,SPG,www.simon.com
A,USD,STD,FS,C,029389,2020-12-31,SIMON PROPERTY GROUP INC,SPG,www.simon.com
A,USD,STD,INDL,C,029389,2020-12-31,SIMON PROPERTY GROUP INC,SPG,www.simon.com
A,USD,STD,FS,C,029389,2021-12-31,SIMON PROPERTY GROUP INC,SPG,www.simon.com
A,USD,STD,INDL,C,029389,2021-12-31,SIMON PROPERTY GROUP INC,SPG,www.simon.com
A,USD,STD,FS,C,029389,2022-12-31,SIMON PROPERTY GROUP INC,SPG,www.simon.com
A,USD,STD,INDL,C,029389,2022-12-31,SIMON PROPERTY GROUP INC,SPG,www.simon.com
A,USD,STD,FS,C,029389,2023-12-31,SIMON PROPERTY GROUP INC,SPG,www.simon.com
A,USD,STD,INDL,C,029389,2023-12-31,SIMON PROPERTY GROUP INC,SPG,www.simon.com
A,USD,STD,FS,C,029389,2024-12-31,SIMON PROPERTY GROUP INC,SPG,www.simon.com
A,USD,STD,INDL,C,029389,2024-12-31,SIMON PROPERTY GROUP INC,SPG,www.simon.com
A,USD,STD,FS,C,029389,2025-12-31,SIMON PROPERTY GROUP INC,SPG,www.simon.com
A,USD,STD,INDL,C,029389,2025-12-31,SIMON PROPERTY GROUP INC,SPG,www.simon.com
A,USD,STD,FS,C,029649,2010-12-31,MID-AMERICA APT CMNTYS INC,MAA,www.maac.com
A,USD,STD,INDL,C,029649,2010-12-31,MID-AMERICA APT CMNTYS INC,MAA,www.maac.com
A,USD,STD,FS,C,029649,2011-12-31,MID-AMERICA APT CMNTYS INC,MAA,www.maac.com
A,USD,STD,INDL,C,029649,2011-12-31,MID-AMERICA APT CMNTYS INC,MAA,www.maac.com
A,USD,STD,FS,C,029649,2012-12-31,MID-AMERICA APT CMNTYS INC,MAA,www.maac.com
A,USD,STD,INDL,C,029649,2012-12-31,MID-AMERICA APT CMNTYS INC,MAA,www.maac.com
A,USD,STD,INDL,C,029649,2013-12-31,MID-AMERICA APT CMNTYS INC,MAA,www.maac.com
A,USD,STD,FS,C,029649,2013-12-31,MID-AMERICA APT CMNTYS INC,MAA,www.maac.com
A,USD,STD,FS,C,029649,2014-12-31,MID-AMERICA APT CMNTYS INC,MAA,www.maac.com
A,USD,STD,INDL,C,029649,2014-12-31,MID-AMERICA APT CMNTYS INC,MAA,www.maac.com
A,USD,STD,FS,C,029649,2015-12-31,MID-AMERICA APT CMNTYS INC,MAA,www.maac.com
A,USD,STD,INDL,C,029649,2015-12-31,MID-AMERICA APT CMNTYS INC,MAA,www.maac.com
A,USD,STD,FS,C,029649,2016-12-31,MID-AMERICA APT CMNTYS INC,MAA,www.maac.com
A,USD,STD,INDL,C,029649,2016-12-31,MID-AMERICA APT CMNTYS INC,MAA,www.maac.com
A,USD,STD,FS,C,029649,2017-12-31,MID-AMERICA APT CMNTYS INC,MAA,www.maac.com
A,USD,STD,INDL,C,029649,2017-12-31,MID-AMERICA APT CMNTYS INC,MAA,www.maac.com
A,USD,STD,FS,C,029649,2018-12-31,MID-AMERICA APT CMNTYS INC,MAA,www.maac.com
A,USD,STD,INDL,C,029649,2018-12-31,MID-AMERICA APT CMNTYS INC,MAA,www.maac.com
A,USD,STD,FS,C,029649,2019-12-31,MID-AMERICA APT CMNTYS INC,MAA,www.maac.com
A,USD,STD,INDL,C,029649,2019-12-31,MID-AMERICA APT CMNTYS INC,MAA,www.maac.com
A,USD,STD,FS,C,029649,2020-12-31,MID-AMERICA APT CMNTYS INC,MAA,www.maac.com
A,USD,STD,INDL,C,029649,2020-12-31,MID-AMERICA APT CMNTYS INC,MAA,www.maac.com
A,USD,STD,FS,C,029649,2021-12-31,MID-AMERICA APT CMNTYS INC,MAA,www.maac.com
A,USD,STD,INDL,C,029649,2021-12-31,MID-AMERICA APT CMNTYS INC,MAA,www.maac.com
A,USD,STD,FS,C,029649,2022-12-31,MID-AMERICA APT CMNTYS INC,MAA,www.maac.com
A,USD,STD,INDL,C,029649,2022-12-31,MID-AMERICA APT CMNTYS INC,MAA,www.maac.com
A,USD,STD,FS,C,029649,2023-12-31,MID-AMERICA APT CMNTYS INC,MAA,www.maac.com
A,USD,STD,INDL,C,029649,2023-12-31,MID-AMERICA APT CMNTYS INC,MAA,www.maac.com
A,USD,STD,FS,C,029649,2024-12-31,MID-AMERICA APT CMNTYS INC,MAA,www.maac.com
A,USD,STD,INDL,C,029649,2024-12-31,MID-AMERICA APT CMNTYS INC,MAA,www.maac.com
A,USD,STD,FS,C,029649,2025-12-31,MID-AMERICA APT CMNTYS INC,MAA,www.maac.com
A,USD,STD,INDL,C,029649,2025-12-31,MID-AMERICA APT CMNTYS INC,MAA,www.maac.com
A,USD,STD,INDL,C,029733,2010-12-31,MARTIN MARIETTA MATERIALS,MLM,www.martinmarietta.com
A,USD,STD,INDL,C,029733,2011-12-31,MARTIN MARIETTA MATERIALS,MLM,www.martinmarietta.com
A,USD,STD,INDL,C,029733,2012-12-31,MARTIN MARIETTA MATERIALS,MLM,www.martinmarietta.com
A,USD,STD,INDL,C,029733,2013-12-31,MARTIN MARIETTA MATERIALS,MLM,www.martinmarietta.com
A,USD,STD,INDL,C,029733,2014-12-31,MARTIN MARIETTA MATERIALS,MLM,www.martinmarietta.com
A,USD,STD,INDL,C,029733,2015-12-31,MARTIN MARIETTA MATERIALS,MLM,www.martinmarietta.com
A,USD,STD,INDL,C,029733,2016-12-31,MARTIN MARIETTA MATERIALS,MLM,www.martinmarietta.com
A,USD,STD,INDL,C,029733,2017-12-31,MARTIN MARIETTA MATERIALS,MLM,www.martinmarietta.com
A,USD,STD,INDL,C,029733,2018-12-31,MARTIN MARIETTA MATERIALS,MLM,www.martinmarietta.com
A,USD,STD,INDL,C,029733,2019-12-31,MARTIN MARIETTA MATERIALS,MLM,www.martinmarietta.com
A,USD,STD,INDL,C,029733,2020-12-31,MARTIN MARIETTA MATERIALS,MLM,www.martinmarietta.com
A,USD,STD,INDL,C,029733,2021-12-31,MARTIN MARIETTA MATERIALS,MLM,www.martinmarietta.com
A,USD,STD,INDL,C,029733,2022-12-31,MARTIN MARIETTA MATERIALS,MLM,www.martinmarietta.com
A,USD,STD,INDL,C,029733,2023-12-31,MARTIN MARIETTA MATERIALS,MLM,www.martinmarietta.com
A,USD,STD,INDL,C,029733,2024-12-31,MARTIN MARIETTA MATERIALS,MLM,www.martinmarietta.com
A,USD,STD,INDL,C,029733,2025-12-31,MARTIN MARIETTA MATERIALS,MLM,www.martinmarietta.com
A,USD,STD,INDL,C,029736,2010-12-31,TRACTOR SUPPLY CO,TSCO,www.tractorsupply.com
A,USD,STD,INDL,C,029736,2011-12-31,TRACTOR SUPPLY CO,TSCO,www.tractorsupply.com
A,USD,STD,INDL,C,029736,2012-12-31,TRACTOR SUPPLY CO,TSCO,www.tractorsupply.com
A,USD,STD,INDL,C,029736,2013-12-31,TRACTOR SUPPLY CO,TSCO,www.tractorsupply.com
A,USD,STD,INDL,C,029736,2014-12-31,TRACTOR SUPPLY CO,TSCO,www.tractorsupply.com
A,USD,STD,INDL,C,029736,2015-12-31,TRACTOR SUPPLY CO,TSCO,www.tractorsupply.com
A,USD,STD,INDL,C,029736,2016-12-31,TRACTOR SUPPLY CO,TSCO,www.tractorsupply.com
A,USD,STD,INDL,C,029736,2017-12-31,TRACTOR SUPPLY CO,TSCO,www.tractorsupply.com
A,USD,STD,INDL,C,029736,2018-12-31,TRACTOR SUPPLY CO,TSCO,www.tractorsupply.com
A,USD,STD,INDL,C,029736,2019-12-31,TRACTOR SUPPLY CO,TSCO,www.tractorsupply.com
A,USD,STD,INDL,C,029736,2020-12-31,TRACTOR SUPPLY CO,TSCO,www.tractorsupply.com
A,USD,STD,INDL,C,029736,2021-12-31,TRACTOR SUPPLY CO,TSCO,www.tractorsupply.com
A,USD,STD,INDL,C,029736,2022-12-31,TRACTOR SUPPLY CO,TSCO,www.tractorsupply.com
A,USD,STD,INDL,C,029736,2023-12-31,TRACTOR SUPPLY CO,TSCO,www.tractorsupply.com
A,USD,STD,INDL,C,029736,2024-12-31,TRACTOR SUPPLY CO,TSCO,www.tractorsupply.com
A,USD,STD,INDL,C,029736,2025-12-31,TRACTOR SUPPLY CO,TSCO,www.tractorsupply.com
A,USD,STD,INDL,C,029751,2010-12-31,ALBEMARLE CORP,ALB,www.albemarle.com
A,USD,STD,INDL,C,029751,2011-12-31,ALBEMARLE CORP,ALB,www.albemarle.com
A,USD,STD,INDL,C,029751,2012-12-31,ALBEMARLE CORP,ALB,www.albemarle.com
A,USD,STD,INDL,C,029751,2013-12-31,ALBEMARLE CORP,ALB,www.albemarle.com
A,USD,STD,INDL,C,029751,2014-12-31,ALBEMARLE CORP,ALB,www.albemarle.com
A,USD,STD,INDL,C,029751,2015-12-31,ALBEMARLE CORP,ALB,www.albemarle.com
A,USD,STD,INDL,C,029751,2016-12-31,ALBEMARLE CORP,ALB,www.albemarle.com
A,USD,STD,INDL,C,029751,2017-12-31,ALBEMARLE CORP,ALB,www.albemarle.com
A,USD,STD,INDL,C,029751,2018-12-31,ALBEMARLE CORP,ALB,www.albemarle.com
A,USD,STD,INDL,C,029751,2019-12-31,ALBEMARLE CORP,ALB,www.albemarle.com
A,USD,STD,INDL,C,029751,2020-12-31,ALBEMARLE CORP,ALB,www.albemarle.com
A,USD,STD,INDL,C,029751,2021-12-31,ALBEMARLE CORP,ALB,www.albemarle.com
A,USD,STD,INDL,C,029751,2022-12-31,ALBEMARLE CORP,ALB,www.albemarle.com
A,USD,STD,INDL,C,029751,2023-12-31,ALBEMARLE CORP,ALB,www.albemarle.com
A,USD,STD,INDL,C,029751,2024-12-31,ALBEMARLE CORP,ALB,www.albemarle.com
A,USD,STD,INDL,C,029751,2025-12-31,ALBEMARLE CORP,ALB,www.albemarle.com
A,USD,STD,FS,C,029804,2010-12-31,INVESCO LTD,IVZ,www.invesco.com/corporate/en/home.html
A,USD,STD,INDL,C,029804,2010-12-31,INVESCO LTD,IVZ,www.invesco.com/corporate/en/home.html
A,USD,STD,FS,C,029804,2011-12-31,INVESCO LTD,IVZ,www.invesco.com/corporate/en/home.html
A,USD,STD,INDL,C,029804,2011-12-31,INVESCO LTD,IVZ,www.invesco.com/corporate/en/home.html
A,USD,STD,FS,C,029804,2012-12-31,INVESCO LTD,IVZ,www.invesco.com/corporate/en/home.html
A,USD,STD,INDL,C,029804,2012-12-31,INVESCO LTD,IVZ,www.invesco.com/corporate/en/home.html
A,USD,STD,FS,C,029804,2013-12-31,INVESCO LTD,IVZ,www.invesco.com/corporate/en/home.html
A,USD,STD,INDL,C,029804,2013-12-31,INVESCO LTD,IVZ,www.invesco.com/corporate/en/home.html
A,USD,STD,FS,C,029804,2014-12-31,INVESCO LTD,IVZ,www.invesco.com/corporate/en/home.html
A,USD,STD,INDL,C,029804,2014-12-31,INVESCO LTD,IVZ,www.invesco.com/corporate/en/home.html
A,USD,STD,FS,C,029804,2015-12-31,INVESCO LTD,IVZ,www.invesco.com/corporate/en/home.html
A,USD,STD,INDL,C,029804,2015-12-31,INVESCO LTD,IVZ,www.invesco.com/corporate/en/home.html
A,USD,STD,FS,C,029804,2016-12-31,INVESCO LTD,IVZ,www.invesco.com/corporate/en/home.html
A,USD,STD,INDL,C,029804,2016-12-31,INVESCO LTD,IVZ,www.invesco.com/corporate/en/home.html
A,USD,STD,FS,C,029804,2017-12-31,INVESCO LTD,IVZ,www.invesco.com/corporate/en/home.html
A,USD,STD,INDL,C,029804,2017-12-31,INVESCO LTD,IVZ,www.invesco.com/corporate/en/home.html
A,USD,STD,FS,C,029804,2018-12-31,INVESCO LTD,IVZ,www.invesco.com/corporate/en/home.html
A,USD,STD,INDL,C,029804,2018-12-31,INVESCO LTD,IVZ,www.invesco.com/corporate/en/home.html
A,USD,STD,FS,C,029804,2019-12-31,INVESCO LTD,IVZ,www.invesco.com/corporate/en/home.html
A,USD,STD,INDL,C,029804,2019-12-31,INVESCO LTD,IVZ,www.invesco.com/corporate/en/home.html
A,USD,STD,FS,C,029804,2020-12-31,INVESCO LTD,IVZ,www.invesco.com/corporate/en/home.html
A,USD,STD,INDL,C,029804,2020-12-31,INVESCO LTD,IVZ,www.invesco.com/corporate/en/home.html
A,USD,STD,FS,C,029804,2021-12-31,INVESCO LTD,IVZ,www.invesco.com/corporate/en/home.html
A,USD,STD,INDL,C,029804,2021-12-31,INVESCO LTD,IVZ,www.invesco.com/corporate/en/home.html
A,USD,STD,FS,C,029804,2022-12-31,INVESCO LTD,IVZ,www.invesco.com/corporate/en/home.html
A,USD,STD,INDL,C,029804,2022-12-31,INVESCO LTD,IVZ,www.invesco.com/corporate/en/home.html
A,USD,STD,FS,C,029804,2023-12-31,INVESCO LTD,IVZ,www.invesco.com/corporate/en/home.html
A,USD,STD,INDL,C,029804,2023-12-31,INVESCO LTD,IVZ,www.invesco.com/corporate/en/home.html
A,USD,STD,FS,C,029804,2024-12-31,INVESCO LTD,IVZ,www.invesco.com/corporate/en/home.html
A,USD,STD,INDL,C,029804,2024-12-31,INVESCO LTD,IVZ,www.invesco.com/corporate/en/home.html
A,USD,STD,FS,C,029804,2025-12-31,INVESCO LTD,IVZ,www.invesco.com/corporate/en/home.html
A,USD,STD,INDL,C,029804,2025-12-31,INVESCO LTD,IVZ,www.invesco.com/corporate/en/home.html
A,USD,STD,FS,C,029875,2010-12-31,AVALONBAY COMMUNITIES INC,AVB,www.avalonbay.com
A,USD,STD,INDL,C,029875,2010-12-31,AVALONBAY COMMUNITIES INC,AVB,www.avalonbay.com
A,USD,STD,FS,C,029875,2011-12-31,AVALONBAY COMMUNITIES INC,AVB,www.avalonbay.com
A,USD,STD,INDL,C,029875,2011-12-31,AVALONBAY COMMUNITIES INC,AVB,www.avalonbay.com
A,USD,STD,FS,C,029875,2012-12-31,AVALONBAY COMMUNITIES INC,AVB,www.avalonbay.com
A,USD,STD,INDL,C,029875,2012-12-31,AVALONBAY COMMUNITIES INC,AVB,www.avalonbay.com
A,USD,STD,FS,C,029875,2013-12-31,AVALONBAY COMMUNITIES INC,AVB,www.avalonbay.com
A,USD,STD,INDL,C,029875,2013-12-31,AVALONBAY COMMUNITIES INC,AVB,www.avalonbay.com
A,USD,STD,FS,C,029875,2014-12-31,AVALONBAY COMMUNITIES INC,AVB,www.avalonbay.com
A,USD,STD,INDL,C,029875,2014-12-31,AVALONBAY COMMUNITIES INC,AVB,www.avalonbay.com
A,USD,STD,FS,C,029875,2015-12-31,AVALONBAY COMMUNITIES INC,AVB,www.avalonbay.com
A,USD,STD,INDL,C,029875,2015-12-31,AVALONBAY COMMUNITIES INC,AVB,www.avalonbay.com
A,USD,STD,FS,C,029875,2016-12-31,AVALONBAY COMMUNITIES INC,AVB,www.avalonbay.com
A,USD,STD,INDL,C,029875,2016-12-31,AVALONBAY COMMUNITIES INC,AVB,www.avalonbay.com
A,USD,STD,FS,C,029875,2017-12-31,AVALONBAY COMMUNITIES INC,AVB,www.avalonbay.com
A,USD,STD,INDL,C,029875,2017-12-31,AVALONBAY COMMUNITIES INC,AVB,www.avalonbay.com
A,USD,STD,FS,C,029875,2018-12-31,AVALONBAY COMMUNITIES INC,AVB,www.avalonbay.com
A,USD,STD,INDL,C,029875,2018-12-31,AVALONBAY COMMUNITIES INC,AVB,www.avalonbay.com
A,USD,STD,FS,C,029875,2019-12-31,AVALONBAY COMMUNITIES INC,AVB,www.avalonbay.com
A,USD,STD,INDL,C,029875,2019-12-31,AVALONBAY COMMUNITIES INC,AVB,www.avalonbay.com
A,USD,STD,FS,C,029875,2020-12-31,AVALONBAY COMMUNITIES INC,AVB,www.avalonbay.com
A,USD,STD,INDL,C,029875,2020-12-31,AVALONBAY COMMUNITIES INC,AVB,www.avalonbay.com
A,USD,STD,FS,C,029875,2021-12-31,AVALONBAY COMMUNITIES INC,AVB,www.avalonbay.com
A,USD,STD,INDL,C,029875,2021-12-31,AVALONBAY COMMUNITIES INC,AVB,www.avalonbay.com
A,USD,STD,FS,C,029875,2022-12-31,AVALONBAY COMMUNITIES INC,AVB,www.avalonbay.com
A,USD,STD,INDL,C,029875,2022-12-31,AVALONBAY COMMUNITIES INC,AVB,www.avalonbay.com
A,USD,STD,FS,C,029875,2023-12-31,AVALONBAY COMMUNITIES INC,AVB,www.avalonbay.com
A,USD,STD,INDL,C,029875,2023-12-31,AVALONBAY COMMUNITIES INC,AVB,www.avalonbay.com
A,USD,STD,FS,C,029875,2024-12-31,AVALONBAY COMMUNITIES INC,AVB,www.avalonbay.com
A,USD,STD,INDL,C,029875,2024-12-31,AVALONBAY COMMUNITIES INC,AVB,www.avalonbay.com
A,USD,STD,FS,C,029875,2025-12-31,AVALONBAY COMMUNITIES INC,AVB,www.avalonbay.com
A,USD,STD,INDL,C,029875,2025-12-31,AVALONBAY COMMUNITIES INC,AVB,www.avalonbay.com
A,USD,STD,INDL,C,029901,2010-07-31,COPART INC,CPRT,www.copart.com
A,USD,STD,INDL,C,029901,2011-07-31,COPART INC,CPRT,www.copart.com
A,USD,STD,INDL,C,029901,2012-07-31,COPART INC,CPRT,www.copart.com
A,USD,STD,INDL,C,029901,2013-07-31,COPART INC,CPRT,www.copart.com
A,USD,STD,INDL,C,029901,2014-07-31,COPART INC,CPRT,www.copart.com
A,USD,STD,INDL,C,029901,2015-07-31,COPART INC,CPRT,www.copart.com
A,USD,STD,INDL,C,029901,2016-07-31,COPART INC,CPRT,www.copart.com
A,USD,STD,INDL,C,029901,2017-07-31,COPART INC,CPRT,www.copart.com
A,USD,STD,INDL,C,029901,2018-07-31,COPART INC,CPRT,www.copart.com
A,USD,STD,INDL,C,029901,2019-07-31,COPART INC,CPRT,www.copart.com
A,USD,STD,INDL,C,029901,2020-07-31,COPART INC,CPRT,www.copart.com
A,USD,STD,INDL,C,029901,2021-07-31,COPART INC,CPRT,www.copart.com
A,USD,STD,INDL,C,029901,2022-07-31,COPART INC,CPRT,www.copart.com
A,USD,STD,INDL,C,029901,2023-07-31,COPART INC,CPRT,www.copart.com
A,USD,STD,INDL,C,029901,2024-07-31,COPART INC,CPRT,www.copart.com
A,USD,STD,INDL,C,029901,2025-07-31,COPART INC,CPRT,www.copart.com
A,USD,STD,FS,C,029984,2010-12-31,PROLOGIS INC,PLD,www.prologis.com
A,USD,STD,INDL,C,029984,2010-12-31,PROLOGIS INC,PLD,www.prologis.com
A,USD,STD,FS,C,029984,2011-12-31,PROLOGIS INC,PLD,www.prologis.com
A,USD,STD,INDL,C,029984,2011-12-31,PROLOGIS INC,PLD,www.prologis.com
A,USD,STD,FS,C,029984,2012-12-31,PROLOGIS INC,PLD,www.prologis.com
A,USD,STD,INDL,C,029984,2012-12-31,PROLOGIS INC,PLD,www.prologis.com
A,USD,STD,FS,C,029984,2013-12-31,PROLOGIS INC,PLD,www.prologis.com
A,USD,STD,INDL,C,029984,2013-12-31,PROLOGIS INC,PLD,www.prologis.com
A,USD,STD,FS,C,029984,2014-12-31,PROLOGIS INC,PLD,www.prologis.com
A,USD,STD,INDL,C,029984,2014-12-31,PROLOGIS INC,PLD,www.prologis.com
A,USD,STD,FS,C,029984,2015-12-31,PROLOGIS INC,PLD,www.prologis.com
A,USD,STD,INDL,C,029984,2015-12-31,PROLOGIS INC,PLD,www.prologis.com
A,USD,STD,FS,C,029984,2016-12-31,PROLOGIS INC,PLD,www.prologis.com
A,USD,STD,INDL,C,029984,2016-12-31,PROLOGIS INC,PLD,www.prologis.com
A,USD,STD,FS,C,029984,2017-12-31,PROLOGIS INC,PLD,www.prologis.com
A,USD,STD,INDL,C,029984,2017-12-31,PROLOGIS INC,PLD,www.prologis.com
A,USD,STD,FS,C,029984,2018-12-31,PROLOGIS INC,PLD,www.prologis.com
A,USD,STD,INDL,C,029984,2018-12-31,PROLOGIS INC,PLD,www.prologis.com
A,USD,STD,FS,C,029984,2019-12-31,PROLOGIS INC,PLD,www.prologis.com
A,USD,STD,INDL,C,029984,2019-12-31,PROLOGIS INC,PLD,www.prologis.com
A,USD,STD,FS,C,029984,2020-12-31,PROLOGIS INC,PLD,www.prologis.com
A,USD,STD,INDL,C,029984,2020-12-31,PROLOGIS INC,PLD,www.prologis.com
A,USD,STD,FS,C,029984,2021-12-31,PROLOGIS INC,PLD,www.prologis.com
A,USD,STD,INDL,C,029984,2021-12-31,PROLOGIS INC,PLD,www.prologis.com
A,USD,STD,FS,C,029984,2022-12-31,PROLOGIS INC,PLD,www.prologis.com
A,USD,STD,INDL,C,029984,2022-12-31,PROLOGIS INC,PLD,www.prologis.com
A,USD,STD,FS,C,029984,2023-12-31,PROLOGIS INC,PLD,www.prologis.com
A,USD,STD,INDL,C,029984,2023-12-31,PROLOGIS INC,PLD,www.prologis.com
A,USD,STD,FS,C,029984,2024-12-31,PROLOGIS INC,PLD,www.prologis.com
A,USD,STD,INDL,C,029984,2024-12-31,PROLOGIS INC,PLD,www.prologis.com
A,USD,STD,FS,C,029984,2025-12-31,PROLOGIS INC,PLD,www.prologis.com
A,USD,STD,INDL,C,029984,2025-12-31,PROLOGIS INC,PLD,www.prologis.com
A,USD,STD,INDL,C,030004,2014-12-31,INVITATION HOMES INC,INVH,www.invitationhomes.com
A,USD,STD,INDL,C,030004,2015-12-31,INVITATION HOMES INC,INVH,www.invitationhomes.com
A,USD,STD,INDL,C,030004,2016-12-31,INVITATION HOMES INC,INVH,www.invitationhomes.com
A,USD,STD,INDL,C,030004,2017-12-31,INVITATION HOMES INC,INVH,www.invitationhomes.com
A,USD,STD,INDL,C,030004,2018-12-31,INVITATION HOMES INC,INVH,www.invitationhomes.com
A,USD,STD,INDL,C,030004,2019-12-31,INVITATION HOMES INC,INVH,www.invitationhomes.com
A,USD,STD,FS,C,030004,2020-12-31,INVITATION HOMES INC,INVH,www.invitationhomes.com
A,USD,STD,INDL,C,030004,2020-12-31,INVITATION HOMES INC,INVH,www.invitationhomes.com
A,USD,STD,FS,C,030004,2021-12-31,INVITATION HOMES INC,INVH,www.invitationhomes.com
A,USD,STD,INDL,C,030004,2021-12-31,INVITATION HOMES INC,INVH,www.invitationhomes.com
A,USD,STD,FS,C,030004,2022-12-31,INVITATION HOMES INC,INVH,www.invitationhomes.com
A,USD,STD,INDL,C,030004,2022-12-31,INVITATION HOMES INC,INVH,www.invitationhomes.com
A,USD,STD,FS,C,030004,2023-12-31,INVITATION HOMES INC,INVH,www.invitationhomes.com
A,USD,STD,INDL,C,030004,2023-12-31,INVITATION HOMES INC,INVH,www.invitationhomes.com
A,USD,STD,FS,C,030004,2024-12-31,INVITATION HOMES INC,INVH,www.invitationhomes.com
A,USD,STD,INDL,C,030004,2024-12-31,INVITATION HOMES INC,INVH,www.invitationhomes.com
A,USD,STD,FS,C,030004,2025-12-31,INVITATION HOMES INC,INVH,www.invitationhomes.com
A,USD,STD,INDL,C,030004,2025-12-31,INVITATION HOMES INC,INVH,www.invitationhomes.com
A,USD,STD,INDL,C,030098,2010-12-31,INGERSOLL RAND INC,IR,www.irco.com
A,USD,STD,INDL,C,030098,2011-12-31,INGERSOLL RAND INC,IR,www.irco.com
A,USD,STD,INDL,C,030098,2012-12-31,INGERSOLL RAND INC,IR,www.irco.com
A,USD,STD,INDL,C,030098,2013-12-31,INGERSOLL RAND INC,IR,www.irco.com
A,USD,STD,INDL,C,030098,2014-12-31,INGERSOLL RAND INC,IR,www.irco.com
A,USD,STD,INDL,C,030098,2015-12-31,INGERSOLL RAND INC,IR,www.irco.com
A,USD,STD,INDL,C,030098,2016-12-31,INGERSOLL RAND INC,IR,www.irco.com
A,USD,STD,INDL,C,030098,2017-12-31,INGERSOLL RAND INC,IR,www.irco.com
A,USD,STD,INDL,C,030098,2018-12-31,INGERSOLL RAND INC,IR,www.irco.com
A,USD,STD,INDL,C,030098,2019-12-31,INGERSOLL RAND INC,IR,www.irco.com
A,USD,STD,INDL,C,030098,2020-12-31,INGERSOLL RAND INC,IR,www.irco.com
A,USD,STD,INDL,C,030098,2021-12-31,INGERSOLL RAND INC,IR,www.irco.com
A,USD,STD,INDL,C,030098,2022-12-31,INGERSOLL RAND INC,IR,www.irco.com
A,USD,STD,INDL,C,030098,2023-12-31,INGERSOLL RAND INC,IR,www.irco.com
A,USD,STD,INDL,C,030098,2024-12-31,INGERSOLL RAND INC,IR,www.irco.com
A,USD,STD,INDL,C,030098,2025-12-31,INGERSOLL RAND INC,IR,www.irco.com
A,USD,STD,FS,C,030293,2010-12-31,ESSEX PROPERTY TRUST,ESS,www.essexapartmenthomes.com
A,USD,STD,INDL,C,030293,2010-12-31,ESSEX PROPERTY TRUST,ESS,www.essexapartmenthomes.com
A,USD,STD,FS,C,030293,2011-12-31,ESSEX PROPERTY TRUST,ESS,www.essexapartmenthomes.com
A,USD,STD,INDL,C,030293,2011-12-31,ESSEX PROPERTY TRUST,ESS,www.essexapartmenthomes.com
A,USD,STD,FS,C,030293,2012-12-31,ESSEX PROPERTY TRUST,ESS,www.essexapartmenthomes.com
A,USD,STD,INDL,C,030293,2012-12-31,ESSEX PROPERTY TRUST,ESS,www.essexapartmenthomes.com
A,USD,STD,FS,C,030293,2013-12-31,ESSEX PROPERTY TRUST,ESS,www.essexapartmenthomes.com
A,USD,STD,INDL,C,030293,2013-12-31,ESSEX PROPERTY TRUST,ESS,www.essexapartmenthomes.com
A,USD,STD,FS,C,030293,2014-12-31,ESSEX PROPERTY TRUST,ESS,www.essexapartmenthomes.com
A,USD,STD,INDL,C,030293,2014-12-31,ESSEX PROPERTY TRUST,ESS,www.essexapartmenthomes.com
A,USD,STD,FS,C,030293,2015-12-31,ESSEX PROPERTY TRUST,ESS,www.essexapartmenthomes.com
A,USD,STD,INDL,C,030293,2015-12-31,ESSEX PROPERTY TRUST,ESS,www.essexapartmenthomes.com
A,USD,STD,FS,C,030293,2016-12-31,ESSEX PROPERTY TRUST,ESS,www.essexapartmenthomes.com
A,USD,STD,INDL,C,030293,2016-12-31,ESSEX PROPERTY TRUST,ESS,www.essexapartmenthomes.com
A,USD,STD,FS,C,030293,2017-12-31,ESSEX PROPERTY TRUST,ESS,www.essexapartmenthomes.com
A,USD,STD,INDL,C,030293,2017-12-31,ESSEX PROPERTY TRUST,ESS,www.essexapartmenthomes.com
A,USD,STD,FS,C,030293,2018-12-31,ESSEX PROPERTY TRUST,ESS,www.essexapartmenthomes.com
A,USD,STD,INDL,C,030293,2018-12-31,ESSEX PROPERTY TRUST,ESS,www.essexapartmenthomes.com
A,USD,STD,FS,C,030293,2019-12-31,ESSEX PROPERTY TRUST,ESS,www.essexapartmenthomes.com
A,USD,STD,INDL,C,030293,2019-12-31,ESSEX PROPERTY TRUST,ESS,www.essexapartmenthomes.com
A,USD,STD,FS,C,030293,2020-12-31,ESSEX PROPERTY TRUST,ESS,www.essexapartmenthomes.com
A,USD,STD,INDL,C,030293,2020-12-31,ESSEX PROPERTY TRUST,ESS,www.essexapartmenthomes.com
A,USD,STD,FS,C,030293,2021-12-31,ESSEX PROPERTY TRUST,ESS,www.essexapartmenthomes.com
A,USD,STD,INDL,C,030293,2021-12-31,ESSEX PROPERTY TRUST,ESS,www.essexapartmenthomes.com
A,USD,STD,FS,C,030293,2022-12-31,ESSEX PROPERTY TRUST,ESS,www.essexapartmenthomes.com
A,USD,STD,INDL,C,030293,2022-12-31,ESSEX PROPERTY TRUST,ESS,www.essexapartmenthomes.com
A,USD,STD,FS,C,030293,2023-12-31,ESSEX PROPERTY TRUST,ESS,www.essexapartmenthomes.com
A,USD,STD,INDL,C,030293,2023-12-31,ESSEX PROPERTY TRUST,ESS,www.essexapartmenthomes.com
A,USD,STD,FS,C,030293,2024-12-31,ESSEX PROPERTY TRUST,ESS,www.essexapartmenthomes.com
A,USD,STD,INDL,C,030293,2024-12-31,ESSEX PROPERTY TRUST,ESS,www.essexapartmenthomes.com
A,USD,STD,FS,C,030293,2025-12-31,ESSEX PROPERTY TRUST,ESS,www.essexapartmenthomes.com
A,USD,STD,INDL,C,030293,2025-12-31,ESSEX PROPERTY TRUST,ESS,www.essexapartmenthomes.com
A,USD,STD,FS,C,030822,2010-12-31,REALTY INCOME CORP,O,www.realtyincome.com
A,USD,STD,INDL,C,030822,2010-12-31,REALTY INCOME CORP,O,www.realtyincome.com
A,USD,STD,FS,C,030822,2011-12-31,REALTY INCOME CORP,O,www.realtyincome.com
A,USD,STD,INDL,C,030822,2011-12-31,REALTY INCOME CORP,O,www.realtyincome.com
A,USD,STD,FS,C,030822,2012-12-31,REALTY INCOME CORP,O,www.realtyincome.com
A,USD,STD,INDL,C,030822,2012-12-31,REALTY INCOME CORP,O,www.realtyincome.com
A,USD,STD,FS,C,030822,2013-12-31,REALTY INCOME CORP,O,www.realtyincome.com
A,USD,STD,INDL,C,030822,2013-12-31,REALTY INCOME CORP,O,www.realtyincome.com
A,USD,STD,FS,C,030822,2014-12-31,REALTY INCOME CORP,O,www.realtyincome.com
A,USD,STD,INDL,C,030822,2014-12-31,REALTY INCOME CORP,O,www.realtyincome.com
A,USD,STD,FS,C,030822,2015-12-31,REALTY INCOME CORP,O,www.realtyincome.com
A,USD,STD,INDL,C,030822,2015-12-31,REALTY INCOME CORP,O,www.realtyincome.com
A,USD,STD,FS,C,030822,2016-12-31,REALTY INCOME CORP,O,www.realtyincome.com
A,USD,STD,INDL,C,030822,2016-12-31,REALTY INCOME CORP,O,www.realtyincome.com
A,USD,STD,FS,C,030822,2017-12-31,REALTY INCOME CORP,O,www.realtyincome.com
A,USD,STD,INDL,C,030822,2017-12-31,REALTY INCOME CORP,O,www.realtyincome.com
A,USD,STD,FS,C,030822,2018-12-31,REALTY INCOME CORP,O,www.realtyincome.com
A,USD,STD,INDL,C,030822,2018-12-31,REALTY INCOME CORP,O,www.realtyincome.com
A,USD,STD,FS,C,030822,2019-12-31,REALTY INCOME CORP,O,www.realtyincome.com
A,USD,STD,INDL,C,030822,2019-12-31,REALTY INCOME CORP,O,www.realtyincome.com
A,USD,STD,FS,C,030822,2020-12-31,REALTY INCOME CORP,O,www.realtyincome.com
A,USD,STD,INDL,C,030822,2020-12-31,REALTY INCOME CORP,O,www.realtyincome.com
A,USD,STD,FS,C,030822,2021-12-31,REALTY INCOME CORP,O,www.realtyincome.com
A,USD,STD,INDL,C,030822,2021-12-31,REALTY INCOME CORP,O,www.realtyincome.com
A,USD,STD,FS,C,030822,2022-12-31,REALTY INCOME CORP,O,www.realtyincome.com
A,USD,STD,INDL,C,030822,2022-12-31,REALTY INCOME CORP,O,www.realtyincome.com
A,USD,STD,FS,C,030822,2023-12-31,REALTY INCOME CORP,O,www.realtyincome.com
A,USD,STD,INDL,C,030822,2023-12-31,REALTY INCOME CORP,O,www.realtyincome.com
A,USD,STD,FS,C,030822,2024-12-31,REALTY INCOME CORP,O,www.realtyincome.com
A,USD,STD,INDL,C,030822,2024-12-31,REALTY INCOME CORP,O,www.realtyincome.com
A,USD,STD,FS,C,030822,2025-12-31,REALTY INCOME CORP,O,www.realtyincome.com
A,USD,STD,INDL,C,030822,2025-12-31,REALTY INCOME CORP,O,www.realtyincome.com
A,USD,STD,FS,C,030990,2010-12-31,CAPITAL ONE FINANCIAL CORP,COF,www.capitalone.com
A,USD,STD,INDL,C,030990,2010-12-31,CAPITAL ONE FINANCIAL CORP,COF,www.capitalone.com
A,USD,STD,FS,C,030990,2011-12-31,CAPITAL ONE FINANCIAL CORP,COF,www.capitalone.com
A,USD,STD,INDL,C,030990,2011-12-31,CAPITAL ONE FINANCIAL CORP,COF,www.capitalone.com
A,USD,STD,FS,C,030990,2012-12-31,CAPITAL ONE FINANCIAL CORP,COF,www.capitalone.com
A,USD,STD,INDL,C,030990,2012-12-31,CAPITAL ONE FINANCIAL CORP,COF,www.capitalone.com
A,USD,STD,FS,C,030990,2013-12-31,CAPITAL ONE FINANCIAL CORP,COF,www.capitalone.com
A,USD,STD,INDL,C,030990,2013-12-31,CAPITAL ONE FINANCIAL CORP,COF,www.capitalone.com
A,USD,STD,FS,C,030990,2014-12-31,CAPITAL ONE FINANCIAL CORP,COF,www.capitalone.com
A,USD,STD,INDL,C,030990,2014-12-31,CAPITAL ONE FINANCIAL CORP,COF,www.capitalone.com
A,USD,STD,FS,C,030990,2015-12-31,CAPITAL ONE FINANCIAL CORP,COF,www.capitalone.com
A,USD,STD,INDL,C,030990,2015-12-31,CAPITAL ONE FINANCIAL CORP,COF,www.capitalone.com
A,USD,STD,FS,C,030990,2016-12-31,CAPITAL ONE FINANCIAL CORP,COF,www.capitalone.com
A,USD,STD,INDL,C,030990,2016-12-31,CAPITAL ONE FINANCIAL CORP,COF,www.capitalone.com
A,USD,STD,FS,C,030990,2017-12-31,CAPITAL ONE FINANCIAL CORP,COF,www.capitalone.com
A,USD,STD,INDL,C,030990,2017-12-31,CAPITAL ONE FINANCIAL CORP,COF,www.capitalone.com
A,USD,STD,FS,C,030990,2018-12-31,CAPITAL ONE FINANCIAL CORP,COF,www.capitalone.com
A,USD,STD,INDL,C,030990,2018-12-31,CAPITAL ONE FINANCIAL CORP,COF,www.capitalone.com
A,USD,STD,FS,C,030990,2019-12-31,CAPITAL ONE FINANCIAL CORP,COF,www.capitalone.com
A,USD,STD,INDL,C,030990,2019-12-31,CAPITAL ONE FINANCIAL CORP,COF,www.capitalone.com
A,USD,STD,FS,C,030990,2020-12-31,CAPITAL ONE FINANCIAL CORP,COF,www.capitalone.com
A,USD,STD,INDL,C,030990,2020-12-31,CAPITAL ONE FINANCIAL CORP,COF,www.capitalone.com
A,USD,STD,FS,C,030990,2021-12-31,CAPITAL ONE FINANCIAL CORP,COF,www.capitalone.com
A,USD,STD,INDL,C,030990,2021-12-31,CAPITAL ONE FINANCIAL CORP,COF,www.capitalone.com
A,USD,STD,FS,C,030990,2022-12-31,CAPITAL ONE FINANCIAL CORP,COF,www.capitalone.com
A,USD,STD,INDL,C,030990,2022-12-31,CAPITAL ONE FINANCIAL CORP,COF,www.capitalone.com
A,USD,STD,FS,C,030990,2023-12-31,CAPITAL ONE FINANCIAL CORP,COF,www.capitalone.com
A,USD,STD,INDL,C,030990,2023-12-31,CAPITAL ONE FINANCIAL CORP,COF,www.capitalone.com
A,USD,STD,FS,C,030990,2024-12-31,CAPITAL ONE FINANCIAL CORP,COF,www.capitalone.com
A,USD,STD,INDL,C,030990,2024-12-31,CAPITAL ONE FINANCIAL CORP,COF,www.capitalone.com
A,USD,STD,FS,C,030990,2025-12-31,CAPITAL ONE FINANCIAL CORP,COF,www.capitalone.com
A,USD,STD,INDL,C,030990,2025-12-31,CAPITAL ONE FINANCIAL CORP,COF,www.capitalone.com
A,USD,STD,INDL,C,030999,2015-12-31,CARVANA CO,CVNA,www.carvana.com
A,USD,STD,INDL,C,030999,2016-12-31,CARVANA CO,CVNA,www.carvana.com
A,USD,STD,INDL,C,030999,2017-12-31,CARVANA CO,CVNA,www.carvana.com
A,USD,STD,INDL,C,030999,2018-12-31,CARVANA CO,CVNA,www.carvana.com
A,USD,STD,INDL,C,030999,2019-12-31,CARVANA CO,CVNA,www.carvana.com
A,USD,STD,INDL,C,030999,2020-12-31,CARVANA CO,CVNA,www.carvana.com
A,USD,STD,INDL,C,030999,2021-12-31,CARVANA CO,CVNA,www.carvana.com
A,USD,STD,INDL,C,030999,2022-12-31,CARVANA CO,CVNA,www.carvana.com
A,USD,STD,INDL,C,030999,2023-12-31,CARVANA CO,CVNA,www.carvana.com
A,USD,STD,INDL,C,030999,2024-12-31,CARVANA CO,CVNA,www.carvana.com
A,USD,STD,INDL,C,030999,2025-12-31,CARVANA CO,CVNA,www.carvana.com
A,USD,STD,INDL,C,031587,2010-01-31,DOLLAR TREE INC,DLTR,www.dollartree.com
A,USD,STD,INDL,C,031587,2011-01-31,DOLLAR TREE INC,DLTR,www.dollartree.com
A,USD,STD,INDL,C,031587,2012-01-31,DOLLAR TREE INC,DLTR,www.dollartree.com
A,USD,STD,INDL,C,031587,2013-01-31,DOLLAR TREE INC,DLTR,www.dollartree.com
A,USD,STD,INDL,C,031587,2014-01-31,DOLLAR TREE INC,DLTR,www.dollartree.com
A,USD,STD,INDL,C,031587,2015-01-31,DOLLAR TREE INC,DLTR,www.dollartree.com
A,USD,STD,INDL,C,031587,2016-01-31,DOLLAR TREE INC,DLTR,www.dollartree.com
A,USD,STD,INDL,C,031587,2017-01-31,DOLLAR TREE INC,DLTR,www.dollartree.com
A,USD,STD,INDL,C,031587,2018-01-31,DOLLAR TREE INC,DLTR,www.dollartree.com
A,USD,STD,INDL,C,031587,2019-01-31,DOLLAR TREE INC,DLTR,www.dollartree.com
A,USD,STD,INDL,C,031587,2020-01-31,DOLLAR TREE INC,DLTR,www.dollartree.com
A,USD,STD,INDL,C,031587,2021-01-31,DOLLAR TREE INC,DLTR,www.dollartree.com
A,USD,STD,INDL,C,031587,2022-01-31,DOLLAR TREE INC,DLTR,www.dollartree.com
A,USD,STD,INDL,C,031587,2023-01-31,DOLLAR TREE INC,DLTR,www.dollartree.com
A,USD,STD,INDL,C,031587,2024-01-31,DOLLAR TREE INC,DLTR,www.dollartree.com
A,USD,STD,INDL,C,031587,2025-01-31,DOLLAR TREE INC,DLTR,www.dollartree.com
A,USD,STD,INDL,C,031587,2026-01-31,DOLLAR TREE INC,DLTR,www.dollartree.com
A,USD,STD,INDL,C,031673,2010-09-30,CENCORA INC,COR,www.cencora.com
A,USD,STD,INDL,C,031673,2011-09-30,CENCORA INC,COR,www.cencora.com
A,USD,STD,INDL,C,031673,2012-09-30,CENCORA INC,COR,www.cencora.com
A,USD,STD,INDL,C,031673,2013-09-30,CENCORA INC,COR,www.cencora.com
A,USD,STD,INDL,C,031673,2014-09-30,CENCORA INC,COR,www.cencora.com
A,USD,STD,INDL,C,031673,2015-09-30,CENCORA INC,COR,www.cencora.com
A,USD,STD,INDL,C,031673,2016-09-30,CENCORA INC,COR,www.cencora.com
A,USD,STD,INDL,C,031673,2017-09-30,CENCORA INC,COR,www.cencora.com
A,USD,STD,INDL,C,031673,2018-09-30,CENCORA INC,COR,www.cencora.com
A,USD,STD,INDL,C,031673,2019-09-30,CENCORA INC,COR,www.cencora.com
A,USD,STD,INDL,C,031673,2020-09-30,CENCORA INC,COR,www.cencora.com
A,USD,STD,INDL,C,031673,2021-09-30,CENCORA INC,COR,www.cencora.com
A,USD,STD,INDL,C,031673,2022-09-30,CENCORA INC,COR,www.cencora.com
A,USD,STD,INDL,C,031673,2023-09-30,CENCORA INC,COR,www.cencora.com
A,USD,STD,INDL,C,031673,2024-09-30,CENCORA INC,COR,www.cencora.com
A,USD,STD,INDL,C,031673,2025-09-30,CENCORA INC,COR,www.cencora.com
A,USD,STD,INDL,C,031846,2010-05-31,DARDEN RESTAURANTS INC,DRI,www.darden.com
A,USD,STD,INDL,C,031846,2011-05-31,DARDEN RESTAURANTS INC,DRI,www.darden.com
A,USD,STD,INDL,C,031846,2012-05-31,DARDEN RESTAURANTS INC,DRI,www.darden.com
A,USD,STD,INDL,C,031846,2013-05-31,DARDEN RESTAURANTS INC,DRI,www.darden.com
A,USD,STD,INDL,C,031846,2014-05-31,DARDEN RESTAURANTS INC,DRI,www.darden.com
A,USD,STD,INDL,C,031846,2015-05-31,DARDEN RESTAURANTS INC,DRI,www.darden.com
A,USD,STD,INDL,C,031846,2016-05-31,DARDEN RESTAURANTS INC,DRI,www.darden.com
A,USD,STD,INDL,C,031846,2017-05-31,DARDEN RESTAURANTS INC,DRI,www.darden.com
A,USD,STD,INDL,C,031846,2018-05-31,DARDEN RESTAURANTS INC,DRI,www.darden.com
A,USD,STD,INDL,C,031846,2019-05-31,DARDEN RESTAURANTS INC,DRI,www.darden.com
A,USD,STD,INDL,C,031846,2020-05-31,DARDEN RESTAURANTS INC,DRI,www.darden.com
A,USD,STD,INDL,C,031846,2021-05-31,DARDEN RESTAURANTS INC,DRI,www.darden.com
A,USD,STD,INDL,C,031846,2022-05-31,DARDEN RESTAURANTS INC,DRI,www.darden.com
A,USD,STD,INDL,C,031846,2023-05-31,DARDEN RESTAURANTS INC,DRI,www.darden.com
A,USD,STD,INDL,C,031846,2024-05-31,DARDEN RESTAURANTS INC,DRI,www.darden.com
A,USD,STD,INDL,C,031846,2025-05-31,DARDEN RESTAURANTS INC,DRI,www.darden.com
A,USD,STD,INDL,C,031887,2010-06-30,RESMED INC,RMD,www.resmed.com
A,USD,STD,INDL,C,031887,2011-06-30,RESMED INC,RMD,www.resmed.com
A,USD,STD,INDL,C,031887,2012-06-30,RESMED INC,RMD,www.resmed.com
A,USD,STD,INDL,C,031887,2013-06-30,RESMED INC,RMD,www.resmed.com
A,USD,STD,INDL,C,031887,2014-06-30,RESMED INC,RMD,www.resmed.com
A,USD,STD,INDL,C,031887,2015-06-30,RESMED INC,RMD,www.resmed.com
A,USD,STD,INDL,C,031887,2016-06-30,RESMED INC,RMD,www.resmed.com
A,USD,STD,INDL,C,031887,2017-06-30,RESMED INC,RMD,www.resmed.com
A,USD,STD,INDL,C,031887,2018-06-30,RESMED INC,RMD,www.resmed.com
A,USD,STD,INDL,C,031887,2019-06-30,RESMED INC,RMD,www.resmed.com
A,USD,STD,INDL,C,031887,2020-06-30,RESMED INC,RMD,www.resmed.com
A,USD,STD,INDL,C,031887,2021-06-30,RESMED INC,RMD,www.resmed.com
A,USD,STD,INDL,C,031887,2022-06-30,RESMED INC,RMD,www.resmed.com
A,USD,STD,INDL,C,031887,2023-06-30,RESMED INC,RMD,www.resmed.com
A,USD,STD,INDL,C,031887,2024-06-30,RESMED INC,RMD,www.resmed.com
A,USD,STD,INDL,C,031887,2025-06-30,RESMED INC,RMD,www.resmed.com
A,USD,STD,INDL,C,032106,2016-12-31,BAKER HUGHES CO,BKR,www.bakerhughes.com
A,USD,STD,INDL,C,032106,2017-12-31,BAKER HUGHES CO,BKR,www.bakerhughes.com
A,USD,STD,INDL,C,032106,2018-12-31,BAKER HUGHES CO,BKR,www.bakerhughes.com
A,USD,STD,INDL,C,032106,2019-12-31,BAKER HUGHES CO,BKR,www.bakerhughes.com
A,USD,STD,INDL,C,032106,2020-12-31,BAKER HUGHES CO,BKR,www.bakerhughes.com
A,USD,STD,INDL,C,032106,2021-12-31,BAKER HUGHES CO,BKR,www.bakerhughes.com
A,USD,STD,INDL,C,032106,2022-12-31,BAKER HUGHES CO,BKR,www.bakerhughes.com
A,USD,STD,INDL,C,032106,2023-12-31,BAKER HUGHES CO,BKR,www.bakerhughes.com
A,USD,STD,INDL,C,032106,2024-12-31,BAKER HUGHES CO,BKR,www.bakerhughes.com
A,USD,STD,INDL,C,032106,2025-12-31,BAKER HUGHES CO,BKR,www.bakerhughes.com
A,USD,STD,INDL,C,032580,2017-12-31,VICI PROPERTIES INC,VICI,www.viciproperties.com
A,USD,STD,INDL,C,032580,2018-12-31,VICI PROPERTIES INC,VICI,www.viciproperties.com
A,USD,STD,INDL,C,032580,2019-12-31,VICI PROPERTIES INC,VICI,www.viciproperties.com
A,USD,STD,FS,C,032580,2020-12-31,VICI PROPERTIES INC,VICI,www.viciproperties.com
A,USD,STD,INDL,C,032580,2020-12-31,VICI PROPERTIES INC,VICI,www.viciproperties.com
A,USD,STD,FS,C,032580,2021-12-31,VICI PROPERTIES INC,VICI,www.viciproperties.com
A,USD,STD,INDL,C,032580,2021-12-31,VICI PROPERTIES INC,VICI,www.viciproperties.com
A,USD,STD,FS,C,032580,2022-12-31,VICI PROPERTIES INC,VICI,www.viciproperties.com
A,USD,STD,INDL,C,032580,2022-12-31,VICI PROPERTIES INC,VICI,www.viciproperties.com
A,USD,STD,FS,C,032580,2023-12-31,VICI PROPERTIES INC,VICI,www.viciproperties.com
A,USD,STD,INDL,C,032580,2023-12-31,VICI PROPERTIES INC,VICI,www.viciproperties.com
A,USD,STD,FS,C,032580,2024-12-31,VICI PROPERTIES INC,VICI,www.viciproperties.com
A,USD,STD,INDL,C,032580,2024-12-31,VICI PROPERTIES INC,VICI,www.viciproperties.com
A,USD,STD,FS,C,032580,2025-12-31,VICI PROPERTIES INC,VICI,www.viciproperties.com
A,USD,STD,INDL,C,032580,2025-12-31,VICI PROPERTIES INC,VICI,www.viciproperties.com
A,USD,STD,INDL,C,034410,2016-12-31,MODERNA INC,MRNA,www.modernatx.com
A,USD,STD,INDL,C,034410,2017-12-31,MODERNA INC,MRNA,www.modernatx.com
A,USD,STD,INDL,C,034410,2018-12-31,MODERNA INC,MRNA,www.modernatx.com
A,USD,STD,INDL,C,034410,2019-12-31,MODERNA INC,MRNA,www.modernatx.com
A,USD,STD,INDL,C,034410,2020-12-31,MODERNA INC,MRNA,www.modernatx.com
A,USD,STD,INDL,C,034410,2021-12-31,MODERNA INC,MRNA,www.modernatx.com
A,USD,STD,INDL,C,034410,2022-12-31,MODERNA INC,MRNA,www.modernatx.com
A,USD,STD,INDL,C,034410,2023-12-31,MODERNA INC,MRNA,www.modernatx.com
A,USD,STD,INDL,C,034410,2024-12-31,MODERNA INC,MRNA,www.modernatx.com
A,USD,STD,INDL,C,034410,2025-12-31,MODERNA INC,MRNA,www.modernatx.com
A,USD,STD,INDL,C,034443,2016-12-31,DOW INC,DOW,www.dow.com
A,USD,STD,INDL,C,034443,2017-12-31,DOW INC,DOW,www.dow.com
A,USD,STD,INDL,C,034443,2018-12-31,DOW INC,DOW,www.dow.com
A,USD,STD,INDL,C,034443,2019-12-31,DOW INC,DOW,www.dow.com
A,USD,STD,INDL,C,034443,2020-12-31,DOW INC,DOW,www.dow.com
A,USD,STD,INDL,C,034443,2021-12-31,DOW INC,DOW,www.dow.com
A,USD,STD,INDL,C,034443,2022-12-31,DOW INC,DOW,www.dow.com
A,USD,STD,INDL,C,034443,2023-12-31,DOW INC,DOW,www.dow.com
A,USD,STD,INDL,C,034443,2024-12-31,DOW INC,DOW,www.dow.com
A,USD,STD,INDL,C,034443,2025-12-31,DOW INC,DOW,www.dow.com
A,USD,STD,INDL,C,034636,2016-06-30,FOX CORP,FOXA,www.foxcorporation.com
A,USD,STD,INDL,C,034636,2017-06-30,FOX CORP,FOXA,www.foxcorporation.com
A,USD,STD,INDL,C,034636,2018-06-30,FOX CORP,FOXA,www.foxcorporation.com
A,USD,STD,INDL,C,034636,2019-06-30,FOX CORP,FOXA,www.foxcorporation.com
A,USD,STD,INDL,C,034636,2020-06-30,FOX CORP,FOXA,www.foxcorporation.com
A,USD,STD,INDL,C,034636,2021-06-30,FOX CORP,FOXA,www.foxcorporation.com
A,USD,STD,INDL,C,034636,2022-06-30,FOX CORP,FOXA,www.foxcorporation.com
A,USD,STD,INDL,C,034636,2023-06-30,FOX CORP,FOXA,www.foxcorporation.com
A,USD,STD,INDL,C,034636,2024-06-30,FOX CORP,FOXA,www.foxcorporation.com
A,USD,STD,INDL,C,034636,2025-06-30,FOX CORP,FOXA,www.foxcorporation.com
A,USD,STD,INDL,C,034749,2019-12-31,COINBASE GLOBAL INC,COIN,www.coinbase.com
A,USD,STD,INDL,C,034749,2020-12-31,COINBASE GLOBAL INC,COIN,www.coinbase.com
A,USD,STD,INDL,C,034749,2021-12-31,COINBASE GLOBAL INC,COIN,www.coinbase.com
A,USD,STD,INDL,C,034749,2022-12-31,COINBASE GLOBAL INC,COIN,www.coinbase.com
A,USD,STD,INDL,C,034749,2023-12-31,COINBASE GLOBAL INC,COIN,www.coinbase.com
A,USD,STD,INDL,C,034749,2024-12-31,COINBASE GLOBAL INC,COIN,www.coinbase.com
A,USD,STD,INDL,C,034749,2025-12-31,COINBASE GLOBAL INC,COIN,www.coinbase.com
A,USD,STD,INDL,C,035077,2016-12-31,UBER TECHNOLOGIES INC,UBER,www.uber.com
A,USD,STD,INDL,C,035077,2017-12-31,UBER TECHNOLOGIES INC,UBER,www.uber.com
A,USD,STD,INDL,C,035077,2018-12-31,UBER TECHNOLOGIES INC,UBER,www.uber.com
A,USD,STD,INDL,C,035077,2019-12-31,UBER TECHNOLOGIES INC,UBER,www.uber.com
A,USD,STD,INDL,C,035077,2020-12-31,UBER TECHNOLOGIES INC,UBER,www.uber.com
A,USD,STD,INDL,C,035077,2021-12-31,UBER TECHNOLOGIES INC,UBER,www.uber.com
A,USD,STD,INDL,C,035077,2022-12-31,UBER TECHNOLOGIES INC,UBER,www.uber.com
A,USD,STD,INDL,C,035077,2023-12-31,UBER TECHNOLOGIES INC,UBER,www.uber.com
A,USD,STD,INDL,C,035077,2024-12-31,UBER TECHNOLOGIES INC,UBER,www.uber.com
A,USD,STD,INDL,C,035077,2025-12-31,UBER TECHNOLOGIES INC,UBER,www.uber.com
A,USD,STD,INDL,C,035168,2016-12-31,CORTEVA INC,CTVA,www.corteva.com
A,USD,STD,INDL,C,035168,2017-12-31,CORTEVA INC,CTVA,www.corteva.com
A,USD,STD,INDL,C,035168,2018-12-31,CORTEVA INC,CTVA,www.corteva.com
A,USD,STD,INDL,C,035168,2019-12-31,CORTEVA INC,CTVA,www.corteva.com
A,USD,STD,INDL,C,035168,2020-12-31,CORTEVA INC,CTVA,www.corteva.com
A,USD,STD,INDL,C,035168,2021-12-31,CORTEVA INC,CTVA,www.corteva.com
A,USD,STD,INDL,C,035168,2022-12-31,CORTEVA INC,CTVA,www.corteva.com
A,USD,STD,INDL,C,035168,2023-12-31,CORTEVA INC,CTVA,www.corteva.com
A,USD,STD,INDL,C,035168,2024-12-31,CORTEVA INC,CTVA,www.corteva.com
A,USD,STD,INDL,C,035168,2025-12-31,CORTEVA INC,CTVA,www.corteva.com
A,USD,STD,INDL,C,035182,2017-01-31,CROWDSTRIKE HOLDINGS INC,CRWD,www.crowdstrike.com
A,USD,STD,INDL,C,035182,2018-01-31,CROWDSTRIKE HOLDINGS INC,CRWD,www.crowdstrike.com
A,USD,STD,INDL,C,035182,2019-01-31,CROWDSTRIKE HOLDINGS INC,CRWD,www.crowdstrike.com
A,USD,STD,INDL,C,035182,2020-01-31,CROWDSTRIKE HOLDINGS INC,CRWD,www.crowdstrike.com
A,USD,STD,INDL,C,035182,2021-01-31,CROWDSTRIKE HOLDINGS INC,CRWD,www.crowdstrike.com
A,USD,STD,INDL,C,035182,2022-01-31,CROWDSTRIKE HOLDINGS INC,CRWD,www.crowdstrike.com
A,USD,STD,INDL,C,035182,2023-01-31,CROWDSTRIKE HOLDINGS INC,CRWD,www.crowdstrike.com
A,USD,STD,INDL,C,035182,2024-01-31,CROWDSTRIKE HOLDINGS INC,CRWD,www.crowdstrike.com
A,USD,STD,INDL,C,035182,2025-01-31,CROWDSTRIKE HOLDINGS INC,CRWD,www.crowdstrike.com
A,USD,STD,INDL,C,035182,2026-01-31,CROWDSTRIKE HOLDINGS INC,CRWD,www.crowdstrike.com
A,USD,STD,INDL,C,035620,2017-12-31,DATADOG INC,DDOG,www.datadoghq.com
A,USD,STD,INDL,C,035620,2018-12-31,DATADOG INC,DDOG,www.datadoghq.com
A,USD,STD,INDL,C,035620,2019-12-31,DATADOG INC,DDOG,www.datadoghq.com
A,USD,STD,INDL,C,035620,2020-12-31,DATADOG INC,DDOG,www.datadoghq.com
A,USD,STD,INDL,C,035620,2021-12-31,DATADOG INC,DDOG,www.datadoghq.com
A,USD,STD,INDL,C,035620,2022-12-31,DATADOG INC,DDOG,www.datadoghq.com
A,USD,STD,INDL,C,035620,2023-12-31,DATADOG INC,DDOG,www.datadoghq.com
A,USD,STD,INDL,C,035620,2024-12-31,DATADOG INC,DDOG,www.datadoghq.com
A,USD,STD,INDL,C,035620,2025-12-31,DATADOG INC,DDOG,www.datadoghq.com
A,USD,STD,INDL,C,036175,2018-12-31,VERTIV HOLDINGS CO,VRT,www.vertiv.com
A,USD,STD,INDL,C,036175,2019-12-31,VERTIV HOLDINGS CO,VRT,www.vertiv.com
A,USD,STD,INDL,C,036175,2020-12-31,VERTIV HOLDINGS CO,VRT,www.vertiv.com
A,USD,STD,INDL,C,036175,2021-12-31,VERTIV HOLDINGS CO,VRT,www.vertiv.com
A,USD,STD,INDL,C,036175,2022-12-31,VERTIV HOLDINGS CO,VRT,www.vertiv.com
A,USD,STD,INDL,C,036175,2023-12-31,VERTIV HOLDINGS CO,VRT,www.vertiv.com
A,USD,STD,INDL,C,036175,2024-12-31,VERTIV HOLDINGS CO,VRT,www.vertiv.com
A,USD,STD,INDL,C,036175,2025-12-31,VERTIV HOLDINGS CO,VRT,www.vertiv.com
A,USD,STD,INDL,C,036190,2016-12-31,OTIS WORLDWIDE CORP,OTIS,www.otis.com
A,USD,STD,INDL,C,036190,2017-12-31,OTIS WORLDWIDE CORP,OTIS,www.otis.com
A,USD,STD,INDL,C,036190,2018-12-31,OTIS WORLDWIDE CORP,OTIS,www.otis.com
A,USD,STD,INDL,C,036190,2019-12-31,OTIS WORLDWIDE CORP,OTIS,www.otis.com
A,USD,STD,INDL,C,036190,2020-12-31,OTIS WORLDWIDE CORP,OTIS,www.otis.com
A,USD,STD,INDL,C,036190,2021-12-31,OTIS WORLDWIDE CORP,OTIS,www.otis.com
A,USD,STD,INDL,C,036190,2022-12-31,OTIS WORLDWIDE CORP,OTIS,www.otis.com
A,USD,STD,INDL,C,036190,2023-12-31,OTIS WORLDWIDE CORP,OTIS,www.otis.com
A,USD,STD,INDL,C,036190,2024-12-31,OTIS WORLDWIDE CORP,OTIS,www.otis.com
A,USD,STD,INDL,C,036190,2025-12-31,OTIS WORLDWIDE CORP,OTIS,www.otis.com
A,USD,STD,INDL,C,036191,2018-12-31,CARRIER GLOBAL CORP,CARR,www.carrier.com
A,USD,STD,INDL,C,036191,2019-12-31,CARRIER GLOBAL CORP,CARR,www.carrier.com
A,USD,STD,INDL,C,036191,2020-12-31,CARRIER GLOBAL CORP,CARR,www.carrier.com
A,USD,STD,INDL,C,036191,2021-12-31,CARRIER GLOBAL CORP,CARR,www.carrier.com
A,USD,STD,INDL,C,036191,2022-12-31,CARRIER GLOBAL CORP,CARR,www.carrier.com
A,USD,STD,INDL,C,036191,2023-12-31,CARRIER GLOBAL CORP,CARR,www.carrier.com
A,USD,STD,INDL,C,036191,2024-12-31,CARRIER GLOBAL CORP,CARR,www.carrier.com
A,USD,STD,INDL,C,036191,2025-12-31,CARRIER GLOBAL CORP,CARR,www.carrier.com
A,USD,STD,INDL,C,036910,2018-12-31,PALANTIR TECHNOLOG INC,PLTR,www.palantir.com
A,USD,STD,INDL,C,036910,2019-12-31,PALANTIR TECHNOLOG INC,PLTR,www.palantir.com
A,USD,STD,INDL,C,036910,2020-12-31,PALANTIR TECHNOLOG INC,PLTR,www.palantir.com
A,USD,STD,INDL,C,036910,2021-12-31,PALANTIR TECHNOLOG INC,PLTR,www.palantir.com
A,USD,STD,INDL,C,036910,2022-12-31,PALANTIR TECHNOLOG INC,PLTR,www.palantir.com
A,USD,STD,INDL,C,036910,2023-12-31,PALANTIR TECHNOLOG INC,PLTR,www.palantir.com
A,USD,STD,INDL,C,036910,2024-12-31,PALANTIR TECHNOLOG INC,PLTR,www.palantir.com
A,USD,STD,INDL,C,036910,2025-12-31,PALANTIR TECHNOLOG INC,PLTR,www.palantir.com
A,USD,STD,INDL,C,037420,2018-12-31,DOORDASH INC,DASH,www.doordash.com
A,USD,STD,INDL,C,037420,2019-12-31,DOORDASH INC,DASH,www.doordash.com
A,USD,STD,INDL,C,037420,2020-12-31,DOORDASH INC,DASH,www.doordash.com
A,USD,STD,INDL,C,037420,2021-12-31,DOORDASH INC,DASH,www.doordash.com
A,USD,STD,INDL,C,037420,2022-12-31,DOORDASH INC,DASH,www.doordash.com
A,USD,STD,INDL,C,037420,2023-12-31,DOORDASH INC,DASH,www.doordash.com
A,USD,STD,INDL,C,037420,2024-12-31,DOORDASH INC,DASH,www.doordash.com
A,USD,STD,INDL,C,037420,2025-12-31,DOORDASH INC,DASH,www.doordash.com
A,USD,STD,INDL,C,037460,2016-12-31,AIRBNB INC,ABNB,www.airbnb.com
A,USD,STD,INDL,C,037460,2017-12-31,AIRBNB INC,ABNB,www.airbnb.com
A,USD,STD,INDL,C,037460,2018-12-31,AIRBNB INC,ABNB,www.airbnb.com
A,USD,STD,INDL,C,037460,2019-12-31,AIRBNB INC,ABNB,www.airbnb.com
A,USD,STD,INDL,C,037460,2020-12-31,AIRBNB INC,ABNB,www.airbnb.com
A,USD,STD,INDL,C,037460,2021-12-31,AIRBNB INC,ABNB,www.airbnb.com
A,USD,STD,INDL,C,037460,2022-12-31,AIRBNB INC,ABNB,www.airbnb.com
A,USD,STD,INDL,C,037460,2023-12-31,AIRBNB INC,ABNB,www.airbnb.com
A,USD,STD,INDL,C,037460,2024-12-31,AIRBNB INC,ABNB,www.airbnb.com
A,USD,STD,INDL,C,037460,2025-12-31,AIRBNB INC,ABNB,www.airbnb.com
A,USD,STD,INDL,C,038212,2019-12-31,APPLOVIN CORP,APP,www.applovin.com
A,USD,STD,INDL,C,038212,2020-12-31,APPLOVIN CORP,APP,www.applovin.com
A,USD,STD,INDL,C,038212,2021-12-31,APPLOVIN CORP,APP,www.applovin.com
A,USD,STD,INDL,C,038212,2022-12-31,APPLOVIN CORP,APP,www.applovin.com
A,USD,STD,INDL,C,038212,2023-12-31,APPLOVIN CORP,APP,www.applovin.com
A,USD,STD,INDL,C,038212,2024-12-31,APPLOVIN CORP,APP,www.applovin.com
A,USD,STD,INDL,C,038212,2025-12-31,APPLOVIN CORP,APP,www.applovin.com
A,USD,STD,INDL,C,039293,2019-12-31,ROBINHOOD MARKETS INC,HOOD,robinhood.com
A,USD,STD,INDL,C,039293,2020-12-31,ROBINHOOD MARKETS INC,HOOD,robinhood.com
A,USD,STD,INDL,C,039293,2021-12-31,ROBINHOOD MARKETS INC,HOOD,robinhood.com
A,USD,STD,INDL,C,039293,2022-12-31,ROBINHOOD MARKETS INC,HOOD,robinhood.com
A,USD,STD,INDL,C,039293,2023-12-31,ROBINHOOD MARKETS INC,HOOD,robinhood.com
A,USD,STD,INDL,C,039293,2024-12-31,ROBINHOOD MARKETS INC,HOOD,robinhood.com
A,USD,STD,INDL,C,039293,2025-12-31,ROBINHOOD MARKETS INC,HOOD,robinhood.com
A,USD,STD,INDL,C,040614,2020-12-31,CONSTELLATION ENE CORP,CEG,www.constellationenergy.com
A,USD,STD,INDL,C,040614,2021-12-31,CONSTELLATION ENE CORP,CEG,www.constellationenergy.com
A,USD,STD,INDL,C,040614,2022-12-31,CONSTELLATION ENE CORP,CEG,www.constellationenergy.com
A,USD,STD,INDL,C,040614,2023-12-31,CONSTELLATION ENE CORP,CEG,www.constellationenergy.com
A,USD,STD,INDL,C,040614,2024-12-31,CONSTELLATION ENE CORP,CEG,www.constellationenergy.com
A,USD,STD,INDL,C,040614,2025-12-31,CONSTELLATION ENE CORP,CEG,www.constellationenergy.com
A,USD,STD,INDL,C,041818,2019-12-31,GE HEALTHCARE TECHNOLOGI INC,GEHC,www.gehealthcare.com
A,USD,STD,INDL,C,041818,2020-12-31,GE HEALTHCARE TECHNOLOGI INC,GEHC,www.gehealthcare.com
A,USD,STD,INDL,C,041818,2021-12-31,GE HEALTHCARE TECHNOLOGI INC,GEHC,www.gehealthcare.com
A,USD,STD,INDL,C,041818,2022-12-31,GE HEALTHCARE TECHNOLOGI INC,GEHC,www.gehealthcare.com
A,USD,STD,INDL,C,041818,2023-12-31,GE HEALTHCARE TECHNOLOGI INC,GEHC,www.gehealthcare.com
A,USD,STD,INDL,C,041818,2024-12-31,GE HEALTHCARE TECHNOLOGI INC,GEHC,www.gehealthcare.com
A,USD,STD,INDL,C,041818,2025-12-31,GE HEALTHCARE TECHNOLOGI INC,GEHC,www.gehealthcare.com
A,USD,STD,INDL,C,041897,2019-12-31,KENVUE INC,KVUE,www.kenvue.com
A,USD,STD,INDL,C,041897,2020-12-31,KENVUE INC,KVUE,www.kenvue.com
A,USD,STD,INDL,C,041897,2021-12-31,KENVUE INC,KVUE,www.kenvue.com
A,USD,STD,INDL,C,041897,2022-12-31,KENVUE INC,KVUE,www.kenvue.com
A,USD,STD,INDL,C,041897,2023-12-31,KENVUE INC,KVUE,www.kenvue.com
A,USD,STD,INDL,C,041897,2024-12-31,KENVUE INC,KVUE,www.kenvue.com
A,USD,STD,INDL,C,041897,2025-12-31,KENVUE INC,KVUE,www.kenvue.com
A,USD,STD,INDL,C,043197,2021-12-31,VERALTO CORP,VLTO,www.veralto.com
A,USD,STD,INDL,C,043197,2022-12-31,VERALTO CORP,VLTO,www.veralto.com
A,USD,STD,INDL,C,043197,2023-12-31,VERALTO CORP,VLTO,www.veralto.com
A,USD,STD,INDL,C,043197,2024-12-31,VERALTO CORP,VLTO,www.veralto.com
A,USD,STD,INDL,C,043197,2025-12-31,VERALTO CORP,VLTO,www.veralto.com
A,USD,STD,INDL,C,045167,2021-12-31,SOLVENTUM CORP,SOLV,www.solventum.com
A,USD,STD,INDL,C,045167,2022-12-31,SOLVENTUM CORP,SOLV,www.solventum.com
A,USD,STD,INDL,C,045167,2023-12-31,SOLVENTUM CORP,SOLV,www.solventum.com
A,USD,STD,INDL,C,045167,2024-12-31,SOLVENTUM CORP,SOLV,www.solventum.com
A,USD,STD,INDL,C,045167,2025-12-31,SOLVENTUM CORP,SOLV,www.solventum.com
A,USD,STD,INDL,C,045169,2021-12-31,GE VERNOVA INC,GEV,www.gevernova.com
A,USD,STD,INDL,C,045169,2022-12-31,GE VERNOVA INC,GEV,www.gevernova.com
A,USD,STD,INDL,C,045169,2023-12-31,GE VERNOVA INC,GEV,www.gevernova.com
A,USD,STD,INDL,C,045169,2024-12-31,GE VERNOVA INC,GEV,www.gevernova.com
A,USD,STD,INDL,C,045169,2025-12-31,GE VERNOVA INC,GEV,www.gevernova.com
A,USD,STD,INDL,C,051008,2022-06-30,SANDISK CORP,SNDK,www.sandisk.com
A,USD,STD,INDL,C,051008,2023-06-30,SANDISK CORP,SNDK,www.sandisk.com
A,USD,STD,INDL,C,051008,2024-06-30,SANDISK CORP,SNDK,www.sandisk.com
A,USD,STD,INDL,C,051008,2025-06-30,SANDISK CORP,SNDK,www.sandisk.com
A,USD,STD,INDL,C,060979,2010-12-31,WABTEC CORP,WAB,www.wabteccorp.com
A,USD,STD,INDL,C,060979,2011-12-31,WABTEC CORP,WAB,www.wabteccorp.com
A,USD,STD,INDL,C,060979,2012-12-31,WABTEC CORP,WAB,www.wabteccorp.com
A,USD,STD,INDL,C,060979,2013-12-31,WABTEC CORP,WAB,www.wabteccorp.com
A,USD,STD,INDL,C,060979,2014-12-31,WABTEC CORP,WAB,www.wabteccorp.com
A,USD,STD,INDL,C,060979,2015-12-31,WABTEC CORP,WAB,www.wabteccorp.com
A,USD,STD,INDL,C,060979,2016-12-31,WABTEC CORP,WAB,www.wabteccorp.com
A,USD,STD,INDL,C,060979,2017-12-31,WABTEC CORP,WAB,www.wabteccorp.com
A,USD,STD,INDL,C,060979,2018-12-31,WABTEC CORP,WAB,www.wabteccorp.com
A,USD,STD,INDL,C,060979,2019-12-31,WABTEC CORP,WAB,www.wabteccorp.com
A,USD,STD,INDL,C,060979,2020-12-31,WABTEC CORP,WAB,www.wabteccorp.com
A,USD,STD,INDL,C,060979,2021-12-31,WABTEC CORP,WAB,www.wabteccorp.com
A,USD,STD,INDL,C,060979,2022-12-31,WABTEC CORP,WAB,www.wabteccorp.com
A,USD,STD,INDL,C,060979,2023-12-31,WABTEC CORP,WAB,www.wabteccorp.com
A,USD,STD,INDL,C,060979,2024-12-31,WABTEC CORP,WAB,www.wabteccorp.com
A,USD,STD,INDL,C,060979,2025-12-31,WABTEC CORP,WAB,www.wabteccorp.com
A,USD,STD,FS,C,061302,2010-12-31,ARCH CAPITAL GROUP LTD,ACGL,www.archgroup.com
A,USD,STD,INDL,C,061302,2010-12-31,ARCH CAPITAL GROUP LTD,ACGL,www.archgroup.com
A,USD,STD,FS,C,061302,2011-12-31,ARCH CAPITAL GROUP LTD,ACGL,www.archgroup.com
A,USD,STD,INDL,C,061302,2011-12-31,ARCH CAPITAL GROUP LTD,ACGL,www.archgroup.com
A,USD,STD,FS,C,061302,2012-12-31,ARCH CAPITAL GROUP LTD,ACGL,www.archgroup.com
A,USD,STD,INDL,C,061302,2012-12-31,ARCH CAPITAL GROUP LTD,ACGL,www.archgroup.com
A,USD,STD,FS,C,061302,2013-12-31,ARCH CAPITAL GROUP LTD,ACGL,www.archgroup.com
A,USD,STD,INDL,C,061302,2013-12-31,ARCH CAPITAL GROUP LTD,ACGL,www.archgroup.com
A,USD,STD,FS,C,061302,2014-12-31,ARCH CAPITAL GROUP LTD,ACGL,www.archgroup.com
A,USD,STD,INDL,C,061302,2014-12-31,ARCH CAPITAL GROUP LTD,ACGL,www.archgroup.com
A,USD,STD,FS,C,061302,2015-12-31,ARCH CAPITAL GROUP LTD,ACGL,www.archgroup.com
A,USD,STD,INDL,C,061302,2015-12-31,ARCH CAPITAL GROUP LTD,ACGL,www.archgroup.com
A,USD,STD,FS,C,061302,2016-12-31,ARCH CAPITAL GROUP LTD,ACGL,www.archgroup.com
A,USD,STD,INDL,C,061302,2016-12-31,ARCH CAPITAL GROUP LTD,ACGL,www.archgroup.com
A,USD,STD,FS,C,061302,2017-12-31,ARCH CAPITAL GROUP LTD,ACGL,www.archgroup.com
A,USD,STD,INDL,C,061302,2017-12-31,ARCH CAPITAL GROUP LTD,ACGL,www.archgroup.com
A,USD,STD,FS,C,061302,2018-12-31,ARCH CAPITAL GROUP LTD,ACGL,www.archgroup.com
A,USD,STD,INDL,C,061302,2018-12-31,ARCH CAPITAL GROUP LTD,ACGL,www.archgroup.com
A,USD,STD,FS,C,061302,2019-12-31,ARCH CAPITAL GROUP LTD,ACGL,www.archgroup.com
A,USD,STD,INDL,C,061302,2019-12-31,ARCH CAPITAL GROUP LTD,ACGL,www.archgroup.com
A,USD,STD,FS,C,061302,2020-12-31,ARCH CAPITAL GROUP LTD,ACGL,www.archgroup.com
A,USD,STD,INDL,C,061302,2020-12-31,ARCH CAPITAL GROUP LTD,ACGL,www.archgroup.com
A,USD,STD,FS,C,061302,2021-12-31,ARCH CAPITAL GROUP LTD,ACGL,www.archgroup.com
A,USD,STD,INDL,C,061302,2021-12-31,ARCH CAPITAL GROUP LTD,ACGL,www.archgroup.com
A,USD,STD,FS,C,061302,2022-12-31,ARCH CAPITAL GROUP LTD,ACGL,www.archgroup.com
A,USD,STD,INDL,C,061302,2022-12-31,ARCH CAPITAL GROUP LTD,ACGL,www.archgroup.com
A,USD,STD,FS,C,061302,2023-12-31,ARCH CAPITAL GROUP LTD,ACGL,www.archgroup.com
A,USD,STD,INDL,C,061302,2023-12-31,ARCH CAPITAL GROUP LTD,ACGL,www.archgroup.com
A,USD,STD,FS,C,061302,2024-12-31,ARCH CAPITAL GROUP LTD,ACGL,www.archgroup.com
A,USD,STD,INDL,C,061302,2024-12-31,ARCH CAPITAL GROUP LTD,ACGL,www.archgroup.com
A,USD,STD,FS,C,061302,2025-12-31,ARCH CAPITAL GROUP LTD,ACGL,www.archgroup.com
A,USD,STD,INDL,C,061302,2025-12-31,ARCH CAPITAL GROUP LTD,ACGL,www.archgroup.com
A,USD,STD,FS,C,061380,2010-12-31,ERIE INDEMNITY CO,ERIE,www.erieinsurance.com
A,USD,STD,INDL,C,061380,2010-12-31,ERIE INDEMNITY CO,ERIE,www.erieinsurance.com
A,USD,STD,FS,C,061380,2011-12-31,ERIE INDEMNITY CO,ERIE,www.erieinsurance.com
A,USD,STD,INDL,C,061380,2011-12-31,ERIE INDEMNITY CO,ERIE,www.erieinsurance.com
A,USD,STD,FS,C,061380,2012-12-31,ERIE INDEMNITY CO,ERIE,www.erieinsurance.com
A,USD,STD,INDL,C,061380,2012-12-31,ERIE INDEMNITY CO,ERIE,www.erieinsurance.com
A,USD,STD,FS,C,061380,2013-12-31,ERIE INDEMNITY CO,ERIE,www.erieinsurance.com
A,USD,STD,INDL,C,061380,2013-12-31,ERIE INDEMNITY CO,ERIE,www.erieinsurance.com
A,USD,STD,FS,C,061380,2014-12-31,ERIE INDEMNITY CO,ERIE,www.erieinsurance.com
A,USD,STD,INDL,C,061380,2014-12-31,ERIE INDEMNITY CO,ERIE,www.erieinsurance.com
A,USD,STD,FS,C,061380,2015-12-31,ERIE INDEMNITY CO,ERIE,www.erieinsurance.com
A,USD,STD,INDL,C,061380,2015-12-31,ERIE INDEMNITY CO,ERIE,www.erieinsurance.com
A,USD,STD,FS,C,061380,2016-12-31,ERIE INDEMNITY CO,ERIE,www.erieinsurance.com
A,USD,STD,INDL,C,061380,2016-12-31,ERIE INDEMNITY CO,ERIE,www.erieinsurance.com
A,USD,STD,FS,C,061380,2017-12-31,ERIE INDEMNITY CO,ERIE,www.erieinsurance.com
A,USD,STD,INDL,C,061380,2017-12-31,ERIE INDEMNITY CO,ERIE,www.erieinsurance.com
A,USD,STD,FS,C,061380,2018-12-31,ERIE INDEMNITY CO,ERIE,www.erieinsurance.com
A,USD,STD,INDL,C,061380,2018-12-31,ERIE INDEMNITY CO,ERIE,www.erieinsurance.com
A,USD,STD,FS,C,061380,2019-12-31,ERIE INDEMNITY CO,ERIE,www.erieinsurance.com
A,USD,STD,INDL,C,061380,2019-12-31,ERIE INDEMNITY CO,ERIE,www.erieinsurance.com
A,USD,STD,FS,C,061380,2020-12-31,ERIE INDEMNITY CO,ERIE,www.erieinsurance.com
A,USD,STD,INDL,C,061380,2020-12-31,ERIE INDEMNITY CO,ERIE,www.erieinsurance.com
A,USD,STD,FS,C,061380,2021-12-31,ERIE INDEMNITY CO,ERIE,www.erieinsurance.com
A,USD,STD,INDL,C,061380,2021-12-31,ERIE INDEMNITY CO,ERIE,www.erieinsurance.com
A,USD,STD,FS,C,061380,2022-12-31,ERIE INDEMNITY CO,ERIE,www.erieinsurance.com
A,USD,STD,INDL,C,061380,2022-12-31,ERIE INDEMNITY CO,ERIE,www.erieinsurance.com
A,USD,STD,FS,C,061380,2023-12-31,ERIE INDEMNITY CO,ERIE,www.erieinsurance.com
A,USD,STD,INDL,C,061380,2023-12-31,ERIE INDEMNITY CO,ERIE,www.erieinsurance.com
A,USD,STD,FS,C,061380,2024-12-31,ERIE INDEMNITY CO,ERIE,www.erieinsurance.com
A,USD,STD,INDL,C,061380,2024-12-31,ERIE INDEMNITY CO,ERIE,www.erieinsurance.com
A,USD,STD,FS,C,061380,2025-12-31,ERIE INDEMNITY CO,ERIE,www.erieinsurance.com
A,USD,STD,INDL,C,061380,2025-12-31,ERIE INDEMNITY CO,ERIE,www.erieinsurance.com
A,USD,STD,FS,C,061388,2010-12-31,EVEREST GROUP LTD,EG,www.everestglobal.com
A,USD,STD,INDL,C,061388,2010-12-31,EVEREST GROUP LTD,EG,www.everestglobal.com
A,USD,STD,FS,C,061388,2011-12-31,EVEREST GROUP LTD,EG,www.everestglobal.com
A,USD,STD,INDL,C,061388,2011-12-31,EVEREST GROUP LTD,EG,www.everestglobal.com
A,USD,STD,FS,C,061388,2012-12-31,EVEREST GROUP LTD,EG,www.everestglobal.com
A,USD,STD,INDL,C,061388,2012-12-31,EVEREST GROUP LTD,EG,www.everestglobal.com
A,USD,STD,FS,C,061388,2013-12-31,EVEREST GROUP LTD,EG,www.everestglobal.com
A,USD,STD,INDL,C,061388,2013-12-31,EVEREST GROUP LTD,EG,www.everestglobal.com
A,USD,STD,FS,C,061388,2014-12-31,EVEREST GROUP LTD,EG,www.everestglobal.com
A,USD,STD,INDL,C,061388,2014-12-31,EVEREST GROUP LTD,EG,www.everestglobal.com
A,USD,STD,FS,C,061388,2015-12-31,EVEREST GROUP LTD,EG,www.everestglobal.com
A,USD,STD,INDL,C,061388,2015-12-31,EVEREST GROUP LTD,EG,www.everestglobal.com
A,USD,STD,FS,C,061388,2016-12-31,EVEREST GROUP LTD,EG,www.everestglobal.com
A,USD,STD,INDL,C,061388,2016-12-31,EVEREST GROUP LTD,EG,www.everestglobal.com
A,USD,STD,FS,C,061388,2017-12-31,EVEREST GROUP LTD,EG,www.everestglobal.com
A,USD,STD,INDL,C,061388,2017-12-31,EVEREST GROUP LTD,EG,www.everestglobal.com
A,USD,STD,FS,C,061388,2018-12-31,EVEREST GROUP LTD,EG,www.everestglobal.com
A,USD,STD,INDL,C,061388,2018-12-31,EVEREST GROUP LTD,EG,www.everestglobal.com
A,USD,STD,FS,C,061388,2019-12-31,EVEREST GROUP LTD,EG,www.everestglobal.com
A,USD,STD,INDL,C,061388,2019-12-31,EVEREST GROUP LTD,EG,www.everestglobal.com
A,USD,STD,FS,C,061388,2020-12-31,EVEREST GROUP LTD,EG,www.everestglobal.com
A,USD,STD,INDL,C,061388,2020-12-31,EVEREST GROUP LTD,EG,www.everestglobal.com
A,USD,STD,FS,C,061388,2021-12-31,EVEREST GROUP LTD,EG,www.everestglobal.com
A,USD,STD,INDL,C,061388,2021-12-31,EVEREST GROUP LTD,EG,www.everestglobal.com
A,USD,STD,FS,C,061388,2022-12-31,EVEREST GROUP LTD,EG,www.everestglobal.com
A,USD,STD,INDL,C,061388,2022-12-31,EVEREST GROUP LTD,EG,www.everestglobal.com
A,USD,STD,FS,C,061388,2023-12-31,EVEREST GROUP LTD,EG,www.everestglobal.com
A,USD,STD,INDL,C,061388,2023-12-31,EVEREST GROUP LTD,EG,www.everestglobal.com
A,USD,STD,FS,C,061388,2024-12-31,EVEREST GROUP LTD,EG,www.everestglobal.com
A,USD,STD,INDL,C,061388,2024-12-31,EVEREST GROUP LTD,EG,www.everestglobal.com
A,USD,STD,FS,C,061388,2025-12-31,EVEREST GROUP LTD,EG,www.everestglobal.com
A,USD,STD,INDL,C,061388,2025-12-31,EVEREST GROUP LTD,EG,www.everestglobal.com
A,USD,STD,INDL,C,061420,2010-12-31,POOL CORP,POOL,www.poolcorp.com
A,USD,STD,INDL,C,061420,2011-12-31,POOL CORP,POOL,www.poolcorp.com
A,USD,STD,INDL,C,061420,2012-12-31,POOL CORP,POOL,www.poolcorp.com
A,USD,STD,INDL,C,061420,2013-12-31,POOL CORP,POOL,www.poolcorp.com
A,USD,STD,INDL,C,061420,2014-12-31,POOL CORP,POOL,www.poolcorp.com
A,USD,STD,INDL,C,061420,2015-12-31,POOL CORP,POOL,www.poolcorp.com
A,USD,STD,INDL,C,061420,2016-12-31,POOL CORP,POOL,www.poolcorp.com
A,USD,STD,INDL,C,061420,2017-12-31,POOL CORP,POOL,www.poolcorp.com
A,USD,STD,INDL,C,061420,2018-12-31,POOL CORP,POOL,www.poolcorp.com
A,USD,STD,INDL,C,061420,2019-12-31,POOL CORP,POOL,www.poolcorp.com
A,USD,STD,INDL,C,061420,2020-12-31,POOL CORP,POOL,www.poolcorp.com
A,USD,STD,INDL,C,061420,2021-12-31,POOL CORP,POOL,www.poolcorp.com
A,USD,STD,INDL,C,061420,2022-12-31,POOL CORP,POOL,www.poolcorp.com
A,USD,STD,INDL,C,061420,2023-12-31,POOL CORP,POOL,www.poolcorp.com
A,USD,STD,INDL,C,061420,2024-12-31,POOL CORP,POOL,www.poolcorp.com
A,USD,STD,INDL,C,061420,2025-12-31,POOL CORP,POOL,www.poolcorp.com
A,USD,STD,INDL,C,061483,2010-12-31,DAVITA INC,DVA,www.davita.com
A,USD,STD,INDL,C,061483,2011-12-31,DAVITA INC,DVA,www.davita.com
A,USD,STD,INDL,C,061483,2012-12-31,DAVITA INC,DVA,www.davita.com
A,USD,STD,INDL,C,061483,2013-12-31,DAVITA INC,DVA,www.davita.com
A,USD,STD,INDL,C,061483,2014-12-31,DAVITA INC,DVA,www.davita.com
A,USD,STD,INDL,C,061483,2015-12-31,DAVITA INC,DVA,www.davita.com
A,USD,STD,INDL,C,061483,2016-12-31,DAVITA INC,DVA,www.davita.com
A,USD,STD,INDL,C,061483,2017-12-31,DAVITA INC,DVA,www.davita.com
A,USD,STD,INDL,C,061483,2018-12-31,DAVITA INC,DVA,www.davita.com
A,USD,STD,INDL,C,061483,2019-12-31,DAVITA INC,DVA,www.davita.com
A,USD,STD,INDL,C,061483,2020-12-31,DAVITA INC,DVA,www.davita.com
A,USD,STD,INDL,C,061483,2021-12-31,DAVITA INC,DVA,www.davita.com
A,USD,STD,INDL,C,061483,2022-12-31,DAVITA INC,DVA,www.davita.com
A,USD,STD,INDL,C,061483,2023-12-31,DAVITA INC,DVA,www.davita.com
A,USD,STD,INDL,C,061483,2024-12-31,DAVITA INC,DVA,www.davita.com
A,USD,STD,INDL,C,061483,2025-12-31,DAVITA INC,DVA,www.davita.com
A,USD,STD,INDL,C,061494,2010-12-31,HENRY SCHEIN INC,HSIC,www.henryschein.com
A,USD,STD,INDL,C,061494,2011-12-31,HENRY SCHEIN INC,HSIC,www.henryschein.com
A,USD,STD,INDL,C,061494,2012-12-31,HENRY SCHEIN INC,HSIC,www.henryschein.com
A,USD,STD,INDL,C,061494,2013-12-31,HENRY SCHEIN INC,HSIC,www.henryschein.com
A,USD,STD,INDL,C,061494,2014-12-31,HENRY SCHEIN INC,HSIC,www.henryschein.com
A,USD,STD,INDL,C,061494,2015-12-31,HENRY SCHEIN INC,HSIC,www.henryschein.com
A,USD,STD,INDL,C,061494,2016-12-31,HENRY SCHEIN INC,HSIC,www.henryschein.com
A,USD,STD,INDL,C,061494,2017-12-31,HENRY SCHEIN INC,HSIC,www.henryschein.com
A,USD,STD,INDL,C,061494,2018-12-31,HENRY SCHEIN INC,HSIC,www.henryschein.com
A,USD,STD,INDL,C,061494,2019-12-31,HENRY SCHEIN INC,HSIC,www.henryschein.com
A,USD,STD,INDL,C,061494,2020-12-31,HENRY SCHEIN INC,HSIC,www.henryschein.com
A,USD,STD,INDL,C,061494,2021-12-31,HENRY SCHEIN INC,HSIC,www.henryschein.com
A,USD,STD,INDL,C,061494,2022-12-31,HENRY SCHEIN INC,HSIC,www.henryschein.com
A,USD,STD,INDL,C,061494,2023-12-31,HENRY SCHEIN INC,HSIC,www.henryschein.com
A,USD,STD,INDL,C,061494,2024-12-31,HENRY SCHEIN INC,HSIC,www.henryschein.com
A,USD,STD,INDL,C,061494,2025-12-31,HENRY SCHEIN INC,HSIC,www.henryschein.com
A,USD,STD,INDL,C,061567,2010-06-30,ESTEE LAUDER COMPANIES INC,EL,www.elcompanies.com
A,USD,STD,INDL,C,061567,2011-06-30,ESTEE LAUDER COMPANIES INC,EL,www.elcompanies.com
A,USD,STD,INDL,C,061567,2012-06-30,ESTEE LAUDER COMPANIES INC,EL,www.elcompanies.com
A,USD,STD,INDL,C,061567,2013-06-30,ESTEE LAUDER COMPANIES INC,EL,www.elcompanies.com
A,USD,STD,INDL,C,061567,2014-06-30,ESTEE LAUDER COMPANIES INC,EL,www.elcompanies.com
A,USD,STD,INDL,C,061567,2015-06-30,ESTEE LAUDER COMPANIES INC,EL,www.elcompanies.com
A,USD,STD,INDL,C,061567,2016-06-30,ESTEE LAUDER COMPANIES INC,EL,www.elcompanies.com
A,USD,STD,INDL,C,061567,2017-06-30,ESTEE LAUDER COMPANIES INC,EL,www.elcompanies.com
A,USD,STD,INDL,C,061567,2018-06-30,ESTEE LAUDER COMPANIES INC,EL,www.elcompanies.com
A,USD,STD,INDL,C,061567,2019-06-30,ESTEE LAUDER COMPANIES INC,EL,www.elcompanies.com
A,USD,STD,INDL,C,061567,2020-06-30,ESTEE LAUDER COMPANIES INC,EL,www.elcompanies.com
A,USD,STD,INDL,C,061567,2021-06-30,ESTEE LAUDER COMPANIES INC,EL,www.elcompanies.com
A,USD,STD,INDL,C,061567,2022-06-30,ESTEE LAUDER COMPANIES INC,EL,www.elcompanies.com
A,USD,STD,INDL,C,061567,2023-06-30,ESTEE LAUDER COMPANIES INC,EL,www.elcompanies.com
A,USD,STD,INDL,C,061567,2024-06-30,ESTEE LAUDER COMPANIES INC,EL,www.elcompanies.com
A,USD,STD,INDL,C,061567,2025-06-30,ESTEE LAUDER COMPANIES INC,EL,www.elcompanies.com
A,USD,STD,INDL,C,061574,2010-12-31,WATERS CORP,WAT,www.waters.com
A,USD,STD,INDL,C,061574,2011-12-31,WATERS CORP,WAT,www.waters.com
A,USD,STD,INDL,C,061574,2012-12-31,WATERS CORP,WAT,www.waters.com
A,USD,STD,INDL,C,061574,2013-12-31,WATERS CORP,WAT,www.waters.com
A,USD,STD,INDL,C,061574,2014-12-31,WATERS CORP,WAT,www.waters.com
A,USD,STD,INDL,C,061574,2015-12-31,WATERS CORP,WAT,www.waters.com
A,USD,STD,INDL,C,061574,2016-12-31,WATERS CORP,WAT,www.waters.com
A,USD,STD,INDL,C,061574,2017-12-31,WATERS CORP,WAT,www.waters.com
A,USD,STD,INDL,C,061574,2018-12-31,WATERS CORP,WAT,www.waters.com
A,USD,STD,INDL,C,061574,2019-12-31,WATERS CORP,WAT,www.waters.com
A,USD,STD,INDL,C,061574,2020-12-31,WATERS CORP,WAT,www.waters.com
A,USD,STD,INDL,C,061574,2021-12-31,WATERS CORP,WAT,www.waters.com
A,USD,STD,INDL,C,061574,2022-12-31,WATERS CORP,WAT,www.waters.com
A,USD,STD,INDL,C,061574,2023-12-31,WATERS CORP,WAT,www.waters.com
A,USD,STD,INDL,C,061574,2024-12-31,WATERS CORP,WAT,www.waters.com
A,USD,STD,INDL,C,061574,2025-12-31,WATERS CORP,WAT,www.waters.com
A,USD,STD,INDL,C,061591,2010-04-30,NETAPP INC,NTAP,www.netapp.com
A,USD,STD,INDL,C,061591,2011-04-30,NETAPP INC,NTAP,www.netapp.com
A,USD,STD,INDL,C,061591,2012-04-30,NETAPP INC,NTAP,www.netapp.com
A,USD,STD,INDL,C,061591,2013-04-30,NETAPP INC,NTAP,www.netapp.com
A,USD,STD,INDL,C,061591,2014-04-30,NETAPP INC,NTAP,www.netapp.com
A,USD,STD,INDL,C,061591,2015-04-30,NETAPP INC,NTAP,www.netapp.com
A,USD,STD,INDL,C,061591,2016-04-30,NETAPP INC,NTAP,www.netapp.com
A,USD,STD,INDL,C,061591,2017-04-30,NETAPP INC,NTAP,www.netapp.com
A,USD,STD,INDL,C,061591,2018-04-30,NETAPP INC,NTAP,www.netapp.com
A,USD,STD,INDL,C,061591,2019-04-30,NETAPP INC,NTAP,www.netapp.com
A,USD,STD,INDL,C,061591,2020-04-30,NETAPP INC,NTAP,www.netapp.com
A,USD,STD,INDL,C,061591,2021-04-30,NETAPP INC,NTAP,www.netapp.com
A,USD,STD,INDL,C,061591,2022-04-30,NETAPP INC,NTAP,www.netapp.com
A,USD,STD,INDL,C,061591,2023-04-30,NETAPP INC,NTAP,www.netapp.com
A,USD,STD,INDL,C,061591,2024-04-30,NETAPP INC,NTAP,www.netapp.com
A,USD,STD,INDL,C,061591,2025-04-30,NETAPP INC,NTAP,www.netapp.com
A,USD,STD,FS,C,061739,2010-12-31,HARTFORD INSURANCE GROUP INC,HIG,www.thehartford.com
A,USD,STD,INDL,C,061739,2010-12-31,HARTFORD INSURANCE GROUP INC,HIG,www.thehartford.com
A,USD,STD,FS,C,061739,2011-12-31,HARTFORD INSURANCE GROUP INC,HIG,www.thehartford.com
A,USD,STD,INDL,C,061739,2011-12-31,HARTFORD INSURANCE GROUP INC,HIG,www.thehartford.com
A,USD,STD,FS,C,061739,2012-12-31,HARTFORD INSURANCE GROUP INC,HIG,www.thehartford.com
A,USD,STD,INDL,C,061739,2012-12-31,HARTFORD INSURANCE GROUP INC,HIG,www.thehartford.com
A,USD,STD,FS,C,061739,2013-12-31,HARTFORD INSURANCE GROUP INC,HIG,www.thehartford.com
A,USD,STD,INDL,C,061739,2013-12-31,HARTFORD INSURANCE GROUP INC,HIG,www.thehartford.com
A,USD,STD,FS,C,061739,2014-12-31,HARTFORD INSURANCE GROUP INC,HIG,www.thehartford.com
A,USD,STD,INDL,C,061739,2014-12-31,HARTFORD INSURANCE GROUP INC,HIG,www.thehartford.com
A,USD,STD,FS,C,061739,2015-12-31,HARTFORD INSURANCE GROUP INC,HIG,www.thehartford.com
A,USD,STD,INDL,C,061739,2015-12-31,HARTFORD INSURANCE GROUP INC,HIG,www.thehartford.com
A,USD,STD,FS,C,061739,2016-12-31,HARTFORD INSURANCE GROUP INC,HIG,www.thehartford.com
A,USD,STD,INDL,C,061739,2016-12-31,HARTFORD INSURANCE GROUP INC,HIG,www.thehartford.com
A,USD,STD,FS,C,061739,2017-12-31,HARTFORD INSURANCE GROUP INC,HIG,www.thehartford.com
A,USD,STD,INDL,C,061739,2017-12-31,HARTFORD INSURANCE GROUP INC,HIG,www.thehartford.com
A,USD,STD,FS,C,061739,2018-12-31,HARTFORD INSURANCE GROUP INC,HIG,www.thehartford.com
A,USD,STD,INDL,C,061739,2018-12-31,HARTFORD INSURANCE GROUP INC,HIG,www.thehartford.com
A,USD,STD,FS,C,061739,2019-12-31,HARTFORD INSURANCE GROUP INC,HIG,www.thehartford.com
A,USD,STD,INDL,C,061739,2019-12-31,HARTFORD INSURANCE GROUP INC,HIG,www.thehartford.com
A,USD,STD,FS,C,061739,2020-12-31,HARTFORD INSURANCE GROUP INC,HIG,www.thehartford.com
A,USD,STD,INDL,C,061739,2020-12-31,HARTFORD INSURANCE GROUP INC,HIG,www.thehartford.com
A,USD,STD,FS,C,061739,2021-12-31,HARTFORD INSURANCE GROUP INC,HIG,www.thehartford.com
A,USD,STD,INDL,C,061739,2021-12-31,HARTFORD INSURANCE GROUP INC,HIG,www.thehartford.com
A,USD,STD,FS,C,061739,2022-12-31,HARTFORD INSURANCE GROUP INC,HIG,www.thehartford.com
A,USD,STD,INDL,C,061739,2022-12-31,HARTFORD INSURANCE GROUP INC,HIG,www.thehartford.com
A,USD,STD,FS,C,061739,2023-12-31,HARTFORD INSURANCE GROUP INC,HIG,www.thehartford.com
A,USD,STD,INDL,C,061739,2023-12-31,HARTFORD INSURANCE GROUP INC,HIG,www.thehartford.com
A,USD,STD,FS,C,061739,2024-12-31,HARTFORD INSURANCE GROUP INC,HIG,www.thehartford.com
A,USD,STD,INDL,C,061739,2024-12-31,HARTFORD INSURANCE GROUP INC,HIG,www.thehartford.com
A,USD,STD,FS,C,061739,2025-12-31,HARTFORD INSURANCE GROUP INC,HIG,www.thehartford.com
A,USD,STD,INDL,C,061739,2025-12-31,HARTFORD INSURANCE GROUP INC,HIG,www.thehartford.com
A,USD,STD,INDL,C,062374,2010-12-31,IRON MOUNTAIN INC,IRM,www.ironmountain.com
A,USD,STD,INDL,C,062374,2011-12-31,IRON MOUNTAIN INC,IRM,www.ironmountain.com
A,USD,STD,INDL,C,062374,2012-12-31,IRON MOUNTAIN INC,IRM,www.ironmountain.com
A,USD,STD,INDL,C,062374,2013-12-31,IRON MOUNTAIN INC,IRM,www.ironmountain.com
A,USD,STD,INDL,C,062374,2014-12-31,IRON MOUNTAIN INC,IRM,www.ironmountain.com
A,USD,STD,INDL,C,062374,2015-12-31,IRON MOUNTAIN INC,IRM,www.ironmountain.com
A,USD,STD,INDL,C,062374,2016-12-31,IRON MOUNTAIN INC,IRM,www.ironmountain.com
A,USD,STD,INDL,C,062374,2017-12-31,IRON MOUNTAIN INC,IRM,www.ironmountain.com
A,USD,STD,INDL,C,062374,2018-12-31,IRON MOUNTAIN INC,IRM,www.ironmountain.com
A,USD,STD,INDL,C,062374,2019-12-31,IRON MOUNTAIN INC,IRM,www.ironmountain.com
A,USD,STD,INDL,C,062374,2020-12-31,IRON MOUNTAIN INC,IRM,www.ironmountain.com
A,USD,STD,INDL,C,062374,2021-12-31,IRON MOUNTAIN INC,IRM,www.ironmountain.com
A,USD,STD,INDL,C,062374,2022-12-31,IRON MOUNTAIN INC,IRM,www.ironmountain.com
A,USD,STD,INDL,C,062374,2023-12-31,IRON MOUNTAIN INC,IRM,www.ironmountain.com
A,USD,STD,INDL,C,062374,2024-12-31,IRON MOUNTAIN INC,IRM,www.ironmountain.com
A,USD,STD,INDL,C,062374,2025-12-31,IRON MOUNTAIN INC,IRM,www.ironmountain.com
A,USD,STD,FS,C,062689,2010-12-31,TRAVELERS COS INC,TRV,www.travelers.com
A,USD,STD,INDL,C,062689,2010-12-31,TRAVELERS COS INC,TRV,www.travelers.com
A,USD,STD,FS,C,062689,2011-12-31,TRAVELERS COS INC,TRV,www.travelers.com
A,USD,STD,INDL,C,062689,2011-12-31,TRAVELERS COS INC,TRV,www.travelers.com
A,USD,STD,FS,C,062689,2012-12-31,TRAVELERS COS INC,TRV,www.travelers.com
A,USD,STD,INDL,C,062689,2012-12-31,TRAVELERS COS INC,TRV,www.travelers.com
A,USD,STD,FS,C,062689,2013-12-31,TRAVELERS COS INC,TRV,www.travelers.com
A,USD,STD,INDL,C,062689,2013-12-31,TRAVELERS COS INC,TRV,www.travelers.com
A,USD,STD,FS,C,062689,2014-12-31,TRAVELERS COS INC,TRV,www.travelers.com
A,USD,STD,INDL,C,062689,2014-12-31,TRAVELERS COS INC,TRV,www.travelers.com
A,USD,STD,FS,C,062689,2015-12-31,TRAVELERS COS INC,TRV,www.travelers.com
A,USD,STD,INDL,C,062689,2015-12-31,TRAVELERS COS INC,TRV,www.travelers.com
A,USD,STD,FS,C,062689,2016-12-31,TRAVELERS COS INC,TRV,www.travelers.com
A,USD,STD,INDL,C,062689,2016-12-31,TRAVELERS COS INC,TRV,www.travelers.com
A,USD,STD,FS,C,062689,2017-12-31,TRAVELERS COS INC,TRV,www.travelers.com
A,USD,STD,INDL,C,062689,2017-12-31,TRAVELERS COS INC,TRV,www.travelers.com
A,USD,STD,FS,C,062689,2018-12-31,TRAVELERS COS INC,TRV,www.travelers.com
A,USD,STD,INDL,C,062689,2018-12-31,TRAVELERS COS INC,TRV,www.travelers.com
A,USD,STD,FS,C,062689,2019-12-31,TRAVELERS COS INC,TRV,www.travelers.com
A,USD,STD,INDL,C,062689,2019-12-31,TRAVELERS COS INC,TRV,www.travelers.com
A,USD,STD,FS,C,062689,2020-12-31,TRAVELERS COS INC,TRV,www.travelers.com
A,USD,STD,INDL,C,062689,2020-12-31,TRAVELERS COS INC,TRV,www.travelers.com
A,USD,STD,FS,C,062689,2021-12-31,TRAVELERS COS INC,TRV,www.travelers.com
A,USD,STD,INDL,C,062689,2021-12-31,TRAVELERS COS INC,TRV,www.travelers.com
A,USD,STD,FS,C,062689,2022-12-31,TRAVELERS COS INC,TRV,www.travelers.com
A,USD,STD,INDL,C,062689,2022-12-31,TRAVELERS COS INC,TRV,www.travelers.com
A,USD,STD,FS,C,062689,2023-12-31,TRAVELERS COS INC,TRV,www.travelers.com
A,USD,STD,INDL,C,062689,2023-12-31,TRAVELERS COS INC,TRV,www.travelers.com
A,USD,STD,FS,C,062689,2024-12-31,TRAVELERS COS INC,TRV,www.travelers.com
A,USD,STD,INDL,C,062689,2024-12-31,TRAVELERS COS INC,TRV,www.travelers.com
A,USD,STD,FS,C,062689,2025-12-31,TRAVELERS COS INC,TRV,www.travelers.com
A,USD,STD,INDL,C,062689,2025-12-31,TRAVELERS COS INC,TRV,www.travelers.com
A,USD,STD,INDL,C,063172,2010-08-31,FACTSET RESEARCH SYSTEMS INC,FDS,www.factset.com
A,USD,STD,INDL,C,063172,2011-08-31,FACTSET RESEARCH SYSTEMS INC,FDS,www.factset.com
A,USD,STD,INDL,C,063172,2012-08-31,FACTSET RESEARCH SYSTEMS INC,FDS,www.factset.com
A,USD,STD,INDL,C,063172,2013-08-31,FACTSET RESEARCH SYSTEMS INC,FDS,www.factset.com
A,USD,STD,INDL,C,063172,2014-08-31,FACTSET RESEARCH SYSTEMS INC,FDS,www.factset.com
A,USD,STD,INDL,C,063172,2015-08-31,FACTSET RESEARCH SYSTEMS INC,FDS,www.factset.com
A,USD,STD,INDL,C,063172,2016-08-31,FACTSET RESEARCH SYSTEMS INC,FDS,www.factset.com
A,USD,STD,INDL,C,063172,2017-08-31,FACTSET RESEARCH SYSTEMS INC,FDS,www.factset.com
A,USD,STD,INDL,C,063172,2018-08-31,FACTSET RESEARCH SYSTEMS INC,FDS,www.factset.com
A,USD,STD,INDL,C,063172,2019-08-31,FACTSET RESEARCH SYSTEMS INC,FDS,www.factset.com
A,USD,STD,INDL,C,063172,2020-08-31,FACTSET RESEARCH SYSTEMS INC,FDS,www.factset.com
A,USD,STD,INDL,C,063172,2021-08-31,FACTSET RESEARCH SYSTEMS INC,FDS,www.factset.com
A,USD,STD,INDL,C,063172,2022-08-31,FACTSET RESEARCH SYSTEMS INC,FDS,www.factset.com
A,USD,STD,INDL,C,063172,2023-08-31,FACTSET RESEARCH SYSTEMS INC,FDS,www.factset.com
A,USD,STD,INDL,C,063172,2024-08-31,FACTSET RESEARCH SYSTEMS INC,FDS,www.factset.com
A,USD,STD,INDL,C,063172,2025-08-31,FACTSET RESEARCH SYSTEMS INC,FDS,www.factset.com
A,USD,STD,INDL,C,064030,2010-12-31,STEEL DYNAMICS INC,STLD,www.steeldynamics.com
A,USD,STD,INDL,C,064030,2011-12-31,STEEL DYNAMICS INC,STLD,www.steeldynamics.com
A,USD,STD,INDL,C,064030,2012-12-31,STEEL DYNAMICS INC,STLD,www.steeldynamics.com
A,USD,STD,INDL,C,064030,2013-12-31,STEEL DYNAMICS INC,STLD,www.steeldynamics.com
A,USD,STD,INDL,C,064030,2014-12-31,STEEL DYNAMICS INC,STLD,www.steeldynamics.com
A,USD,STD,INDL,C,064030,2015-12-31,STEEL DYNAMICS INC,STLD,www.steeldynamics.com
A,USD,STD,INDL,C,064030,2016-12-31,STEEL DYNAMICS INC,STLD,www.steeldynamics.com
A,USD,STD,INDL,C,064030,2017-12-31,STEEL DYNAMICS INC,STLD,www.steeldynamics.com
A,USD,STD,INDL,C,064030,2018-12-31,STEEL DYNAMICS INC,STLD,www.steeldynamics.com
A,USD,STD,INDL,C,064030,2019-12-31,STEEL DYNAMICS INC,STLD,www.steeldynamics.com
A,USD,STD,INDL,C,064030,2020-12-31,STEEL DYNAMICS INC,STLD,www.steeldynamics.com
A,USD,STD,INDL,C,064030,2021-12-31,STEEL DYNAMICS INC,STLD,www.steeldynamics.com
A,USD,STD,INDL,C,064030,2022-12-31,STEEL DYNAMICS INC,STLD,www.steeldynamics.com
A,USD,STD,INDL,C,064030,2023-12-31,STEEL DYNAMICS INC,STLD,www.steeldynamics.com
A,USD,STD,INDL,C,064030,2024-12-31,STEEL DYNAMICS INC,STLD,www.steeldynamics.com
A,USD,STD,INDL,C,064030,2025-12-31,STEEL DYNAMICS INC,STLD,www.steeldynamics.com
A,USD,STD,INDL,C,064166,2010-12-31,QUEST DIAGNOSTICS INC,DGX,www.questdiagnostics.com
A,USD,STD,INDL,C,064166,2011-12-31,QUEST DIAGNOSTICS INC,DGX,www.questdiagnostics.com
A,USD,STD,INDL,C,064166,2012-12-31,QUEST DIAGNOSTICS INC,DGX,www.questdiagnostics.com
A,USD,STD,INDL,C,064166,2013-12-31,QUEST DIAGNOSTICS INC,DGX,www.questdiagnostics.com
A,USD,STD,INDL,C,064166,2014-12-31,QUEST DIAGNOSTICS INC,DGX,www.questdiagnostics.com
A,USD,STD,INDL,C,064166,2015-12-31,QUEST DIAGNOSTICS INC,DGX,www.questdiagnostics.com
A,USD,STD,INDL,C,064166,2016-12-31,QUEST DIAGNOSTICS INC,DGX,www.questdiagnostics.com
A,USD,STD,INDL,C,064166,2017-12-31,QUEST DIAGNOSTICS INC,DGX,www.questdiagnostics.com
A,USD,STD,INDL,C,064166,2018-12-31,QUEST DIAGNOSTICS INC,DGX,www.questdiagnostics.com
A,USD,STD,INDL,C,064166,2019-12-31,QUEST DIAGNOSTICS INC,DGX,www.questdiagnostics.com
A,USD,STD,INDL,C,064166,2020-12-31,QUEST DIAGNOSTICS INC,DGX,www.questdiagnostics.com
A,USD,STD,INDL,C,064166,2021-12-31,QUEST DIAGNOSTICS INC,DGX,www.questdiagnostics.com
A,USD,STD,INDL,C,064166,2022-12-31,QUEST DIAGNOSTICS INC,DGX,www.questdiagnostics.com
A,USD,STD,INDL,C,064166,2023-12-31,QUEST DIAGNOSTICS INC,DGX,www.questdiagnostics.com
A,USD,STD,INDL,C,064166,2024-12-31,QUEST DIAGNOSTICS INC,DGX,www.questdiagnostics.com
A,USD,STD,INDL,C,064166,2025-12-31,QUEST DIAGNOSTICS INC,DGX,www.questdiagnostics.com
A,USD,STD,INDL,C,064356,2010-10-31,CIENA CORP,CIEN,www.ciena.com
A,USD,STD,INDL,C,064356,2011-10-31,CIENA CORP,CIEN,www.ciena.com
A,USD,STD,INDL,C,064356,2012-10-31,CIENA CORP,CIEN,www.ciena.com
A,USD,STD,INDL,C,064356,2013-10-31,CIENA CORP,CIEN,www.ciena.com
A,USD,STD,INDL,C,064356,2014-10-31,CIENA CORP,CIEN,www.ciena.com
A,USD,STD,INDL,C,064356,2015-10-31,CIENA CORP,CIEN,www.ciena.com
A,USD,STD,INDL,C,064356,2016-10-31,CIENA CORP,CIEN,www.ciena.com
A,USD,STD,INDL,C,064356,2017-10-31,CIENA CORP,CIEN,www.ciena.com
A,USD,STD,INDL,C,064356,2018-10-31,CIENA CORP,CIEN,www.ciena.com
A,USD,STD,INDL,C,064356,2019-10-31,CIENA CORP,CIEN,www.ciena.com
A,USD,STD,INDL,C,064356,2020-10-31,CIENA CORP,CIEN,www.ciena.com
A,USD,STD,INDL,C,064356,2021-10-31,CIENA CORP,CIEN,www.ciena.com
A,USD,STD,INDL,C,064356,2022-10-31,CIENA CORP,CIEN,www.ciena.com
A,USD,STD,INDL,C,064356,2023-10-31,CIENA CORP,CIEN,www.ciena.com
A,USD,STD,INDL,C,064356,2024-10-31,CIENA CORP,CIEN,www.ciena.com
A,USD,STD,INDL,C,064356,2025-10-31,CIENA CORP,CIEN,www.ciena.com
A,USD,STD,INDL,C,064630,2011-03-31,TAKE-TWO INTERACTIVE SFTWR,TTWO,www.take2games.com
A,USD,STD,INDL,C,064630,2012-03-31,TAKE-TWO INTERACTIVE SFTWR,TTWO,www.take2games.com
A,USD,STD,INDL,C,064630,2013-03-31,TAKE-TWO INTERACTIVE SFTWR,TTWO,www.take2games.com
A,USD,STD,INDL,C,064630,2014-03-31,TAKE-TWO INTERACTIVE SFTWR,TTWO,www.take2games.com
A,USD,STD,INDL,C,064630,2015-03-31,TAKE-TWO INTERACTIVE SFTWR,TTWO,www.take2games.com
A,USD,STD,INDL,C,064630,2016-03-31,TAKE-TWO INTERACTIVE SFTWR,TTWO,www.take2games.com
A,USD,STD,INDL,C,064630,2017-03-31,TAKE-TWO INTERACTIVE SFTWR,TTWO,www.take2games.com
A,USD,STD,INDL,C,064630,2018-03-31,TAKE-TWO INTERACTIVE SFTWR,TTWO,www.take2games.com
A,USD,STD,INDL,C,064630,2019-03-31,TAKE-TWO INTERACTIVE SFTWR,TTWO,www.take2games.com
A,USD,STD,INDL,C,064630,2020-03-31,TAKE-TWO INTERACTIVE SFTWR,TTWO,www.take2games.com
A,USD,STD,INDL,C,064630,2021-03-31,TAKE-TWO INTERACTIVE SFTWR,TTWO,www.take2games.com
A,USD,STD,INDL,C,064630,2022-03-31,TAKE-TWO INTERACTIVE SFTWR,TTWO,www.take2games.com
A,USD,STD,INDL,C,064630,2023-03-31,TAKE-TWO INTERACTIVE SFTWR,TTWO,www.take2games.com
A,USD,STD,INDL,C,064630,2024-03-31,TAKE-TWO INTERACTIVE SFTWR,TTWO,www.take2games.com
A,USD,STD,INDL,C,064630,2025-03-31,TAKE-TWO INTERACTIVE SFTWR,TTWO,www.take2games.com
A,USD,STD,INDL,C,064768,2010-12-31,AMAZON.COM INC,AMZN,www.amazon.com
A,USD,STD,INDL,C,064768,2011-12-31,AMAZON.COM INC,AMZN,www.amazon.com
A,USD,STD,INDL,C,064768,2012-12-31,AMAZON.COM INC,AMZN,www.amazon.com
A,USD,STD,INDL,C,064768,2013-12-31,AMAZON.COM INC,AMZN,www.amazon.com
A,USD,STD,INDL,C,064768,2014-12-31,AMAZON.COM INC,AMZN,www.amazon.com
A,USD,STD,INDL,C,064768,2015-12-31,AMAZON.COM INC,AMZN,www.amazon.com
A,USD,STD,INDL,C,064768,2016-12-31,AMAZON.COM INC,AMZN,www.amazon.com
A,USD,STD,INDL,C,064768,2017-12-31,AMAZON.COM INC,AMZN,www.amazon.com
A,USD,STD,INDL,C,064768,2018-12-31,AMAZON.COM INC,AMZN,www.amazon.com
A,USD,STD,INDL,C,064768,2019-12-31,AMAZON.COM INC,AMZN,www.amazon.com
A,USD,STD,INDL,C,064768,2020-12-31,AMAZON.COM INC,AMZN,www.amazon.com
A,USD,STD,INDL,C,064768,2021-12-31,AMAZON.COM INC,AMZN,www.amazon.com
A,USD,STD,INDL,C,064768,2022-12-31,AMAZON.COM INC,AMZN,www.amazon.com
A,USD,STD,INDL,C,064768,2023-12-31,AMAZON.COM INC,AMZN,www.amazon.com
A,USD,STD,INDL,C,064768,2024-12-31,AMAZON.COM INC,AMZN,www.amazon.com
A,USD,STD,INDL,C,064768,2025-12-31,AMAZON.COM INC,AMZN,www.amazon.com
A,USD,STD,FS,C,064821,2010-12-31,ALEXANDRIA R E EQUITIES INC,ARE,www.are.com
A,USD,STD,INDL,C,064821,2010-12-31,ALEXANDRIA R E EQUITIES INC,ARE,www.are.com
A,USD,STD,FS,C,064821,2011-12-31,ALEXANDRIA R E EQUITIES INC,ARE,www.are.com
A,USD,STD,INDL,C,064821,2011-12-31,ALEXANDRIA R E EQUITIES INC,ARE,www.are.com
A,USD,STD,FS,C,064821,2012-12-31,ALEXANDRIA R E EQUITIES INC,ARE,www.are.com
A,USD,STD,INDL,C,064821,2012-12-31,ALEXANDRIA R E EQUITIES INC,ARE,www.are.com
A,USD,STD,FS,C,064821,2013-12-31,ALEXANDRIA R E EQUITIES INC,ARE,www.are.com
A,USD,STD,INDL,C,064821,2013-12-31,ALEXANDRIA R E EQUITIES INC,ARE,www.are.com
A,USD,STD,FS,C,064821,2014-12-31,ALEXANDRIA R E EQUITIES INC,ARE,www.are.com
A,USD,STD,INDL,C,064821,2014-12-31,ALEXANDRIA R E EQUITIES INC,ARE,www.are.com
A,USD,STD,FS,C,064821,2015-12-31,ALEXANDRIA R E EQUITIES INC,ARE,www.are.com
A,USD,STD,INDL,C,064821,2015-12-31,ALEXANDRIA R E EQUITIES INC,ARE,www.are.com
A,USD,STD,FS,C,064821,2016-12-31,ALEXANDRIA R E EQUITIES INC,ARE,www.are.com
A,USD,STD,INDL,C,064821,2016-12-31,ALEXANDRIA R E EQUITIES INC,ARE,www.are.com
A,USD,STD,FS,C,064821,2017-12-31,ALEXANDRIA R E EQUITIES INC,ARE,www.are.com
A,USD,STD,INDL,C,064821,2017-12-31,ALEXANDRIA R E EQUITIES INC,ARE,www.are.com
A,USD,STD,FS,C,064821,2018-12-31,ALEXANDRIA R E EQUITIES INC,ARE,www.are.com
A,USD,STD,INDL,C,064821,2018-12-31,ALEXANDRIA R E EQUITIES INC,ARE,www.are.com
A,USD,STD,FS,C,064821,2019-12-31,ALEXANDRIA R E EQUITIES INC,ARE,www.are.com
A,USD,STD,INDL,C,064821,2019-12-31,ALEXANDRIA R E EQUITIES INC,ARE,www.are.com
A,USD,STD,FS,C,064821,2020-12-31,ALEXANDRIA R E EQUITIES INC,ARE,www.are.com
A,USD,STD,INDL,C,064821,2020-12-31,ALEXANDRIA R E EQUITIES INC,ARE,www.are.com
A,USD,STD,FS,C,064821,2021-12-31,ALEXANDRIA R E EQUITIES INC,ARE,www.are.com
A,USD,STD,INDL,C,064821,2021-12-31,ALEXANDRIA R E EQUITIES INC,ARE,www.are.com
A,USD,STD,FS,C,064821,2022-12-31,ALEXANDRIA R E EQUITIES INC,ARE,www.are.com
A,USD,STD,INDL,C,064821,2022-12-31,ALEXANDRIA R E EQUITIES INC,ARE,www.are.com
A,USD,STD,FS,C,064821,2023-12-31,ALEXANDRIA R E EQUITIES INC,ARE,www.are.com
A,USD,STD,INDL,C,064821,2023-12-31,ALEXANDRIA R E EQUITIES INC,ARE,www.are.com
A,USD,STD,FS,C,064821,2024-12-31,ALEXANDRIA R E EQUITIES INC,ARE,www.are.com
A,USD,STD,INDL,C,064821,2024-12-31,ALEXANDRIA R E EQUITIES INC,ARE,www.are.com
A,USD,STD,FS,C,064821,2025-12-31,ALEXANDRIA R E EQUITIES INC,ARE,www.are.com
A,USD,STD,INDL,C,064821,2025-12-31,ALEXANDRIA R E EQUITIES INC,ARE,www.are.com
A,USD,STD,INDL,C,064891,2010-03-31,RALPH LAUREN CORP,RL,www.corporate.ralphlauren.com
A,USD,STD,INDL,C,064891,2011-03-31,RALPH LAUREN CORP,RL,www.corporate.ralphlauren.com
A,USD,STD,INDL,C,064891,2012-03-31,RALPH LAUREN CORP,RL,www.corporate.ralphlauren.com
A,USD,STD,INDL,C,064891,2013-03-31,RALPH LAUREN CORP,RL,www.corporate.ralphlauren.com
A,USD,STD,INDL,C,064891,2014-03-31,RALPH LAUREN CORP,RL,www.corporate.ralphlauren.com
A,USD,STD,INDL,C,064891,2015-03-31,RALPH LAUREN CORP,RL,www.corporate.ralphlauren.com
A,USD,STD,INDL,C,064891,2016-03-31,RALPH LAUREN CORP,RL,www.corporate.ralphlauren.com
A,USD,STD,INDL,C,064891,2017-03-31,RALPH LAUREN CORP,RL,www.corporate.ralphlauren.com
A,USD,STD,INDL,C,064891,2018-03-31,RALPH LAUREN CORP,RL,www.corporate.ralphlauren.com
A,USD,STD,INDL,C,064891,2019-03-31,RALPH LAUREN CORP,RL,www.corporate.ralphlauren.com
A,USD,STD,INDL,C,064891,2020-03-31,RALPH LAUREN CORP,RL,www.corporate.ralphlauren.com
A,USD,STD,INDL,C,064891,2021-03-31,RALPH LAUREN CORP,RL,www.corporate.ralphlauren.com
A,USD,STD,INDL,C,064891,2022-03-31,RALPH LAUREN CORP,RL,www.corporate.ralphlauren.com
A,USD,STD,INDL,C,064891,2023-03-31,RALPH LAUREN CORP,RL,www.corporate.ralphlauren.com
A,USD,STD,INDL,C,064891,2024-03-31,RALPH LAUREN CORP,RL,www.corporate.ralphlauren.com
A,USD,STD,INDL,C,064891,2025-03-31,RALPH LAUREN CORP,RL,www.corporate.ralphlauren.com
A,USD,STD,FS,C,064925,2010-12-31,BXP INC,BXP,www.bxp.com
A,USD,STD,INDL,C,064925,2010-12-31,BXP INC,BXP,www.bxp.com
A,USD,STD,FS,C,064925,2011-12-31,BXP INC,BXP,www.bxp.com
A,USD,STD,INDL,C,064925,2011-12-31,BXP INC,BXP,www.bxp.com
A,USD,STD,FS,C,064925,2012-12-31,BXP INC,BXP,www.bxp.com
A,USD,STD,INDL,C,064925,2012-12-31,BXP INC,BXP,www.bxp.com
A,USD,STD,FS,C,064925,2013-12-31,BXP INC,BXP,www.bxp.com
A,USD,STD,INDL,C,064925,2013-12-31,BXP INC,BXP,www.bxp.com
A,USD,STD,FS,C,064925,2014-12-31,BXP INC,BXP,www.bxp.com
A,USD,STD,INDL,C,064925,2014-12-31,BXP INC,BXP,www.bxp.com
A,USD,STD,FS,C,064925,2015-12-31,BXP INC,BXP,www.bxp.com
A,USD,STD,INDL,C,064925,2015-12-31,BXP INC,BXP,www.bxp.com
A,USD,STD,FS,C,064925,2016-12-31,BXP INC,BXP,www.bxp.com
A,USD,STD,INDL,C,064925,2016-12-31,BXP INC,BXP,www.bxp.com
A,USD,STD,FS,C,064925,2017-12-31,BXP INC,BXP,www.bxp.com
A,USD,STD,INDL,C,064925,2017-12-31,BXP INC,BXP,www.bxp.com
A,USD,STD,FS,C,064925,2018-12-31,BXP INC,BXP,www.bxp.com
A,USD,STD,INDL,C,064925,2018-12-31,BXP INC,BXP,www.bxp.com
A,USD,STD,FS,C,064925,2019-12-31,BXP INC,BXP,www.bxp.com
A,USD,STD,INDL,C,064925,2019-12-31,BXP INC,BXP,www.bxp.com
A,USD,STD,FS,C,064925,2020-12-31,BXP INC,BXP,www.bxp.com
A,USD,STD,INDL,C,064925,2020-12-31,BXP INC,BXP,www.bxp.com
A,USD,STD,FS,C,064925,2021-12-31,BXP INC,BXP,www.bxp.com
A,USD,STD,INDL,C,064925,2021-12-31,BXP INC,BXP,www.bxp.com
A,USD,STD,FS,C,064925,2022-12-31,BXP INC,BXP,www.bxp.com
A,USD,STD,INDL,C,064925,2022-12-31,BXP INC,BXP,www.bxp.com
A,USD,STD,FS,C,064925,2023-12-31,BXP INC,BXP,www.bxp.com
A,USD,STD,INDL,C,064925,2023-12-31,BXP INC,BXP,www.bxp.com
A,USD,STD,FS,C,064925,2024-12-31,BXP INC,BXP,www.bxp.com
A,USD,STD,INDL,C,064925,2024-12-31,BXP INC,BXP,www.bxp.com
A,USD,STD,FS,C,064925,2025-12-31,BXP INC,BXP,www.bxp.com
A,USD,STD,INDL,C,064925,2025-12-31,BXP INC,BXP,www.bxp.com
A,USD,STD,INDL,C,064997,2010-12-31,COMFORT SYSTEMS USA INC,FIX,comfortsystemsusa.com
A,USD,STD,INDL,C,064997,2011-12-31,COMFORT SYSTEMS USA INC,FIX,comfortsystemsusa.com
A,USD,STD,INDL,C,064997,2012-12-31,COMFORT SYSTEMS USA INC,FIX,comfortsystemsusa.com
A,USD,STD,INDL,C,064997,2013-12-31,COMFORT SYSTEMS USA INC,FIX,comfortsystemsusa.com
A,USD,STD,INDL,C,064997,2014-12-31,COMFORT SYSTEMS USA INC,FIX,comfortsystemsusa.com
A,USD,STD,INDL,C,064997,2015-12-31,COMFORT SYSTEMS USA INC,FIX,comfortsystemsusa.com
A,USD,STD,INDL,C,064997,2016-12-31,COMFORT SYSTEMS USA INC,FIX,comfortsystemsusa.com
A,USD,STD,INDL,C,064997,2017-12-31,COMFORT SYSTEMS USA INC,FIX,comfortsystemsusa.com
A,USD,STD,INDL,C,064997,2018-12-31,COMFORT SYSTEMS USA INC,FIX,comfortsystemsusa.com
A,USD,STD,INDL,C,064997,2019-12-31,COMFORT SYSTEMS USA INC,FIX,comfortsystemsusa.com
A,USD,STD,INDL,C,064997,2020-12-31,COMFORT SYSTEMS USA INC,FIX,comfortsystemsusa.com
A,USD,STD,INDL,C,064997,2021-12-31,COMFORT SYSTEMS USA INC,FIX,comfortsystemsusa.com
A,USD,STD,INDL,C,064997,2022-12-31,COMFORT SYSTEMS USA INC,FIX,comfortsystemsusa.com
A,USD,STD,INDL,C,064997,2023-12-31,COMFORT SYSTEMS USA INC,FIX,comfortsystemsusa.com
A,USD,STD,INDL,C,064997,2024-12-31,COMFORT SYSTEMS USA INC,FIX,comfortsystemsusa.com
A,USD,STD,INDL,C,064997,2025-12-31,COMFORT SYSTEMS USA INC,FIX,comfortsystemsusa.com
A,USD,STD,INDL,C,065417,2010-12-31,YUM BRANDS INC,YUM,www.yum.com
A,USD,STD,INDL,C,065417,2011-12-31,YUM BRANDS INC,YUM,www.yum.com
A,USD,STD,INDL,C,065417,2012-12-31,YUM BRANDS INC,YUM,www.yum.com
A,USD,STD,INDL,C,065417,2013-12-31,YUM BRANDS INC,YUM,www.yum.com
A,USD,STD,INDL,C,065417,2014-12-31,YUM BRANDS INC,YUM,www.yum.com
A,USD,STD,INDL,C,065417,2015-12-31,YUM BRANDS INC,YUM,www.yum.com
A,USD,STD,INDL,C,065417,2016-12-31,YUM BRANDS INC,YUM,www.yum.com
A,USD,STD,INDL,C,065417,2017-12-31,YUM BRANDS INC,YUM,www.yum.com
A,USD,STD,INDL,C,065417,2018-12-31,YUM BRANDS INC,YUM,www.yum.com
A,USD,STD,INDL,C,065417,2019-12-31,YUM BRANDS INC,YUM,www.yum.com
A,USD,STD,INDL,C,065417,2020-12-31,YUM BRANDS INC,YUM,www.yum.com
A,USD,STD,INDL,C,065417,2021-12-31,YUM BRANDS INC,YUM,www.yum.com
A,USD,STD,INDL,C,065417,2022-12-31,YUM BRANDS INC,YUM,www.yum.com
A,USD,STD,INDL,C,065417,2023-12-31,YUM BRANDS INC,YUM,www.yum.com
A,USD,STD,INDL,C,065417,2024-12-31,YUM BRANDS INC,YUM,www.yum.com
A,USD,STD,INDL,C,065417,2025-12-31,YUM BRANDS INC,YUM,www.yum.com
A,USD,STD,INDL,C,065609,2010-12-31,C H ROBINSON WORLDWIDE INC,CHRW,www.chrobinson.com
A,USD,STD,INDL,C,065609,2011-12-31,C H ROBINSON WORLDWIDE INC,CHRW,www.chrobinson.com
A,USD,STD,INDL,C,065609,2012-12-31,C H ROBINSON WORLDWIDE INC,CHRW,www.chrobinson.com
A,USD,STD,INDL,C,065609,2013-12-31,C H ROBINSON WORLDWIDE INC,CHRW,www.chrobinson.com
A,USD,STD,INDL,C,065609,2014-12-31,C H ROBINSON WORLDWIDE INC,CHRW,www.chrobinson.com
A,USD,STD,INDL,C,065609,2015-12-31,C H ROBINSON WORLDWIDE INC,CHRW,www.chrobinson.com
A,USD,STD,INDL,C,065609,2016-12-31,C H ROBINSON WORLDWIDE INC,CHRW,www.chrobinson.com
A,USD,STD,INDL,C,065609,2017-12-31,C H ROBINSON WORLDWIDE INC,CHRW,www.chrobinson.com
A,USD,STD,INDL,C,065609,2018-12-31,C H ROBINSON WORLDWIDE INC,CHRW,www.chrobinson.com
A,USD,STD,INDL,C,065609,2019-12-31,C H ROBINSON WORLDWIDE INC,CHRW,www.chrobinson.com
A,USD,STD,INDL,C,065609,2020-12-31,C H ROBINSON WORLDWIDE INC,CHRW,www.chrobinson.com
A,USD,STD,INDL,C,065609,2021-12-31,C H ROBINSON WORLDWIDE INC,CHRW,www.chrobinson.com
A,USD,STD,INDL,C,065609,2022-12-31,C H ROBINSON WORLDWIDE INC,CHRW,www.chrobinson.com
A,USD,STD,INDL,C,065609,2023-12-31,C H ROBINSON WORLDWIDE INC,CHRW,www.chrobinson.com
A,USD,STD,INDL,C,065609,2024-12-31,C H ROBINSON WORLDWIDE INC,CHRW,www.chrobinson.com
A,USD,STD,INDL,C,065609,2025-12-31,C H ROBINSON WORLDWIDE INC,CHRW,www.chrobinson.com
A,USD,STD,INDL,C,065772,2010-12-31,METTLER-TOLEDO INTL INC,MTD,www.mt.com
A,USD,STD,INDL,C,065772,2011-12-31,METTLER-TOLEDO INTL INC,MTD,www.mt.com
A,USD,STD,INDL,C,065772,2012-12-31,METTLER-TOLEDO INTL INC,MTD,www.mt.com
A,USD,STD,INDL,C,065772,2013-12-31,METTLER-TOLEDO INTL INC,MTD,www.mt.com
A,USD,STD,INDL,C,065772,2014-12-31,METTLER-TOLEDO INTL INC,MTD,www.mt.com
A,USD,STD,INDL,C,065772,2015-12-31,METTLER-TOLEDO INTL INC,MTD,www.mt.com
A,USD,STD,INDL,C,065772,2016-12-31,METTLER-TOLEDO INTL INC,MTD,www.mt.com
A,USD,STD,INDL,C,065772,2017-12-31,METTLER-TOLEDO INTL INC,MTD,www.mt.com
A,USD,STD,INDL,C,065772,2018-12-31,METTLER-TOLEDO INTL INC,MTD,www.mt.com
A,USD,STD,INDL,C,065772,2019-12-31,METTLER-TOLEDO INTL INC,MTD,www.mt.com
A,USD,STD,INDL,C,065772,2020-12-31,METTLER-TOLEDO INTL INC,MTD,www.mt.com
A,USD,STD,INDL,C,065772,2021-12-31,METTLER-TOLEDO INTL INC,MTD,www.mt.com
A,USD,STD,INDL,C,065772,2022-12-31,METTLER-TOLEDO INTL INC,MTD,www.mt.com
A,USD,STD,INDL,C,065772,2023-12-31,METTLER-TOLEDO INTL INC,MTD,www.mt.com
A,USD,STD,INDL,C,065772,2024-12-31,METTLER-TOLEDO INTL INC,MTD,www.mt.com
A,USD,STD,INDL,C,065772,2025-12-31,METTLER-TOLEDO INTL INC,MTD,www.mt.com
A,USD,STD,INDL,C,066065,2010-12-31,UNITED RENTALS INC,URI,www.unitedrentals.com
A,USD,STD,INDL,C,066065,2011-12-31,UNITED RENTALS INC,URI,www.unitedrentals.com
A,USD,STD,INDL,C,066065,2012-12-31,UNITED RENTALS INC,URI,www.unitedrentals.com
A,USD,STD,INDL,C,066065,2013-12-31,UNITED RENTALS INC,URI,www.unitedrentals.com
A,USD,STD,INDL,C,066065,2014-12-31,UNITED RENTALS INC,URI,www.unitedrentals.com
A,USD,STD,INDL,C,066065,2015-12-31,UNITED RENTALS INC,URI,www.unitedrentals.com
A,USD,STD,INDL,C,066065,2016-12-31,UNITED RENTALS INC,URI,www.unitedrentals.com
A,USD,STD,INDL,C,066065,2017-12-31,UNITED RENTALS INC,URI,www.unitedrentals.com
A,USD,STD,INDL,C,066065,2018-12-31,UNITED RENTALS INC,URI,www.unitedrentals.com
A,USD,STD,INDL,C,066065,2019-12-31,UNITED RENTALS INC,URI,www.unitedrentals.com
A,USD,STD,INDL,C,066065,2020-12-31,UNITED RENTALS INC,URI,www.unitedrentals.com
A,USD,STD,INDL,C,066065,2021-12-31,UNITED RENTALS INC,URI,www.unitedrentals.com
A,USD,STD,INDL,C,066065,2022-12-31,UNITED RENTALS INC,URI,www.unitedrentals.com
A,USD,STD,INDL,C,066065,2023-12-31,UNITED RENTALS INC,URI,www.unitedrentals.com
A,USD,STD,INDL,C,066065,2024-12-31,UNITED RENTALS INC,URI,www.unitedrentals.com
A,USD,STD,INDL,C,066065,2025-12-31,UNITED RENTALS INC,URI,www.unitedrentals.com
A,USD,STD,INDL,C,066368,2010-12-31,VERISIGN INC,VRSN,www.verisign.com
A,USD,STD,INDL,C,066368,2011-12-31,VERISIGN INC,VRSN,www.verisign.com
A,USD,STD,INDL,C,066368,2012-12-31,VERISIGN INC,VRSN,www.verisign.com
A,USD,STD,INDL,C,066368,2013-12-31,VERISIGN INC,VRSN,www.verisign.com
A,USD,STD,INDL,C,066368,2014-12-31,VERISIGN INC,VRSN,www.verisign.com
A,USD,STD,INDL,C,066368,2015-12-31,VERISIGN INC,VRSN,www.verisign.com
A,USD,STD,INDL,C,066368,2016-12-31,VERISIGN INC,VRSN,www.verisign.com
A,USD,STD,INDL,C,066368,2017-12-31,VERISIGN INC,VRSN,www.verisign.com
A,USD,STD,INDL,C,066368,2018-12-31,VERISIGN INC,VRSN,www.verisign.com
A,USD,STD,INDL,C,066368,2019-12-31,VERISIGN INC,VRSN,www.verisign.com
A,USD,STD,INDL,C,066368,2020-12-31,VERISIGN INC,VRSN,www.verisign.com
A,USD,STD,INDL,C,066368,2021-12-31,VERISIGN INC,VRSN,www.verisign.com
A,USD,STD,INDL,C,066368,2022-12-31,VERISIGN INC,VRSN,www.verisign.com
A,USD,STD,INDL,C,066368,2023-12-31,VERISIGN INC,VRSN,www.verisign.com
A,USD,STD,INDL,C,066368,2024-12-31,VERISIGN INC,VRSN,www.verisign.com
A,USD,STD,INDL,C,066368,2025-12-31,VERISIGN INC,VRSN,www.verisign.com
A,USD,STD,INDL,C,066446,2010-12-31,QUANTA SERVICES INC,PWR,www.quantaservices.com
A,USD,STD,INDL,C,066446,2011-12-31,QUANTA SERVICES INC,PWR,www.quantaservices.com
A,USD,STD,INDL,C,066446,2012-12-31,QUANTA SERVICES INC,PWR,www.quantaservices.com
A,USD,STD,INDL,C,066446,2013-12-31,QUANTA SERVICES INC,PWR,www.quantaservices.com
A,USD,STD,INDL,C,066446,2014-12-31,QUANTA SERVICES INC,PWR,www.quantaservices.com
A,USD,STD,INDL,C,066446,2015-12-31,QUANTA SERVICES INC,PWR,www.quantaservices.com
A,USD,STD,INDL,C,066446,2016-12-31,QUANTA SERVICES INC,PWR,www.quantaservices.com
A,USD,STD,INDL,C,066446,2017-12-31,QUANTA SERVICES INC,PWR,www.quantaservices.com
A,USD,STD,INDL,C,066446,2018-12-31,QUANTA SERVICES INC,PWR,www.quantaservices.com
A,USD,STD,INDL,C,066446,2019-12-31,QUANTA SERVICES INC,PWR,www.quantaservices.com
A,USD,STD,INDL,C,066446,2020-12-31,QUANTA SERVICES INC,PWR,www.quantaservices.com
A,USD,STD,INDL,C,066446,2021-12-31,QUANTA SERVICES INC,PWR,www.quantaservices.com
A,USD,STD,INDL,C,066446,2022-12-31,QUANTA SERVICES INC,PWR,www.quantaservices.com
A,USD,STD,INDL,C,066446,2023-12-31,QUANTA SERVICES INC,PWR,www.quantaservices.com
A,USD,STD,INDL,C,066446,2024-12-31,QUANTA SERVICES INC,PWR,www.quantaservices.com
A,USD,STD,INDL,C,066446,2025-12-31,QUANTA SERVICES INC,PWR,www.quantaservices.com
A,USD,STD,INDL,C,074813,2022-12-31,QNITY ELECTRONICS INC,Q,www.qnityelectronics.com
A,USD,STD,INDL,C,074813,2023-12-31,QNITY ELECTRONICS INC,Q,www.qnityelectronics.com
A,USD,STD,INDL,C,074813,2024-12-31,QNITY ELECTRONICS INC,Q,www.qnityelectronics.com
A,USD,STD,INDL,C,074813,2025-12-31,QNITY ELECTRONICS INC,Q,www.qnityelectronics.com
A,USD,STD,INDL,C,100243,2010-06-30,AMCOR PLC,AMCR,www.amcor.com
A,USD,STD,INDL,C,100243,2011-06-30,AMCOR PLC,AMCR,www.amcor.com
A,USD,STD,INDL,C,100243,2012-06-30,AMCOR PLC,AMCR,www.amcor.com
A,USD,STD,INDL,C,100243,2013-06-30,AMCOR PLC,AMCR,www.amcor.com
A,USD,STD,INDL,C,100243,2014-06-30,AMCOR PLC,AMCR,www.amcor.com
A,USD,STD,INDL,C,100243,2015-06-30,AMCOR PLC,AMCR,www.amcor.com
A,USD,STD,INDL,C,100243,2016-06-30,AMCOR PLC,AMCR,www.amcor.com
A,USD,STD,INDL,C,100243,2017-06-30,AMCOR PLC,AMCR,www.amcor.com
A,USD,STD,INDL,C,100243,2018-06-30,AMCOR PLC,AMCR,www.amcor.com
A,USD,STD,INDL,C,100243,2019-06-30,AMCOR PLC,AMCR,www.amcor.com
A,USD,STD,INDL,C,100243,2020-06-30,AMCOR PLC,AMCR,www.amcor.com
A,USD,STD,INDL,C,100243,2021-06-30,AMCOR PLC,AMCR,www.amcor.com
A,USD,STD,INDL,C,100243,2022-06-30,AMCOR PLC,AMCR,www.amcor.com
A,USD,STD,INDL,C,100243,2023-06-30,AMCOR PLC,AMCR,www.amcor.com
A,USD,STD,INDL,C,100243,2024-06-30,AMCOR PLC,AMCR,www.amcor.com
A,USD,STD,INDL,C,100243,2025-06-30,AMCOR PLC,AMCR,www.amcor.com
A,USD,STD,INDL,C,104432,2010-12-31,NORWEGIAN CRUISE LINE HLDGS,NCLH,www.nclhltd.com
A,USD,STD,INDL,C,104432,2011-12-31,NORWEGIAN CRUISE LINE HLDGS,NCLH,www.nclhltd.com
A,USD,STD,INDL,C,104432,2012-12-31,NORWEGIAN CRUISE LINE HLDGS,NCLH,www.nclhltd.com
A,USD,STD,INDL,C,104432,2013-12-31,NORWEGIAN CRUISE LINE HLDGS,NCLH,www.nclhltd.com
A,USD,STD,INDL,C,104432,2014-12-31,NORWEGIAN CRUISE LINE HLDGS,NCLH,www.nclhltd.com
A,USD,STD,INDL,C,104432,2015-12-31,NORWEGIAN CRUISE LINE HLDGS,NCLH,www.nclhltd.com
A,USD,STD,INDL,C,104432,2016-12-31,NORWEGIAN CRUISE LINE HLDGS,NCLH,www.nclhltd.com
A,USD,STD,INDL,C,104432,2017-12-31,NORWEGIAN CRUISE LINE HLDGS,NCLH,www.nclhltd.com
A,USD,STD,INDL,C,104432,2018-12-31,NORWEGIAN CRUISE LINE HLDGS,NCLH,www.nclhltd.com
A,USD,STD,INDL,C,104432,2019-12-31,NORWEGIAN CRUISE LINE HLDGS,NCLH,www.nclhltd.com
A,USD,STD,INDL,C,104432,2020-12-31,NORWEGIAN CRUISE LINE HLDGS,NCLH,www.nclhltd.com
A,USD,STD,INDL,C,104432,2021-12-31,NORWEGIAN CRUISE LINE HLDGS,NCLH,www.nclhltd.com
A,USD,STD,INDL,C,104432,2022-12-31,NORWEGIAN CRUISE LINE HLDGS,NCLH,www.nclhltd.com
A,USD,STD,INDL,C,104432,2023-12-31,NORWEGIAN CRUISE LINE HLDGS,NCLH,www.nclhltd.com
A,USD,STD,INDL,C,104432,2024-12-31,NORWEGIAN CRUISE LINE HLDGS,NCLH,www.nclhltd.com
A,USD,STD,INDL,C,104432,2025-12-31,NORWEGIAN CRUISE LINE HLDGS,NCLH,www.nclhltd.com
A,USD,STD,INDL,C,105365,2010-12-31,AMERICAN TOWER CORP,AMT,www.americantower.com
A,USD,STD,INDL,C,105365,2011-12-31,AMERICAN TOWER CORP,AMT,www.americantower.com
A,USD,STD,INDL,C,105365,2012-12-31,AMERICAN TOWER CORP,AMT,www.americantower.com
A,USD,STD,INDL,C,105365,2013-12-31,AMERICAN TOWER CORP,AMT,www.americantower.com
A,USD,STD,INDL,C,105365,2014-12-31,AMERICAN TOWER CORP,AMT,www.americantower.com
A,USD,STD,INDL,C,105365,2015-12-31,AMERICAN TOWER CORP,AMT,www.americantower.com
A,USD,STD,INDL,C,105365,2016-12-31,AMERICAN TOWER CORP,AMT,www.americantower.com
A,USD,STD,INDL,C,105365,2017-12-31,AMERICAN TOWER CORP,AMT,www.americantower.com
A,USD,STD,INDL,C,105365,2018-12-31,AMERICAN TOWER CORP,AMT,www.americantower.com
A,USD,STD,INDL,C,105365,2019-12-31,AMERICAN TOWER CORP,AMT,www.americantower.com
A,USD,STD,FS,C,105365,2020-12-31,AMERICAN TOWER CORP,AMT,www.americantower.com
A,USD,STD,INDL,C,105365,2020-12-31,AMERICAN TOWER CORP,AMT,www.americantower.com
A,USD,STD,FS,C,105365,2021-12-31,AMERICAN TOWER CORP,AMT,www.americantower.com
A,USD,STD,INDL,C,105365,2021-12-31,AMERICAN TOWER CORP,AMT,www.americantower.com
A,USD,STD,FS,C,105365,2022-12-31,AMERICAN TOWER CORP,AMT,www.americantower.com
A,USD,STD,INDL,C,105365,2022-12-31,AMERICAN TOWER CORP,AMT,www.americantower.com
A,USD,STD,FS,C,105365,2023-12-31,AMERICAN TOWER CORP,AMT,www.americantower.com
A,USD,STD,INDL,C,105365,2023-12-31,AMERICAN TOWER CORP,AMT,www.americantower.com
A,USD,STD,FS,C,105365,2024-12-31,AMERICAN TOWER CORP,AMT,www.americantower.com
A,USD,STD,INDL,C,105365,2024-12-31,AMERICAN TOWER CORP,AMT,www.americantower.com
A,USD,STD,FS,C,105365,2025-12-31,AMERICAN TOWER CORP,AMT,www.americantower.com
A,USD,STD,INDL,C,105365,2025-12-31,AMERICAN TOWER CORP,AMT,www.americantower.com
A,USD,STD,FS,C,110179,2010-12-31,VENTAS INC,VTR,www.ventasreit.com
A,USD,STD,INDL,C,110179,2010-12-31,VENTAS INC,VTR,www.ventasreit.com
A,USD,STD,FS,C,110179,2011-12-31,VENTAS INC,VTR,www.ventasreit.com
A,USD,STD,INDL,C,110179,2011-12-31,VENTAS INC,VTR,www.ventasreit.com
A,USD,STD,FS,C,110179,2012-12-31,VENTAS INC,VTR,www.ventasreit.com
A,USD,STD,INDL,C,110179,2012-12-31,VENTAS INC,VTR,www.ventasreit.com
A,USD,STD,FS,C,110179,2013-12-31,VENTAS INC,VTR,www.ventasreit.com
A,USD,STD,INDL,C,110179,2013-12-31,VENTAS INC,VTR,www.ventasreit.com
A,USD,STD,FS,C,110179,2014-12-31,VENTAS INC,VTR,www.ventasreit.com
A,USD,STD,INDL,C,110179,2014-12-31,VENTAS INC,VTR,www.ventasreit.com
A,USD,STD,FS,C,110179,2015-12-31,VENTAS INC,VTR,www.ventasreit.com
A,USD,STD,INDL,C,110179,2015-12-31,VENTAS INC,VTR,www.ventasreit.com
A,USD,STD,FS,C,110179,2016-12-31,VENTAS INC,VTR,www.ventasreit.com
A,USD,STD,INDL,C,110179,2016-12-31,VENTAS INC,VTR,www.ventasreit.com
A,USD,STD,FS,C,110179,2017-12-31,VENTAS INC,VTR,www.ventasreit.com
A,USD,STD,INDL,C,110179,2017-12-31,VENTAS INC,VTR,www.ventasreit.com
A,USD,STD,FS,C,110179,2018-12-31,VENTAS INC,VTR,www.ventasreit.com
A,USD,STD,INDL,C,110179,2018-12-31,VENTAS INC,VTR,www.ventasreit.com
A,USD,STD,FS,C,110179,2019-12-31,VENTAS INC,VTR,www.ventasreit.com
A,USD,STD,INDL,C,110179,2019-12-31,VENTAS INC,VTR,www.ventasreit.com
A,USD,STD,FS,C,110179,2020-12-31,VENTAS INC,VTR,www.ventasreit.com
A,USD,STD,INDL,C,110179,2020-12-31,VENTAS INC,VTR,www.ventasreit.com
A,USD,STD,INDL,C,110179,2021-12-31,VENTAS INC,VTR,www.ventasreit.com
A,USD,STD,FS,C,110179,2021-12-31,VENTAS INC,VTR,www.ventasreit.com
A,USD,STD,FS,C,110179,2022-12-31,VENTAS INC,VTR,www.ventasreit.com
A,USD,STD,INDL,C,110179,2022-12-31,VENTAS INC,VTR,www.ventasreit.com
A,USD,STD,FS,C,110179,2023-12-31,VENTAS INC,VTR,www.ventasreit.com
A,USD,STD,INDL,C,110179,2023-12-31,VENTAS INC,VTR,www.ventasreit.com
A,USD,STD,FS,C,110179,2024-12-31,VENTAS INC,VTR,www.ventasreit.com
A,USD,STD,INDL,C,110179,2024-12-31,VENTAS INC,VTR,www.ventasreit.com
A,USD,STD,FS,C,110179,2025-12-31,VENTAS INC,VTR,www.ventasreit.com
A,USD,STD,INDL,C,110179,2025-12-31,VENTAS INC,VTR,www.ventasreit.com
A,USD,STD,INDL,C,111864,2010-12-31,COGNIZANT TECH SOLUTIONS,CTSH,www.cognizant.com
A,USD,STD,INDL,C,111864,2011-12-31,COGNIZANT TECH SOLUTIONS,CTSH,www.cognizant.com
A,USD,STD,INDL,C,111864,2012-12-31,COGNIZANT TECH SOLUTIONS,CTSH,www.cognizant.com
A,USD,STD,INDL,C,111864,2013-12-31,COGNIZANT TECH SOLUTIONS,CTSH,www.cognizant.com
A,USD,STD,INDL,C,111864,2014-12-31,COGNIZANT TECH SOLUTIONS,CTSH,www.cognizant.com
A,USD,STD,INDL,C,111864,2015-12-31,COGNIZANT TECH SOLUTIONS,CTSH,www.cognizant.com
A,USD,STD,INDL,C,111864,2016-12-31,COGNIZANT TECH SOLUTIONS,CTSH,www.cognizant.com
A,USD,STD,INDL,C,111864,2017-12-31,COGNIZANT TECH SOLUTIONS,CTSH,www.cognizant.com
A,USD,STD,INDL,C,111864,2018-12-31,COGNIZANT TECH SOLUTIONS,CTSH,www.cognizant.com
A,USD,STD,INDL,C,111864,2019-12-31,COGNIZANT TECH SOLUTIONS,CTSH,www.cognizant.com
A,USD,STD,INDL,C,111864,2020-12-31,COGNIZANT TECH SOLUTIONS,CTSH,www.cognizant.com
A,USD,STD,INDL,C,111864,2021-12-31,COGNIZANT TECH SOLUTIONS,CTSH,www.cognizant.com
A,USD,STD,INDL,C,111864,2022-12-31,COGNIZANT TECH SOLUTIONS,CTSH,www.cognizant.com
A,USD,STD,INDL,C,111864,2023-12-31,COGNIZANT TECH SOLUTIONS,CTSH,www.cognizant.com
A,USD,STD,INDL,C,111864,2024-12-31,COGNIZANT TECH SOLUTIONS,CTSH,www.cognizant.com
A,USD,STD,INDL,C,111864,2025-12-31,COGNIZANT TECH SOLUTIONS,CTSH,www.cognizant.com
A,USD,STD,INDL,C,112111,2010-12-31,COSTAR GROUP INC,CSGP,www.costargroup.com
A,USD,STD,INDL,C,112111,2011-12-31,COSTAR GROUP INC,CSGP,www.costargroup.com
A,USD,STD,INDL,C,112111,2012-12-31,COSTAR GROUP INC,CSGP,www.costargroup.com
A,USD,STD,INDL,C,112111,2013-12-31,COSTAR GROUP INC,CSGP,www.costargroup.com
A,USD,STD,INDL,C,112111,2014-12-31,COSTAR GROUP INC,CSGP,www.costargroup.com
A,USD,STD,INDL,C,112111,2015-12-31,COSTAR GROUP INC,CSGP,www.costargroup.com
A,USD,STD,INDL,C,112111,2016-12-31,COSTAR GROUP INC,CSGP,www.costargroup.com
A,USD,STD,INDL,C,112111,2017-12-31,COSTAR GROUP INC,CSGP,www.costargroup.com
A,USD,STD,INDL,C,112111,2018-12-31,COSTAR GROUP INC,CSGP,www.costargroup.com
A,USD,STD,INDL,C,112111,2019-12-31,COSTAR GROUP INC,CSGP,www.costargroup.com
A,USD,STD,INDL,C,112111,2020-12-31,COSTAR GROUP INC,CSGP,www.costargroup.com
A,USD,STD,INDL,C,112111,2021-12-31,COSTAR GROUP INC,CSGP,www.costargroup.com
A,USD,STD,INDL,C,112111,2022-12-31,COSTAR GROUP INC,CSGP,www.costargroup.com
A,USD,STD,INDL,C,112111,2023-12-31,COSTAR GROUP INC,CSGP,www.costargroup.com
A,USD,STD,INDL,C,112111,2024-12-31,COSTAR GROUP INC,CSGP,www.costargroup.com
A,USD,STD,INDL,C,112111,2025-12-31,COSTAR GROUP INC,CSGP,www.costargroup.com
A,USD,STD,INDL,C,112168,2010-12-31,REPUBLIC SERVICES INC,RSG,www.republicservices.com
A,USD,STD,INDL,C,112168,2011-12-31,REPUBLIC SERVICES INC,RSG,www.republicservices.com
A,USD,STD,INDL,C,112168,2012-12-31,REPUBLIC SERVICES INC,RSG,www.republicservices.com
A,USD,STD,INDL,C,112168,2013-12-31,REPUBLIC SERVICES INC,RSG,www.republicservices.com
A,USD,STD,INDL,C,112168,2014-12-31,REPUBLIC SERVICES INC,RSG,www.republicservices.com
A,USD,STD,INDL,C,112168,2015-12-31,REPUBLIC SERVICES INC,RSG,www.republicservices.com
A,USD,STD,INDL,C,112168,2016-12-31,REPUBLIC SERVICES INC,RSG,www.republicservices.com
A,USD,STD,INDL,C,112168,2017-12-31,REPUBLIC SERVICES INC,RSG,www.republicservices.com
A,USD,STD,INDL,C,112168,2018-12-31,REPUBLIC SERVICES INC,RSG,www.republicservices.com
A,USD,STD,INDL,C,112168,2019-12-31,REPUBLIC SERVICES INC,RSG,www.republicservices.com
A,USD,STD,INDL,C,112168,2020-12-31,REPUBLIC SERVICES INC,RSG,www.republicservices.com
A,USD,STD,INDL,C,112168,2021-12-31,REPUBLIC SERVICES INC,RSG,www.republicservices.com
A,USD,STD,INDL,C,112168,2022-12-31,REPUBLIC SERVICES INC,RSG,www.republicservices.com
A,USD,STD,INDL,C,112168,2023-12-31,REPUBLIC SERVICES INC,RSG,www.republicservices.com
A,USD,STD,INDL,C,112168,2024-12-31,REPUBLIC SERVICES INC,RSG,www.republicservices.com
A,USD,STD,INDL,C,112168,2025-12-31,REPUBLIC SERVICES INC,RSG,www.republicservices.com
A,USD,STD,INDL,C,113490,2010-12-31,CROWN CASTLE INC,CCI,www.crowncastle.com
A,USD,STD,INDL,C,113490,2011-12-31,CROWN CASTLE INC,CCI,www.crowncastle.com
A,USD,STD,INDL,C,113490,2012-12-31,CROWN CASTLE INC,CCI,www.crowncastle.com
A,USD,STD,INDL,C,113490,2013-12-31,CROWN CASTLE INC,CCI,www.crowncastle.com
A,USD,STD,INDL,C,113490,2014-12-31,CROWN CASTLE INC,CCI,www.crowncastle.com
A,USD,STD,INDL,C,113490,2015-12-31,CROWN CASTLE INC,CCI,www.crowncastle.com
A,USD,STD,INDL,C,113490,2016-12-31,CROWN CASTLE INC,CCI,www.crowncastle.com
A,USD,STD,INDL,C,113490,2017-12-31,CROWN CASTLE INC,CCI,www.crowncastle.com
A,USD,STD,INDL,C,113490,2018-12-31,CROWN CASTLE INC,CCI,www.crowncastle.com
A,USD,STD,INDL,C,113490,2019-12-31,CROWN CASTLE INC,CCI,www.crowncastle.com
A,USD,STD,FS,C,113490,2020-12-31,CROWN CASTLE INC,CCI,www.crowncastle.com
A,USD,STD,INDL,C,113490,2020-12-31,CROWN CASTLE INC,CCI,www.crowncastle.com
A,USD,STD,FS,C,113490,2021-12-31,CROWN CASTLE INC,CCI,www.crowncastle.com
A,USD,STD,INDL,C,113490,2021-12-31,CROWN CASTLE INC,CCI,www.crowncastle.com
A,USD,STD,FS,C,113490,2022-12-31,CROWN CASTLE INC,CCI,www.crowncastle.com
A,USD,STD,INDL,C,113490,2022-12-31,CROWN CASTLE INC,CCI,www.crowncastle.com
A,USD,STD,FS,C,113490,2023-12-31,CROWN CASTLE INC,CCI,www.crowncastle.com
A,USD,STD,INDL,C,113490,2023-12-31,CROWN CASTLE INC,CCI,www.crowncastle.com
A,USD,STD,FS,C,113490,2024-12-31,CROWN CASTLE INC,CCI,www.crowncastle.com
A,USD,STD,INDL,C,113490,2024-12-31,CROWN CASTLE INC,CCI,www.crowncastle.com
A,USD,STD,FS,C,113490,2025-12-31,CROWN CASTLE INC,CCI,www.crowncastle.com
A,USD,STD,INDL,C,113490,2025-12-31,CROWN CASTLE INC,CCI,www.crowncastle.com
A,USD,STD,INDL,C,114524,2010-12-31,EBAY INC,EBAY,www.ebayinc.com
A,USD,STD,INDL,C,114524,2011-12-31,EBAY INC,EBAY,www.ebayinc.com
A,USD,STD,INDL,C,114524,2012-12-31,EBAY INC,EBAY,www.ebayinc.com
A,USD,STD,INDL,C,114524,2013-12-31,EBAY INC,EBAY,www.ebayinc.com
A,USD,STD,INDL,C,114524,2014-12-31,EBAY INC,EBAY,www.ebayinc.com
A,USD,STD,INDL,C,114524,2015-12-31,EBAY INC,EBAY,www.ebayinc.com
A,USD,STD,INDL,C,114524,2016-12-31,EBAY INC,EBAY,www.ebayinc.com
A,USD,STD,INDL,C,114524,2017-12-31,EBAY INC,EBAY,www.ebayinc.com
A,USD,STD,INDL,C,114524,2018-12-31,EBAY INC,EBAY,www.ebayinc.com
A,USD,STD,INDL,C,114524,2019-12-31,EBAY INC,EBAY,www.ebayinc.com
A,USD,STD,INDL,C,114524,2020-12-31,EBAY INC,EBAY,www.ebayinc.com
A,USD,STD,INDL,C,114524,2021-12-31,EBAY INC,EBAY,www.ebayinc.com
A,USD,STD,INDL,C,114524,2022-12-31,EBAY INC,EBAY,www.ebayinc.com
A,USD,STD,INDL,C,114524,2023-12-31,EBAY INC,EBAY,www.ebayinc.com
A,USD,STD,INDL,C,114524,2024-12-31,EBAY INC,EBAY,www.ebayinc.com
A,USD,STD,INDL,C,114524,2025-12-31,EBAY INC,EBAY,www.ebayinc.com
A,USD,STD,FS,C,114628,2010-12-31,GOLDMAN SACHS GROUP INC,GS,www.goldmansachs.com
A,USD,STD,INDL,C,114628,2010-12-31,GOLDMAN SACHS GROUP INC,GS,www.goldmansachs.com
A,USD,STD,FS,C,114628,2011-12-31,GOLDMAN SACHS GROUP INC,GS,www.goldmansachs.com
A,USD,STD,INDL,C,114628,2011-12-31,GOLDMAN SACHS GROUP INC,GS,www.goldmansachs.com
A,USD,STD,FS,C,114628,2012-12-31,GOLDMAN SACHS GROUP INC,GS,www.goldmansachs.com
A,USD,STD,INDL,C,114628,2012-12-31,GOLDMAN SACHS GROUP INC,GS,www.goldmansachs.com
A,USD,STD,FS,C,114628,2013-12-31,GOLDMAN SACHS GROUP INC,GS,www.goldmansachs.com
A,USD,STD,INDL,C,114628,2013-12-31,GOLDMAN SACHS GROUP INC,GS,www.goldmansachs.com
A,USD,STD,FS,C,114628,2014-12-31,GOLDMAN SACHS GROUP INC,GS,www.goldmansachs.com
A,USD,STD,INDL,C,114628,2014-12-31,GOLDMAN SACHS GROUP INC,GS,www.goldmansachs.com
A,USD,STD,FS,C,114628,2015-12-31,GOLDMAN SACHS GROUP INC,GS,www.goldmansachs.com
A,USD,STD,INDL,C,114628,2015-12-31,GOLDMAN SACHS GROUP INC,GS,www.goldmansachs.com
A,USD,STD,FS,C,114628,2016-12-31,GOLDMAN SACHS GROUP INC,GS,www.goldmansachs.com
A,USD,STD,INDL,C,114628,2016-12-31,GOLDMAN SACHS GROUP INC,GS,www.goldmansachs.com
A,USD,STD,FS,C,114628,2017-12-31,GOLDMAN SACHS GROUP INC,GS,www.goldmansachs.com
A,USD,STD,INDL,C,114628,2017-12-31,GOLDMAN SACHS GROUP INC,GS,www.goldmansachs.com
A,USD,STD,FS,C,114628,2018-12-31,GOLDMAN SACHS GROUP INC,GS,www.goldmansachs.com
A,USD,STD,INDL,C,114628,2018-12-31,GOLDMAN SACHS GROUP INC,GS,www.goldmansachs.com
A,USD,STD,FS,C,114628,2019-12-31,GOLDMAN SACHS GROUP INC,GS,www.goldmansachs.com
A,USD,STD,INDL,C,114628,2019-12-31,GOLDMAN SACHS GROUP INC,GS,www.goldmansachs.com
A,USD,STD,FS,C,114628,2020-12-31,GOLDMAN SACHS GROUP INC,GS,www.goldmansachs.com
A,USD,STD,INDL,C,114628,2020-12-31,GOLDMAN SACHS GROUP INC,GS,www.goldmansachs.com
A,USD,STD,FS,C,114628,2021-12-31,GOLDMAN SACHS GROUP INC,GS,www.goldmansachs.com
A,USD,STD,INDL,C,114628,2021-12-31,GOLDMAN SACHS GROUP INC,GS,www.goldmansachs.com
A,USD,STD,FS,C,114628,2022-12-31,GOLDMAN SACHS GROUP INC,GS,www.goldmansachs.com
A,USD,STD,INDL,C,114628,2022-12-31,GOLDMAN SACHS GROUP INC,GS,www.goldmansachs.com
A,USD,STD,FS,C,114628,2023-12-31,GOLDMAN SACHS GROUP INC,GS,www.goldmansachs.com
A,USD,STD,INDL,C,114628,2023-12-31,GOLDMAN SACHS GROUP INC,GS,www.goldmansachs.com
A,USD,STD,FS,C,114628,2024-12-31,GOLDMAN SACHS GROUP INC,GS,www.goldmansachs.com
A,USD,STD,INDL,C,114628,2024-12-31,GOLDMAN SACHS GROUP INC,GS,www.goldmansachs.com
A,USD,STD,FS,C,114628,2025-12-31,GOLDMAN SACHS GROUP INC,GS,www.goldmansachs.com
A,USD,STD,INDL,C,114628,2025-12-31,GOLDMAN SACHS GROUP INC,GS,www.goldmansachs.com
A,USD,STD,INDL,C,117768,2010-01-31,NVIDIA CORP,NVDA,www.nvidia.com
A,USD,STD,INDL,C,117768,2011-01-31,NVIDIA CORP,NVDA,www.nvidia.com
A,USD,STD,INDL,C,117768,2012-01-31,NVIDIA CORP,NVDA,www.nvidia.com
A,USD,STD,INDL,C,117768,2013-01-31,NVIDIA CORP,NVDA,www.nvidia.com
A,USD,STD,INDL,C,117768,2014-01-31,NVIDIA CORP,NVDA,www.nvidia.com
A,USD,STD,INDL,C,117768,2015-01-31,NVIDIA CORP,NVDA,www.nvidia.com
A,USD,STD,INDL,C,117768,2016-01-31,NVIDIA CORP,NVDA,www.nvidia.com
A,USD,STD,INDL,C,117768,2017-01-31,NVIDIA CORP,NVDA,www.nvidia.com
A,USD,STD,INDL,C,117768,2018-01-31,NVIDIA CORP,NVDA,www.nvidia.com
A,USD,STD,INDL,C,117768,2019-01-31,NVIDIA CORP,NVDA,www.nvidia.com
A,USD,STD,INDL,C,117768,2020-01-31,NVIDIA CORP,NVDA,www.nvidia.com
A,USD,STD,INDL,C,117768,2021-01-31,NVIDIA CORP,NVDA,www.nvidia.com
A,USD,STD,INDL,C,117768,2022-01-31,NVIDIA CORP,NVDA,www.nvidia.com
A,USD,STD,INDL,C,117768,2023-01-31,NVIDIA CORP,NVDA,www.nvidia.com
A,USD,STD,INDL,C,117768,2024-01-31,NVIDIA CORP,NVDA,www.nvidia.com
A,USD,STD,INDL,C,117768,2025-01-31,NVIDIA CORP,NVDA,www.nvidia.com
A,USD,STD,INDL,C,117768,2026-01-31,NVIDIA CORP,NVDA,www.nvidia.com
A,USD,STD,INDL,C,118122,2010-12-31,APTIV PLC,APTV,www.aptiv.com
A,USD,STD,INDL,C,118122,2011-12-31,APTIV PLC,APTV,www.aptiv.com
A,USD,STD,INDL,C,118122,2012-12-31,APTIV PLC,APTV,www.aptiv.com
A,USD,STD,INDL,C,118122,2013-12-31,APTIV PLC,APTV,www.aptiv.com
A,USD,STD,INDL,C,118122,2014-12-31,APTIV PLC,APTV,www.aptiv.com
A,USD,STD,INDL,C,118122,2015-12-31,APTIV PLC,APTV,www.aptiv.com
A,USD,STD,INDL,C,118122,2016-12-31,APTIV PLC,APTV,www.aptiv.com
A,USD,STD,INDL,C,118122,2017-12-31,APTIV PLC,APTV,www.aptiv.com
A,USD,STD,INDL,C,118122,2018-12-31,APTIV PLC,APTV,www.aptiv.com
A,USD,STD,INDL,C,118122,2019-12-31,APTIV PLC,APTV,www.aptiv.com
A,USD,STD,INDL,C,118122,2020-12-31,APTIV PLC,APTV,www.aptiv.com
A,USD,STD,INDL,C,118122,2021-12-31,APTIV PLC,APTV,www.aptiv.com
A,USD,STD,INDL,C,118122,2022-12-31,APTIV PLC,APTV,www.aptiv.com
A,USD,STD,INDL,C,118122,2023-12-31,APTIV PLC,APTV,www.aptiv.com
A,USD,STD,INDL,C,118122,2024-12-31,APTIV PLC,APTV,www.aptiv.com
A,USD,STD,INDL,C,118122,2025-12-31,APTIV PLC,APTV,www.aptiv.com
A,USD,STD,INDL,C,119314,2010-12-31,BOOKING HOLDINGS INC,BKNG,www.bookingholdings.com
A,USD,STD,INDL,C,119314,2011-12-31,BOOKING HOLDINGS INC,BKNG,www.bookingholdings.com
A,USD,STD,INDL,C,119314,2012-12-31,BOOKING HOLDINGS INC,BKNG,www.bookingholdings.com
A,USD,STD,INDL,C,119314,2013-12-31,BOOKING HOLDINGS INC,BKNG,www.bookingholdings.com
A,USD,STD,INDL,C,119314,2014-12-31,BOOKING HOLDINGS INC,BKNG,www.bookingholdings.com
A,USD,STD,INDL,C,119314,2015-12-31,BOOKING HOLDINGS INC,BKNG,www.bookingholdings.com
A,USD,STD,INDL,C,119314,2016-12-31,BOOKING HOLDINGS INC,BKNG,www.bookingholdings.com
A,USD,STD,INDL,C,119314,2017-12-31,BOOKING HOLDINGS INC,BKNG,www.bookingholdings.com
A,USD,STD,INDL,C,119314,2018-12-31,BOOKING HOLDINGS INC,BKNG,www.bookingholdings.com
A,USD,STD,INDL,C,119314,2019-12-31,BOOKING HOLDINGS INC,BKNG,www.bookingholdings.com
A,USD,STD,INDL,C,119314,2020-12-31,BOOKING HOLDINGS INC,BKNG,www.bookingholdings.com
A,USD,STD,INDL,C,119314,2021-12-31,BOOKING HOLDINGS INC,BKNG,www.bookingholdings.com
A,USD,STD,INDL,C,119314,2022-12-31,BOOKING HOLDINGS INC,BKNG,www.bookingholdings.com
A,USD,STD,INDL,C,119314,2023-12-31,BOOKING HOLDINGS INC,BKNG,www.bookingholdings.com
A,USD,STD,INDL,C,119314,2024-12-31,BOOKING HOLDINGS INC,BKNG,www.bookingholdings.com
A,USD,STD,INDL,C,119314,2025-12-31,BOOKING HOLDINGS INC,BKNG,www.bookingholdings.com
A,USD,STD,INDL,C,121077,2010-09-30,F5 INC,FFIV,www.f5.com
A,USD,STD,INDL,C,121077,2011-09-30,F5 INC,FFIV,www.f5.com
A,USD,STD,INDL,C,121077,2012-09-30,F5 INC,FFIV,www.f5.com
A,USD,STD,INDL,C,121077,2013-09-30,F5 INC,FFIV,www.f5.com
A,USD,STD,INDL,C,121077,2014-09-30,F5 INC,FFIV,www.f5.com
A,USD,STD,INDL,C,121077,2015-09-30,F5 INC,FFIV,www.f5.com
A,USD,STD,INDL,C,121077,2016-09-30,F5 INC,FFIV,www.f5.com
A,USD,STD,INDL,C,121077,2017-09-30,F5 INC,FFIV,www.f5.com
A,USD,STD,INDL,C,121077,2018-09-30,F5 INC,FFIV,www.f5.com
A,USD,STD,INDL,C,121077,2019-09-30,F5 INC,FFIV,www.f5.com
A,USD,STD,INDL,C,121077,2020-09-30,F5 INC,FFIV,www.f5.com
A,USD,STD,INDL,C,121077,2021-09-30,F5 INC,FFIV,www.f5.com
A,USD,STD,INDL,C,121077,2022-09-30,F5 INC,FFIV,www.f5.com
A,USD,STD,INDL,C,121077,2023-09-30,F5 INC,FFIV,www.f5.com
A,USD,STD,INDL,C,121077,2024-09-30,F5 INC,FFIV,www.f5.com
A,USD,STD,INDL,C,121077,2025-09-30,F5 INC,FFIV,www.f5.com
A,USD,STD,INDL,C,121382,2010-12-31,SBA COMMUNICATIONS CORP,SBAC,www.sbasite.com
A,USD,STD,INDL,C,121382,2011-12-31,SBA COMMUNICATIONS CORP,SBAC,www.sbasite.com
A,USD,STD,INDL,C,121382,2012-12-31,SBA COMMUNICATIONS CORP,SBAC,www.sbasite.com
A,USD,STD,INDL,C,121382,2013-12-31,SBA COMMUNICATIONS CORP,SBAC,www.sbasite.com
A,USD,STD,INDL,C,121382,2014-12-31,SBA COMMUNICATIONS CORP,SBAC,www.sbasite.com
A,USD,STD,INDL,C,121382,2015-12-31,SBA COMMUNICATIONS CORP,SBAC,www.sbasite.com
A,USD,STD,INDL,C,121382,2016-12-31,SBA COMMUNICATIONS CORP,SBAC,www.sbasite.com
A,USD,STD,INDL,C,121382,2017-12-31,SBA COMMUNICATIONS CORP,SBAC,www.sbasite.com
A,USD,STD,INDL,C,121382,2018-12-31,SBA COMMUNICATIONS CORP,SBAC,www.sbasite.com
A,USD,STD,INDL,C,121382,2019-12-31,SBA COMMUNICATIONS CORP,SBAC,www.sbasite.com
A,USD,STD,INDL,C,121382,2020-12-31,SBA COMMUNICATIONS CORP,SBAC,www.sbasite.com
A,USD,STD,INDL,C,121382,2021-12-31,SBA COMMUNICATIONS CORP,SBAC,www.sbasite.com
A,USD,STD,INDL,C,121382,2022-12-31,SBA COMMUNICATIONS CORP,SBAC,www.sbasite.com
A,USD,STD,INDL,C,121382,2023-12-31,SBA COMMUNICATIONS CORP,SBAC,www.sbasite.com
A,USD,STD,INDL,C,121382,2024-12-31,SBA COMMUNICATIONS CORP,SBAC,www.sbasite.com
A,USD,STD,INDL,C,121382,2025-12-31,SBA COMMUNICATIONS CORP,SBAC,www.sbasite.com
A,USD,STD,INDL,C,122380,2010-12-31,LENNOX INTERNATIONAL INC,LII,www.lennox.com
A,USD,STD,INDL,C,122380,2011-12-31,LENNOX INTERNATIONAL INC,LII,www.lennox.com
A,USD,STD,INDL,C,122380,2012-12-31,LENNOX INTERNATIONAL INC,LII,www.lennox.com
A,USD,STD,INDL,C,122380,2013-12-31,LENNOX INTERNATIONAL INC,LII,www.lennox.com
A,USD,STD,INDL,C,122380,2014-12-31,LENNOX INTERNATIONAL INC,LII,www.lennox.com
A,USD,STD,INDL,C,122380,2015-12-31,LENNOX INTERNATIONAL INC,LII,www.lennox.com
A,USD,STD,INDL,C,122380,2016-12-31,LENNOX INTERNATIONAL INC,LII,www.lennox.com
A,USD,STD,INDL,C,122380,2017-12-31,LENNOX INTERNATIONAL INC,LII,www.lennox.com
A,USD,STD,INDL,C,122380,2018-12-31,LENNOX INTERNATIONAL INC,LII,www.lennox.com
A,USD,STD,INDL,C,122380,2019-12-31,LENNOX INTERNATIONAL INC,LII,www.lennox.com
A,USD,STD,INDL,C,122380,2020-12-31,LENNOX INTERNATIONAL INC,LII,www.lennox.com
A,USD,STD,INDL,C,122380,2021-12-31,LENNOX INTERNATIONAL INC,LII,www.lennox.com
A,USD,STD,INDL,C,122380,2022-12-31,LENNOX INTERNATIONAL INC,LII,www.lennox.com
A,USD,STD,INDL,C,122380,2023-12-31,LENNOX INTERNATIONAL INC,LII,www.lennox.com
A,USD,STD,INDL,C,122380,2024-12-31,LENNOX INTERNATIONAL INC,LII,www.lennox.com
A,USD,STD,INDL,C,122380,2025-12-31,LENNOX INTERNATIONAL INC,LII,www.lennox.com
A,USD,STD,FS,C,124434,2010-12-31,BLACKROCK INC,BLK,www.blackrock.com
A,USD,STD,INDL,C,124434,2010-12-31,BLACKROCK INC,BLK,www.blackrock.com
A,USD,STD,FS,C,124434,2011-12-31,BLACKROCK INC,BLK,www.blackrock.com
A,USD,STD,INDL,C,124434,2011-12-31,BLACKROCK INC,BLK,www.blackrock.com
A,USD,STD,FS,C,124434,2012-12-31,BLACKROCK INC,BLK,www.blackrock.com
A,USD,STD,INDL,C,124434,2012-12-31,BLACKROCK INC,BLK,www.blackrock.com
A,USD,STD,FS,C,124434,2013-12-31,BLACKROCK INC,BLK,www.blackrock.com
A,USD,STD,INDL,C,124434,2013-12-31,BLACKROCK INC,BLK,www.blackrock.com
A,USD,STD,FS,C,124434,2014-12-31,BLACKROCK INC,BLK,www.blackrock.com
A,USD,STD,INDL,C,124434,2014-12-31,BLACKROCK INC,BLK,www.blackrock.com
A,USD,STD,FS,C,124434,2015-12-31,BLACKROCK INC,BLK,www.blackrock.com
A,USD,STD,INDL,C,124434,2015-12-31,BLACKROCK INC,BLK,www.blackrock.com
A,USD,STD,FS,C,124434,2016-12-31,BLACKROCK INC,BLK,www.blackrock.com
A,USD,STD,INDL,C,124434,2016-12-31,BLACKROCK INC,BLK,www.blackrock.com
A,USD,STD,FS,C,124434,2017-12-31,BLACKROCK INC,BLK,www.blackrock.com
A,USD,STD,INDL,C,124434,2017-12-31,BLACKROCK INC,BLK,www.blackrock.com
A,USD,STD,FS,C,124434,2018-12-31,BLACKROCK INC,BLK,www.blackrock.com
A,USD,STD,INDL,C,124434,2018-12-31,BLACKROCK INC,BLK,www.blackrock.com
A,USD,STD,FS,C,124434,2019-12-31,BLACKROCK INC,BLK,www.blackrock.com
A,USD,STD,INDL,C,124434,2019-12-31,BLACKROCK INC,BLK,www.blackrock.com
A,USD,STD,FS,C,124434,2020-12-31,BLACKROCK INC,BLK,www.blackrock.com
A,USD,STD,INDL,C,124434,2020-12-31,BLACKROCK INC,BLK,www.blackrock.com
A,USD,STD,FS,C,124434,2021-12-31,BLACKROCK INC,BLK,www.blackrock.com
A,USD,STD,INDL,C,124434,2021-12-31,BLACKROCK INC,BLK,www.blackrock.com
A,USD,STD,FS,C,124434,2022-12-31,BLACKROCK INC,BLK,www.blackrock.com
A,USD,STD,INDL,C,124434,2022-12-31,BLACKROCK INC,BLK,www.blackrock.com
A,USD,STD,FS,C,124434,2023-12-31,BLACKROCK INC,BLK,www.blackrock.com
A,USD,STD,INDL,C,124434,2023-12-31,BLACKROCK INC,BLK,www.blackrock.com
A,USD,STD,FS,C,124434,2024-12-31,BLACKROCK INC,BLK,www.blackrock.com
A,USD,STD,INDL,C,124434,2024-12-31,BLACKROCK INC,BLK,www.blackrock.com
A,USD,STD,FS,C,124434,2025-12-31,BLACKROCK INC,BLK,www.blackrock.com
A,USD,STD,INDL,C,124434,2025-12-31,BLACKROCK INC,BLK,www.blackrock.com
A,USD,STD,INDL,C,125240,2010-12-31,TKO GROUP HOLDINGS INC,TKO,tkogrp.com
A,USD,STD,INDL,C,125240,2011-12-31,TKO GROUP HOLDINGS INC,TKO,tkogrp.com
A,USD,STD,INDL,C,125240,2012-12-31,TKO GROUP HOLDINGS INC,TKO,tkogrp.com
A,USD,STD,INDL,C,125240,2013-12-31,TKO GROUP HOLDINGS INC,TKO,tkogrp.com
A,USD,STD,INDL,C,125240,2014-12-31,TKO GROUP HOLDINGS INC,TKO,tkogrp.com
A,USD,STD,INDL,C,125240,2015-12-31,TKO GROUP HOLDINGS INC,TKO,tkogrp.com
A,USD,STD,INDL,C,125240,2016-12-31,TKO GROUP HOLDINGS INC,TKO,tkogrp.com
A,USD,STD,INDL,C,125240,2017-12-31,TKO GROUP HOLDINGS INC,TKO,tkogrp.com
A,USD,STD,INDL,C,125240,2018-12-31,TKO GROUP HOLDINGS INC,TKO,tkogrp.com
A,USD,STD,INDL,C,125240,2019-12-31,TKO GROUP HOLDINGS INC,TKO,tkogrp.com
A,USD,STD,INDL,C,125240,2020-12-31,TKO GROUP HOLDINGS INC,TKO,tkogrp.com
A,USD,STD,INDL,C,125240,2021-12-31,TKO GROUP HOLDINGS INC,TKO,tkogrp.com
A,USD,STD,INDL,C,125240,2022-12-31,TKO GROUP HOLDINGS INC,TKO,tkogrp.com
A,USD,STD,INDL,C,125240,2023-12-31,TKO GROUP HOLDINGS INC,TKO,tkogrp.com
A,USD,STD,INDL,C,125240,2024-12-31,TKO GROUP HOLDINGS INC,TKO,tkogrp.com
A,USD,STD,INDL,C,125240,2025-12-31,TKO GROUP HOLDINGS INC,TKO,tkogrp.com
A,USD,STD,INDL,C,125595,2010-12-31,AKAMAI TECHNOLOGIES INC,AKAM,www.akamai.com
A,USD,STD,INDL,C,125595,2011-12-31,AKAMAI TECHNOLOGIES INC,AKAM,www.akamai.com
A,USD,STD,INDL,C,125595,2012-12-31,AKAMAI TECHNOLOGIES INC,AKAM,www.akamai.com
A,USD,STD,INDL,C,125595,2013-12-31,AKAMAI TECHNOLOGIES INC,AKAM,www.akamai.com
A,USD,STD,INDL,C,125595,2014-12-31,AKAMAI TECHNOLOGIES INC,AKAM,www.akamai.com
A,USD,STD,INDL,C,125595,2015-12-31,AKAMAI TECHNOLOGIES INC,AKAM,www.akamai.com
A,USD,STD,INDL,C,125595,2016-12-31,AKAMAI TECHNOLOGIES INC,AKAM,www.akamai.com
A,USD,STD,INDL,C,125595,2017-12-31,AKAMAI TECHNOLOGIES INC,AKAM,www.akamai.com
A,USD,STD,INDL,C,125595,2018-12-31,AKAMAI TECHNOLOGIES INC,AKAM,www.akamai.com
A,USD,STD,INDL,C,125595,2019-12-31,AKAMAI TECHNOLOGIES INC,AKAM,www.akamai.com
A,USD,STD,INDL,C,125595,2020-12-31,AKAMAI TECHNOLOGIES INC,AKAM,www.akamai.com
A,USD,STD,INDL,C,125595,2021-12-31,AKAMAI TECHNOLOGIES INC,AKAM,www.akamai.com
A,USD,STD,INDL,C,125595,2022-12-31,AKAMAI TECHNOLOGIES INC,AKAM,www.akamai.com
A,USD,STD,INDL,C,125595,2023-12-31,AKAMAI TECHNOLOGIES INC,AKAM,www.akamai.com
A,USD,STD,INDL,C,125595,2024-12-31,AKAMAI TECHNOLOGIES INC,AKAM,www.akamai.com
A,USD,STD,INDL,C,125595,2025-12-31,AKAMAI TECHNOLOGIES INC,AKAM,www.akamai.com
A,USD,STD,INDL,C,126136,2010-12-31,CHARTER COMMUNICATIONS INC,CHTR,corporate.charter.com
A,USD,STD,INDL,C,126136,2011-12-31,CHARTER COMMUNICATIONS INC,CHTR,corporate.charter.com
A,USD,STD,INDL,C,126136,2012-12-31,CHARTER COMMUNICATIONS INC,CHTR,corporate.charter.com
A,USD,STD,INDL,C,126136,2013-12-31,CHARTER COMMUNICATIONS INC,CHTR,corporate.charter.com
A,USD,STD,INDL,C,126136,2014-12-31,CHARTER COMMUNICATIONS INC,CHTR,corporate.charter.com
A,USD,STD,INDL,C,126136,2015-12-31,CHARTER COMMUNICATIONS INC,CHTR,corporate.charter.com
A,USD,STD,INDL,C,126136,2016-12-31,CHARTER COMMUNICATIONS INC,CHTR,corporate.charter.com
A,USD,STD,INDL,C,126136,2017-12-31,CHARTER COMMUNICATIONS INC,CHTR,corporate.charter.com
A,USD,STD,INDL,C,126136,2018-12-31,CHARTER COMMUNICATIONS INC,CHTR,corporate.charter.com
A,USD,STD,INDL,C,126136,2019-12-31,CHARTER COMMUNICATIONS INC,CHTR,corporate.charter.com
A,USD,STD,INDL,C,126136,2020-12-31,CHARTER COMMUNICATIONS INC,CHTR,corporate.charter.com
A,USD,STD,INDL,C,126136,2021-12-31,CHARTER COMMUNICATIONS INC,CHTR,corporate.charter.com
A,USD,STD,INDL,C,126136,2022-12-31,CHARTER COMMUNICATIONS INC,CHTR,corporate.charter.com
A,USD,STD,INDL,C,126136,2023-12-31,CHARTER COMMUNICATIONS INC,CHTR,corporate.charter.com
A,USD,STD,INDL,C,126136,2024-12-31,CHARTER COMMUNICATIONS INC,CHTR,corporate.charter.com
A,USD,STD,INDL,C,126136,2025-12-31,CHARTER COMMUNICATIONS INC,CHTR,corporate.charter.com
A,USD,STD,INDL,C,126296,2010-12-31,EXPEDIA GROUP INC,EXPE,www.expediagroup.com
A,USD,STD,INDL,C,126296,2011-12-31,EXPEDIA GROUP INC,EXPE,www.expediagroup.com
A,USD,STD,INDL,C,126296,2012-12-31,EXPEDIA GROUP INC,EXPE,www.expediagroup.com
A,USD,STD,INDL,C,126296,2013-12-31,EXPEDIA GROUP INC,EXPE,www.expediagroup.com
A,USD,STD,INDL,C,126296,2014-12-31,EXPEDIA GROUP INC,EXPE,www.expediagroup.com
A,USD,STD,INDL,C,126296,2015-12-31,EXPEDIA GROUP INC,EXPE,www.expediagroup.com
A,USD,STD,INDL,C,126296,2016-12-31,EXPEDIA GROUP INC,EXPE,www.expediagroup.com
A,USD,STD,INDL,C,126296,2017-12-31,EXPEDIA GROUP INC,EXPE,www.expediagroup.com
A,USD,STD,INDL,C,126296,2018-12-31,EXPEDIA GROUP INC,EXPE,www.expediagroup.com
A,USD,STD,INDL,C,126296,2019-12-31,EXPEDIA GROUP INC,EXPE,www.expediagroup.com
A,USD,STD,INDL,C,126296,2020-12-31,EXPEDIA GROUP INC,EXPE,www.expediagroup.com
A,USD,STD,INDL,C,126296,2021-12-31,EXPEDIA GROUP INC,EXPE,www.expediagroup.com
A,USD,STD,INDL,C,126296,2022-12-31,EXPEDIA GROUP INC,EXPE,www.expediagroup.com
A,USD,STD,INDL,C,126296,2023-12-31,EXPEDIA GROUP INC,EXPE,www.expediagroup.com
A,USD,STD,INDL,C,126296,2024-12-31,EXPEDIA GROUP INC,EXPE,www.expediagroup.com
A,USD,STD,INDL,C,126296,2025-12-31,EXPEDIA GROUP INC,EXPE,www.expediagroup.com
A,USD,STD,INDL,C,126554,2010-10-31,AGILENT TECHNOLOGIES INC,A,www.agilent.com
A,USD,STD,INDL,C,126554,2011-10-31,AGILENT TECHNOLOGIES INC,A,www.agilent.com
A,USD,STD,INDL,C,126554,2012-10-31,AGILENT TECHNOLOGIES INC,A,www.agilent.com
A,USD,STD,INDL,C,126554,2013-10-31,AGILENT TECHNOLOGIES INC,A,www.agilent.com
A,USD,STD,INDL,C,126554,2014-10-31,AGILENT TECHNOLOGIES INC,A,www.agilent.com
A,USD,STD,INDL,C,126554,2015-10-31,AGILENT TECHNOLOGIES INC,A,www.agilent.com
A,USD,STD,INDL,C,126554,2016-10-31,AGILENT TECHNOLOGIES INC,A,www.agilent.com
A,USD,STD,INDL,C,126554,2017-10-31,AGILENT TECHNOLOGIES INC,A,www.agilent.com
A,USD,STD,INDL,C,126554,2018-10-31,AGILENT TECHNOLOGIES INC,A,www.agilent.com
A,USD,STD,INDL,C,126554,2019-10-31,AGILENT TECHNOLOGIES INC,A,www.agilent.com
A,USD,STD,INDL,C,126554,2020-10-31,AGILENT TECHNOLOGIES INC,A,www.agilent.com
A,USD,STD,INDL,C,126554,2021-10-31,AGILENT TECHNOLOGIES INC,A,www.agilent.com
A,USD,STD,INDL,C,126554,2022-10-31,AGILENT TECHNOLOGIES INC,A,www.agilent.com
A,USD,STD,INDL,C,126554,2023-10-31,AGILENT TECHNOLOGIES INC,A,www.agilent.com
A,USD,STD,INDL,C,126554,2024-10-31,AGILENT TECHNOLOGIES INC,A,www.agilent.com
A,USD,STD,INDL,C,126554,2025-10-31,AGILENT TECHNOLOGIES INC,A,www.agilent.com
A,USD,STD,INDL,C,126721,2010-12-31,TELEDYNE TECHNOLOGIES INC,TDY,www.teledyne.com
A,USD,STD,INDL,C,126721,2011-12-31,TELEDYNE TECHNOLOGIES INC,TDY,www.teledyne.com
A,USD,STD,INDL,C,126721,2012-12-31,TELEDYNE TECHNOLOGIES INC,TDY,www.teledyne.com
A,USD,STD,INDL,C,126721,2013-12-31,TELEDYNE TECHNOLOGIES INC,TDY,www.teledyne.com
A,USD,STD,INDL,C,126721,2014-12-31,TELEDYNE TECHNOLOGIES INC,TDY,www.teledyne.com
A,USD,STD,INDL,C,126721,2015-12-31,TELEDYNE TECHNOLOGIES INC,TDY,www.teledyne.com
A,USD,STD,INDL,C,126721,2016-12-31,TELEDYNE TECHNOLOGIES INC,TDY,www.teledyne.com
A,USD,STD,INDL,C,126721,2017-12-31,TELEDYNE TECHNOLOGIES INC,TDY,www.teledyne.com
A,USD,STD,INDL,C,126721,2018-12-31,TELEDYNE TECHNOLOGIES INC,TDY,www.teledyne.com
A,USD,STD,INDL,C,126721,2019-12-31,TELEDYNE TECHNOLOGIES INC,TDY,www.teledyne.com
A,USD,STD,INDL,C,126721,2020-12-31,TELEDYNE TECHNOLOGIES INC,TDY,www.teledyne.com
A,USD,STD,INDL,C,126721,2021-12-31,TELEDYNE TECHNOLOGIES INC,TDY,www.teledyne.com
A,USD,STD,INDL,C,126721,2022-12-31,TELEDYNE TECHNOLOGIES INC,TDY,www.teledyne.com
A,USD,STD,INDL,C,126721,2023-12-31,TELEDYNE TECHNOLOGIES INC,TDY,www.teledyne.com
A,USD,STD,INDL,C,126721,2024-12-31,TELEDYNE TECHNOLOGIES INC,TDY,www.teledyne.com
A,USD,STD,INDL,C,126721,2025-12-31,TELEDYNE TECHNOLOGIES INC,TDY,www.teledyne.com
A,USD,STD,INDL,C,128978,2010-12-31,PACKAGING CORP OF AMERICA,PKG,www.packagingcorp.com
A,USD,STD,INDL,C,128978,2011-12-31,PACKAGING CORP OF AMERICA,PKG,www.packagingcorp.com
A,USD,STD,INDL,C,128978,2012-12-31,PACKAGING CORP OF AMERICA,PKG,www.packagingcorp.com
A,USD,STD,INDL,C,128978,2013-12-31,PACKAGING CORP OF AMERICA,PKG,www.packagingcorp.com
A,USD,STD,INDL,C,128978,2014-12-31,PACKAGING CORP OF AMERICA,PKG,www.packagingcorp.com
A,USD,STD,INDL,C,128978,2015-12-31,PACKAGING CORP OF AMERICA,PKG,www.packagingcorp.com
A,USD,STD,INDL,C,128978,2016-12-31,PACKAGING CORP OF AMERICA,PKG,www.packagingcorp.com
A,USD,STD,INDL,C,128978,2017-12-31,PACKAGING CORP OF AMERICA,PKG,www.packagingcorp.com
A,USD,STD,INDL,C,128978,2018-12-31,PACKAGING CORP OF AMERICA,PKG,www.packagingcorp.com
A,USD,STD,INDL,C,128978,2019-12-31,PACKAGING CORP OF AMERICA,PKG,www.packagingcorp.com
A,USD,STD,INDL,C,128978,2020-12-31,PACKAGING CORP OF AMERICA,PKG,www.packagingcorp.com
A,USD,STD,INDL,C,128978,2021-12-31,PACKAGING CORP OF AMERICA,PKG,www.packagingcorp.com
A,USD,STD,INDL,C,128978,2022-12-31,PACKAGING CORP OF AMERICA,PKG,www.packagingcorp.com
A,USD,STD,INDL,C,128978,2023-12-31,PACKAGING CORP OF AMERICA,PKG,www.packagingcorp.com
A,USD,STD,INDL,C,128978,2024-12-31,PACKAGING CORP OF AMERICA,PKG,www.packagingcorp.com
A,USD,STD,INDL,C,128978,2025-12-31,PACKAGING CORP OF AMERICA,PKG,www.packagingcorp.com
A,USD,STD,INDL,C,133366,2010-12-31,EDWARDS LIFESCIENCES CORP,EW,www.edwards.com
A,USD,STD,INDL,C,133366,2011-12-31,EDWARDS LIFESCIENCES CORP,EW,www.edwards.com
A,USD,STD,INDL,C,133366,2012-12-31,EDWARDS LIFESCIENCES CORP,EW,www.edwards.com
A,USD,STD,INDL,C,133366,2013-12-31,EDWARDS LIFESCIENCES CORP,EW,www.edwards.com
A,USD,STD,INDL,C,133366,2014-12-31,EDWARDS LIFESCIENCES CORP,EW,www.edwards.com
A,USD,STD,INDL,C,133366,2015-12-31,EDWARDS LIFESCIENCES CORP,EW,www.edwards.com
A,USD,STD,INDL,C,133366,2016-12-31,EDWARDS LIFESCIENCES CORP,EW,www.edwards.com
A,USD,STD,INDL,C,133366,2017-12-31,EDWARDS LIFESCIENCES CORP,EW,www.edwards.com
A,USD,STD,INDL,C,133366,2018-12-31,EDWARDS LIFESCIENCES CORP,EW,www.edwards.com
A,USD,STD,INDL,C,133366,2019-12-31,EDWARDS LIFESCIENCES CORP,EW,www.edwards.com
A,USD,STD,INDL,C,133366,2020-12-31,EDWARDS LIFESCIENCES CORP,EW,www.edwards.com
A,USD,STD,INDL,C,133366,2021-12-31,EDWARDS LIFESCIENCES CORP,EW,www.edwards.com
A,USD,STD,INDL,C,133366,2022-12-31,EDWARDS LIFESCIENCES CORP,EW,www.edwards.com
A,USD,STD,INDL,C,133366,2023-12-31,EDWARDS LIFESCIENCES CORP,EW,www.edwards.com
A,USD,STD,INDL,C,133366,2024-12-31,EDWARDS LIFESCIENCES CORP,EW,www.edwards.com
A,USD,STD,INDL,C,133366,2025-12-31,EDWARDS LIFESCIENCES CORP,EW,www.edwards.com
A,USD,STD,FS,C,133768,2010-12-31,METLIFE INC,MET,www.metlife.com
A,USD,STD,INDL,C,133768,2010-12-31,METLIFE INC,MET,www.metlife.com
A,USD,STD,FS,C,133768,2011-12-31,METLIFE INC,MET,www.metlife.com
A,USD,STD,INDL,C,133768,2011-12-31,METLIFE INC,MET,www.metlife.com
A,USD,STD,FS,C,133768,2012-12-31,METLIFE INC,MET,www.metlife.com
A,USD,STD,INDL,C,133768,2012-12-31,METLIFE INC,MET,www.metlife.com
A,USD,STD,FS,C,133768,2013-12-31,METLIFE INC,MET,www.metlife.com
A,USD,STD,INDL,C,133768,2013-12-31,METLIFE INC,MET,www.metlife.com
A,USD,STD,FS,C,133768,2014-12-31,METLIFE INC,MET,www.metlife.com
A,USD,STD,INDL,C,133768,2014-12-31,METLIFE INC,MET,www.metlife.com
A,USD,STD,FS,C,133768,2015-12-31,METLIFE INC,MET,www.metlife.com
A,USD,STD,INDL,C,133768,2015-12-31,METLIFE INC,MET,www.metlife.com
A,USD,STD,FS,C,133768,2016-12-31,METLIFE INC,MET,www.metlife.com
A,USD,STD,INDL,C,133768,2016-12-31,METLIFE INC,MET,www.metlife.com
A,USD,STD,FS,C,133768,2017-12-31,METLIFE INC,MET,www.metlife.com
A,USD,STD,INDL,C,133768,2017-12-31,METLIFE INC,MET,www.metlife.com
A,USD,STD,FS,C,133768,2018-12-31,METLIFE INC,MET,www.metlife.com
A,USD,STD,INDL,C,133768,2018-12-31,METLIFE INC,MET,www.metlife.com
A,USD,STD,FS,C,133768,2019-12-31,METLIFE INC,MET,www.metlife.com
A,USD,STD,INDL,C,133768,2019-12-31,METLIFE INC,MET,www.metlife.com
A,USD,STD,FS,C,133768,2020-12-31,METLIFE INC,MET,www.metlife.com
A,USD,STD,INDL,C,133768,2020-12-31,METLIFE INC,MET,www.metlife.com
A,USD,STD,FS,C,133768,2021-12-31,METLIFE INC,MET,www.metlife.com
A,USD,STD,INDL,C,133768,2021-12-31,METLIFE INC,MET,www.metlife.com
A,USD,STD,FS,C,133768,2022-12-31,METLIFE INC,MET,www.metlife.com
A,USD,STD,INDL,C,133768,2022-12-31,METLIFE INC,MET,www.metlife.com
A,USD,STD,FS,C,133768,2023-12-31,METLIFE INC,MET,www.metlife.com
A,USD,STD,INDL,C,133768,2023-12-31,METLIFE INC,MET,www.metlife.com
A,USD,STD,FS,C,133768,2024-12-31,METLIFE INC,MET,www.metlife.com
A,USD,STD,INDL,C,133768,2024-12-31,METLIFE INC,MET,www.metlife.com
A,USD,STD,FS,C,133768,2025-12-31,METLIFE INC,MET,www.metlife.com
A,USD,STD,INDL,C,133768,2025-12-31,METLIFE INC,MET,www.metlife.com
A,USD,STD,INDL,C,134932,2010-12-31,ON SEMICONDUCTOR CORP,ON,www.onsemi.com
A,USD,STD,INDL,C,134932,2011-12-31,ON SEMICONDUCTOR CORP,ON,www.onsemi.com
A,USD,STD,INDL,C,134932,2012-12-31,ON SEMICONDUCTOR CORP,ON,www.onsemi.com
A,USD,STD,INDL,C,134932,2013-12-31,ON SEMICONDUCTOR CORP,ON,www.onsemi.com
A,USD,STD,INDL,C,134932,2014-12-31,ON SEMICONDUCTOR CORP,ON,www.onsemi.com
A,USD,STD,INDL,C,134932,2015-12-31,ON SEMICONDUCTOR CORP,ON,www.onsemi.com
A,USD,STD,INDL,C,134932,2016-12-31,ON SEMICONDUCTOR CORP,ON,www.onsemi.com
A,USD,STD,INDL,C,134932,2017-12-31,ON SEMICONDUCTOR CORP,ON,www.onsemi.com
A,USD,STD,INDL,C,134932,2018-12-31,ON SEMICONDUCTOR CORP,ON,www.onsemi.com
A,USD,STD,INDL,C,134932,2019-12-31,ON SEMICONDUCTOR CORP,ON,www.onsemi.com
A,USD,STD,INDL,C,134932,2020-12-31,ON SEMICONDUCTOR CORP,ON,www.onsemi.com
A,USD,STD,INDL,C,134932,2021-12-31,ON SEMICONDUCTOR CORP,ON,www.onsemi.com
A,USD,STD,INDL,C,134932,2022-12-31,ON SEMICONDUCTOR CORP,ON,www.onsemi.com
A,USD,STD,INDL,C,134932,2023-12-31,ON SEMICONDUCTOR CORP,ON,www.onsemi.com
A,USD,STD,INDL,C,134932,2024-12-31,ON SEMICONDUCTOR CORP,ON,www.onsemi.com
A,USD,STD,INDL,C,134932,2025-12-31,ON SEMICONDUCTOR CORP,ON,www.onsemi.com
A,USD,STD,INDL,C,135990,2010-12-31,NRG ENERGY INC,NRG,www.nrg.com
A,USD,STD,INDL,C,135990,2011-12-31,NRG ENERGY INC,NRG,www.nrg.com
A,USD,STD,INDL,C,135990,2012-12-31,NRG ENERGY INC,NRG,www.nrg.com
A,USD,STD,INDL,C,135990,2013-12-31,NRG ENERGY INC,NRG,www.nrg.com
A,USD,STD,INDL,C,135990,2014-12-31,NRG ENERGY INC,NRG,www.nrg.com
A,USD,STD,INDL,C,135990,2015-12-31,NRG ENERGY INC,NRG,www.nrg.com
A,USD,STD,INDL,C,135990,2016-12-31,NRG ENERGY INC,NRG,www.nrg.com
A,USD,STD,INDL,C,135990,2017-12-31,NRG ENERGY INC,NRG,www.nrg.com
A,USD,STD,INDL,C,135990,2018-12-31,NRG ENERGY INC,NRG,www.nrg.com
A,USD,STD,INDL,C,135990,2019-12-31,NRG ENERGY INC,NRG,www.nrg.com
A,USD,STD,INDL,C,135990,2020-12-31,NRG ENERGY INC,NRG,www.nrg.com
A,USD,STD,INDL,C,135990,2021-12-31,NRG ENERGY INC,NRG,www.nrg.com
A,USD,STD,INDL,C,135990,2022-12-31,NRG ENERGY INC,NRG,www.nrg.com
A,USD,STD,INDL,C,135990,2023-12-31,NRG ENERGY INC,NRG,www.nrg.com
A,USD,STD,INDL,C,135990,2024-12-31,NRG ENERGY INC,NRG,www.nrg.com
A,USD,STD,INDL,C,135990,2025-12-31,NRG ENERGY INC,NRG,www.nrg.com
A,USD,STD,INDL,C,136725,2010-12-31,INTUITIVE SURGICAL INC,ISRG,www.intuitive.com
A,USD,STD,INDL,C,136725,2011-12-31,INTUITIVE SURGICAL INC,ISRG,www.intuitive.com
A,USD,STD,INDL,C,136725,2012-12-31,INTUITIVE SURGICAL INC,ISRG,www.intuitive.com
A,USD,STD,INDL,C,136725,2013-12-31,INTUITIVE SURGICAL INC,ISRG,www.intuitive.com
A,USD,STD,INDL,C,136725,2014-12-31,INTUITIVE SURGICAL INC,ISRG,www.intuitive.com
A,USD,STD,INDL,C,136725,2015-12-31,INTUITIVE SURGICAL INC,ISRG,www.intuitive.com
A,USD,STD,INDL,C,136725,2016-12-31,INTUITIVE SURGICAL INC,ISRG,www.intuitive.com
A,USD,STD,INDL,C,136725,2017-12-31,INTUITIVE SURGICAL INC,ISRG,www.intuitive.com
A,USD,STD,INDL,C,136725,2018-12-31,INTUITIVE SURGICAL INC,ISRG,www.intuitive.com
A,USD,STD,INDL,C,136725,2019-12-31,INTUITIVE SURGICAL INC,ISRG,www.intuitive.com
A,USD,STD,INDL,C,136725,2020-12-31,INTUITIVE SURGICAL INC,ISRG,www.intuitive.com
A,USD,STD,INDL,C,136725,2021-12-31,INTUITIVE SURGICAL INC,ISRG,www.intuitive.com
A,USD,STD,INDL,C,136725,2022-12-31,INTUITIVE SURGICAL INC,ISRG,www.intuitive.com
A,USD,STD,INDL,C,136725,2023-12-31,INTUITIVE SURGICAL INC,ISRG,www.intuitive.com
A,USD,STD,INDL,C,136725,2024-12-31,INTUITIVE SURGICAL INC,ISRG,www.intuitive.com
A,USD,STD,INDL,C,136725,2025-12-31,INTUITIVE SURGICAL INC,ISRG,www.intuitive.com
A,USD,STD,INDL,C,137131,2010-12-31,CHARLES RIVER LABS INTL INC,CRL,www.criver.com
A,USD,STD,INDL,C,137131,2011-12-31,CHARLES RIVER LABS INTL INC,CRL,www.criver.com
A,USD,STD,INDL,C,137131,2012-12-31,CHARLES RIVER LABS INTL INC,CRL,www.criver.com
A,USD,STD,INDL,C,137131,2013-12-31,CHARLES RIVER LABS INTL INC,CRL,www.criver.com
A,USD,STD,INDL,C,137131,2014-12-31,CHARLES RIVER LABS INTL INC,CRL,www.criver.com
A,USD,STD,INDL,C,137131,2015-12-31,CHARLES RIVER LABS INTL INC,CRL,www.criver.com
A,USD,STD,INDL,C,137131,2016-12-31,CHARLES RIVER LABS INTL INC,CRL,www.criver.com
A,USD,STD,INDL,C,137131,2017-12-31,CHARLES RIVER LABS INTL INC,CRL,www.criver.com
A,USD,STD,INDL,C,137131,2018-12-31,CHARLES RIVER LABS INTL INC,CRL,www.criver.com
A,USD,STD,INDL,C,137131,2019-12-31,CHARLES RIVER LABS INTL INC,CRL,www.criver.com
A,USD,STD,INDL,C,137131,2020-12-31,CHARLES RIVER LABS INTL INC,CRL,www.criver.com
A,USD,STD,INDL,C,137131,2021-12-31,CHARLES RIVER LABS INTL INC,CRL,www.criver.com
A,USD,STD,INDL,C,137131,2022-12-31,CHARLES RIVER LABS INTL INC,CRL,www.criver.com
A,USD,STD,INDL,C,137131,2023-12-31,CHARLES RIVER LABS INTL INC,CRL,www.criver.com
A,USD,STD,INDL,C,137131,2024-12-31,CHARLES RIVER LABS INTL INC,CRL,www.criver.com
A,USD,STD,INDL,C,137131,2025-12-31,CHARLES RIVER LABS INTL INC,CRL,www.criver.com
A,USD,STD,INDL,C,138743,2010-12-31,EQUINIX INC,EQIX,www.equinix.com
A,USD,STD,INDL,C,138743,2011-12-31,EQUINIX INC,EQIX,www.equinix.com
A,USD,STD,INDL,C,138743,2012-12-31,EQUINIX INC,EQIX,www.equinix.com
A,USD,STD,INDL,C,138743,2013-12-31,EQUINIX INC,EQIX,www.equinix.com
A,USD,STD,INDL,C,138743,2014-12-31,EQUINIX INC,EQIX,www.equinix.com
A,USD,STD,INDL,C,138743,2015-12-31,EQUINIX INC,EQIX,www.equinix.com
A,USD,STD,INDL,C,138743,2016-12-31,EQUINIX INC,EQIX,www.equinix.com
A,USD,STD,INDL,C,138743,2017-12-31,EQUINIX INC,EQIX,www.equinix.com
A,USD,STD,INDL,C,138743,2018-12-31,EQUINIX INC,EQIX,www.equinix.com
A,USD,STD,INDL,C,138743,2019-12-31,EQUINIX INC,EQIX,www.equinix.com
A,USD,STD,INDL,C,138743,2020-12-31,EQUINIX INC,EQIX,www.equinix.com
A,USD,STD,INDL,C,138743,2021-12-31,EQUINIX INC,EQIX,www.equinix.com
A,USD,STD,INDL,C,138743,2022-12-31,EQUINIX INC,EQIX,www.equinix.com
A,USD,STD,INDL,C,138743,2023-12-31,EQUINIX INC,EQIX,www.equinix.com
A,USD,STD,INDL,C,138743,2024-12-31,EQUINIX INC,EQIX,www.equinix.com
A,USD,STD,INDL,C,138743,2025-12-31,EQUINIX INC,EQIX,www.equinix.com
A,USD,STD,INDL,C,139665,2010-12-31,MOODY'S CORP,MCO,www.moodys.com
A,USD,STD,INDL,C,139665,2011-12-31,MOODY'S CORP,MCO,www.moodys.com
A,USD,STD,INDL,C,139665,2012-12-31,MOODY'S CORP,MCO,www.moodys.com
A,USD,STD,INDL,C,139665,2013-12-31,MOODY'S CORP,MCO,www.moodys.com
A,USD,STD,INDL,C,139665,2014-12-31,MOODY'S CORP,MCO,www.moodys.com
A,USD,STD,INDL,C,139665,2015-12-31,MOODY'S CORP,MCO,www.moodys.com
A,USD,STD,INDL,C,139665,2016-12-31,MOODY'S CORP,MCO,www.moodys.com
A,USD,STD,INDL,C,139665,2017-12-31,MOODY'S CORP,MCO,www.moodys.com
A,USD,STD,INDL,C,139665,2018-12-31,MOODY'S CORP,MCO,www.moodys.com
A,USD,STD,INDL,C,139665,2019-12-31,MOODY'S CORP,MCO,www.moodys.com
A,USD,STD,INDL,C,139665,2020-12-31,MOODY'S CORP,MCO,www.moodys.com
A,USD,STD,INDL,C,139665,2021-12-31,MOODY'S CORP,MCO,www.moodys.com
A,USD,STD,INDL,C,139665,2022-12-31,MOODY'S CORP,MCO,www.moodys.com
A,USD,STD,INDL,C,139665,2023-12-31,MOODY'S CORP,MCO,www.moodys.com
A,USD,STD,INDL,C,139665,2024-12-31,MOODY'S CORP,MCO,www.moodys.com
A,USD,STD,INDL,C,139665,2025-12-31,MOODY'S CORP,MCO,www.moodys.com
A,USD,STD,INDL,C,140541,2010-06-30,TAPESTRY INC,TPR,www.tapestry.com
A,USD,STD,INDL,C,140541,2011-06-30,TAPESTRY INC,TPR,www.tapestry.com
A,USD,STD,INDL,C,140541,2012-06-30,TAPESTRY INC,TPR,www.tapestry.com
A,USD,STD,INDL,C,140541,2013-06-30,TAPESTRY INC,TPR,www.tapestry.com
A,USD,STD,INDL,C,140541,2014-06-30,TAPESTRY INC,TPR,www.tapestry.com
A,USD,STD,INDL,C,140541,2015-06-30,TAPESTRY INC,TPR,www.tapestry.com
A,USD,STD,INDL,C,140541,2016-06-30,TAPESTRY INC,TPR,www.tapestry.com
A,USD,STD,INDL,C,140541,2017-06-30,TAPESTRY INC,TPR,www.tapestry.com
A,USD,STD,INDL,C,140541,2018-06-30,TAPESTRY INC,TPR,www.tapestry.com
A,USD,STD,INDL,C,140541,2019-06-30,TAPESTRY INC,TPR,www.tapestry.com
A,USD,STD,INDL,C,140541,2020-06-30,TAPESTRY INC,TPR,www.tapestry.com
A,USD,STD,INDL,C,140541,2021-06-30,TAPESTRY INC,TPR,www.tapestry.com
A,USD,STD,INDL,C,140541,2022-06-30,TAPESTRY INC,TPR,www.tapestry.com
A,USD,STD,INDL,C,140541,2023-06-30,TAPESTRY INC,TPR,www.tapestry.com
A,USD,STD,INDL,C,140541,2024-06-30,TAPESTRY INC,TPR,www.tapestry.com
A,USD,STD,INDL,C,140541,2025-06-30,TAPESTRY INC,TPR,www.tapestry.com
A,USD,STD,INDL,C,141384,2010-12-31,ALIGN TECHNOLOGY INC,ALGN,www.aligntech.com
A,USD,STD,INDL,C,141384,2011-12-31,ALIGN TECHNOLOGY INC,ALGN,www.aligntech.com
A,USD,STD,INDL,C,141384,2012-12-31,ALIGN TECHNOLOGY INC,ALGN,www.aligntech.com
A,USD,STD,INDL,C,141384,2013-12-31,ALIGN TECHNOLOGY INC,ALGN,www.aligntech.com
A,USD,STD,INDL,C,141384,2014-12-31,ALIGN TECHNOLOGY INC,ALGN,www.aligntech.com
A,USD,STD,INDL,C,141384,2015-12-31,ALIGN TECHNOLOGY INC,ALGN,www.aligntech.com
A,USD,STD,INDL,C,141384,2016-12-31,ALIGN TECHNOLOGY INC,ALGN,www.aligntech.com
A,USD,STD,INDL,C,141384,2017-12-31,ALIGN TECHNOLOGY INC,ALGN,www.aligntech.com
A,USD,STD,INDL,C,141384,2018-12-31,ALIGN TECHNOLOGY INC,ALGN,www.aligntech.com
A,USD,STD,INDL,C,141384,2019-12-31,ALIGN TECHNOLOGY INC,ALGN,www.aligntech.com
A,USD,STD,INDL,C,141384,2020-12-31,ALIGN TECHNOLOGY INC,ALGN,www.aligntech.com
A,USD,STD,INDL,C,141384,2021-12-31,ALIGN TECHNOLOGY INC,ALGN,www.aligntech.com
A,USD,STD,INDL,C,141384,2022-12-31,ALIGN TECHNOLOGY INC,ALGN,www.aligntech.com
A,USD,STD,INDL,C,141384,2023-12-31,ALIGN TECHNOLOGY INC,ALGN,www.aligntech.com
A,USD,STD,INDL,C,141384,2024-12-31,ALIGN TECHNOLOGY INC,ALGN,www.aligntech.com
A,USD,STD,INDL,C,141384,2025-12-31,ALIGN TECHNOLOGY INC,ALGN,www.aligntech.com
A,USD,STD,INDL,C,141459,2010-12-31,GARMIN LTD,GRMN,www.garmin.com
A,USD,STD,INDL,C,141459,2011-12-31,GARMIN LTD,GRMN,www.garmin.com
A,USD,STD,INDL,C,141459,2012-12-31,GARMIN LTD,GRMN,www.garmin.com
A,USD,STD,INDL,C,141459,2013-12-31,GARMIN LTD,GRMN,www.garmin.com
A,USD,STD,INDL,C,141459,2014-12-31,GARMIN LTD,GRMN,www.garmin.com
A,USD,STD,INDL,C,141459,2015-12-31,GARMIN LTD,GRMN,www.garmin.com
A,USD,STD,INDL,C,141459,2016-12-31,GARMIN LTD,GRMN,www.garmin.com
A,USD,STD,INDL,C,141459,2017-12-31,GARMIN LTD,GRMN,www.garmin.com
A,USD,STD,INDL,C,141459,2018-12-31,GARMIN LTD,GRMN,www.garmin.com
A,USD,STD,INDL,C,141459,2019-12-31,GARMIN LTD,GRMN,www.garmin.com
A,USD,STD,INDL,C,141459,2020-12-31,GARMIN LTD,GRMN,www.garmin.com
A,USD,STD,INDL,C,141459,2021-12-31,GARMIN LTD,GRMN,www.garmin.com
A,USD,STD,INDL,C,141459,2022-12-31,GARMIN LTD,GRMN,www.garmin.com
A,USD,STD,INDL,C,141459,2023-12-31,GARMIN LTD,GRMN,www.garmin.com
A,USD,STD,INDL,C,141459,2024-12-31,GARMIN LTD,GRMN,www.garmin.com
A,USD,STD,INDL,C,141459,2025-12-31,GARMIN LTD,GRMN,www.garmin.com
A,USD,STD,INDL,C,141913,2010-05-31,GLOBAL PAYMENTS INC,GPN,www.globalpayments.com/en-ap
A,USD,STD,INDL,C,141913,2011-05-31,GLOBAL PAYMENTS INC,GPN,www.globalpayments.com/en-ap
A,USD,STD,INDL,C,141913,2012-05-31,GLOBAL PAYMENTS INC,GPN,www.globalpayments.com/en-ap
A,USD,STD,INDL,C,141913,2013-05-31,GLOBAL PAYMENTS INC,GPN,www.globalpayments.com/en-ap
A,USD,STD,INDL,C,141913,2014-05-31,GLOBAL PAYMENTS INC,GPN,www.globalpayments.com/en-ap
A,USD,STD,INDL,C,141913,2015-05-31,GLOBAL PAYMENTS INC,GPN,www.globalpayments.com/en-ap
A,USD,STD,INDL,C,141913,2016-05-31,GLOBAL PAYMENTS INC,GPN,www.globalpayments.com/en-ap
A,USD,STD,INDL,C,141913,2016-12-31,GLOBAL PAYMENTS INC,GPN,www.globalpayments.com/en-ap
A,USD,STD,INDL,C,141913,2017-12-31,GLOBAL PAYMENTS INC,GPN,www.globalpayments.com/en-ap
A,USD,STD,INDL,C,141913,2018-12-31,GLOBAL PAYMENTS INC,GPN,www.globalpayments.com/en-ap
A,USD,STD,INDL,C,141913,2019-12-31,GLOBAL PAYMENTS INC,GPN,www.globalpayments.com/en-ap
A,USD,STD,INDL,C,141913,2020-12-31,GLOBAL PAYMENTS INC,GPN,www.globalpayments.com/en-ap
A,USD,STD,INDL,C,141913,2021-12-31,GLOBAL PAYMENTS INC,GPN,www.globalpayments.com/en-ap
A,USD,STD,INDL,C,141913,2022-12-31,GLOBAL PAYMENTS INC,GPN,www.globalpayments.com/en-ap
A,USD,STD,INDL,C,141913,2023-12-31,GLOBAL PAYMENTS INC,GPN,www.globalpayments.com/en-ap
A,USD,STD,INDL,C,141913,2024-12-31,GLOBAL PAYMENTS INC,GPN,www.globalpayments.com/en-ap
A,USD,STD,INDL,C,141913,2025-12-31,GLOBAL PAYMENTS INC,GPN,www.globalpayments.com/en-ap
A,USD,STD,INDL,C,142953,2010-12-31,MONDELEZ INTERNATIONAL INC,MDLZ,www.mondelezinternational.com
A,USD,STD,INDL,C,142953,2011-12-31,MONDELEZ INTERNATIONAL INC,MDLZ,www.mondelezinternational.com
A,USD,STD,INDL,C,142953,2012-12-31,MONDELEZ INTERNATIONAL INC,MDLZ,www.mondelezinternational.com
A,USD,STD,INDL,C,142953,2013-12-31,MONDELEZ INTERNATIONAL INC,MDLZ,www.mondelezinternational.com
A,USD,STD,INDL,C,142953,2014-12-31,MONDELEZ INTERNATIONAL INC,MDLZ,www.mondelezinternational.com
A,USD,STD,INDL,C,142953,2015-12-31,MONDELEZ INTERNATIONAL INC,MDLZ,www.mondelezinternational.com
A,USD,STD,INDL,C,142953,2016-12-31,MONDELEZ INTERNATIONAL INC,MDLZ,www.mondelezinternational.com
A,USD,STD,INDL,C,142953,2017-12-31,MONDELEZ INTERNATIONAL INC,MDLZ,www.mondelezinternational.com
A,USD,STD,INDL,C,142953,2018-12-31,MONDELEZ INTERNATIONAL INC,MDLZ,www.mondelezinternational.com
A,USD,STD,INDL,C,142953,2019-12-31,MONDELEZ INTERNATIONAL INC,MDLZ,www.mondelezinternational.com
A,USD,STD,INDL,C,142953,2020-12-31,MONDELEZ INTERNATIONAL INC,MDLZ,www.mondelezinternational.com
A,USD,STD,INDL,C,142953,2021-12-31,MONDELEZ INTERNATIONAL INC,MDLZ,www.mondelezinternational.com
A,USD,STD,INDL,C,142953,2022-12-31,MONDELEZ INTERNATIONAL INC,MDLZ,www.mondelezinternational.com
A,USD,STD,INDL,C,142953,2023-12-31,MONDELEZ INTERNATIONAL INC,MDLZ,www.mondelezinternational.com
A,USD,STD,INDL,C,142953,2024-12-31,MONDELEZ INTERNATIONAL INC,MDLZ,www.mondelezinternational.com
A,USD,STD,INDL,C,142953,2025-12-31,MONDELEZ INTERNATIONAL INC,MDLZ,www.mondelezinternational.com
A,USD,STD,FS,C,143356,2010-12-31,PRUDENTIAL FINANCIAL INC,PRU,www.prudential.com
A,USD,STD,INDL,C,143356,2010-12-31,PRUDENTIAL FINANCIAL INC,PRU,www.prudential.com
A,USD,STD,FS,C,143356,2011-12-31,PRUDENTIAL FINANCIAL INC,PRU,www.prudential.com
A,USD,STD,INDL,C,143356,2011-12-31,PRUDENTIAL FINANCIAL INC,PRU,www.prudential.com
A,USD,STD,FS,C,143356,2012-12-31,PRUDENTIAL FINANCIAL INC,PRU,www.prudential.com
A,USD,STD,INDL,C,143356,2012-12-31,PRUDENTIAL FINANCIAL INC,PRU,www.prudential.com
A,USD,STD,FS,C,143356,2013-12-31,PRUDENTIAL FINANCIAL INC,PRU,www.prudential.com
A,USD,STD,INDL,C,143356,2013-12-31,PRUDENTIAL FINANCIAL INC,PRU,www.prudential.com
A,USD,STD,FS,C,143356,2014-12-31,PRUDENTIAL FINANCIAL INC,PRU,www.prudential.com
A,USD,STD,INDL,C,143356,2014-12-31,PRUDENTIAL FINANCIAL INC,PRU,www.prudential.com
A,USD,STD,FS,C,143356,2015-12-31,PRUDENTIAL FINANCIAL INC,PRU,www.prudential.com
A,USD,STD,INDL,C,143356,2015-12-31,PRUDENTIAL FINANCIAL INC,PRU,www.prudential.com
A,USD,STD,FS,C,143356,2016-12-31,PRUDENTIAL FINANCIAL INC,PRU,www.prudential.com
A,USD,STD,INDL,C,143356,2016-12-31,PRUDENTIAL FINANCIAL INC,PRU,www.prudential.com
A,USD,STD,FS,C,143356,2017-12-31,PRUDENTIAL FINANCIAL INC,PRU,www.prudential.com
A,USD,STD,INDL,C,143356,2017-12-31,PRUDENTIAL FINANCIAL INC,PRU,www.prudential.com
A,USD,STD,FS,C,143356,2018-12-31,PRUDENTIAL FINANCIAL INC,PRU,www.prudential.com
A,USD,STD,INDL,C,143356,2018-12-31,PRUDENTIAL FINANCIAL INC,PRU,www.prudential.com
A,USD,STD,FS,C,143356,2019-12-31,PRUDENTIAL FINANCIAL INC,PRU,www.prudential.com
A,USD,STD,INDL,C,143356,2019-12-31,PRUDENTIAL FINANCIAL INC,PRU,www.prudential.com
A,USD,STD,FS,C,143356,2020-12-31,PRUDENTIAL FINANCIAL INC,PRU,www.prudential.com
A,USD,STD,INDL,C,143356,2020-12-31,PRUDENTIAL FINANCIAL INC,PRU,www.prudential.com
A,USD,STD,FS,C,143356,2021-12-31,PRUDENTIAL FINANCIAL INC,PRU,www.prudential.com
A,USD,STD,INDL,C,143356,2021-12-31,PRUDENTIAL FINANCIAL INC,PRU,www.prudential.com
A,USD,STD,FS,C,143356,2022-12-31,PRUDENTIAL FINANCIAL INC,PRU,www.prudential.com
A,USD,STD,INDL,C,143356,2022-12-31,PRUDENTIAL FINANCIAL INC,PRU,www.prudential.com
A,USD,STD,FS,C,143356,2023-12-31,PRUDENTIAL FINANCIAL INC,PRU,www.prudential.com
A,USD,STD,INDL,C,143356,2023-12-31,PRUDENTIAL FINANCIAL INC,PRU,www.prudential.com
A,USD,STD,FS,C,143356,2024-12-31,PRUDENTIAL FINANCIAL INC,PRU,www.prudential.com
A,USD,STD,INDL,C,143356,2024-12-31,PRUDENTIAL FINANCIAL INC,PRU,www.prudential.com
A,USD,STD,FS,C,143356,2025-12-31,PRUDENTIAL FINANCIAL INC,PRU,www.prudential.com
A,USD,STD,INDL,C,143356,2025-12-31,PRUDENTIAL FINANCIAL INC,PRU,www.prudential.com
A,USD,STD,INDL,C,143357,2010-08-31,ACCENTURE PLC,ACN,www.accenture.com
A,USD,STD,INDL,C,143357,2011-08-31,ACCENTURE PLC,ACN,www.accenture.com
A,USD,STD,INDL,C,143357,2012-08-31,ACCENTURE PLC,ACN,www.accenture.com
A,USD,STD,INDL,C,143357,2013-08-31,ACCENTURE PLC,ACN,www.accenture.com
A,USD,STD,INDL,C,143357,2014-08-31,ACCENTURE PLC,ACN,www.accenture.com
A,USD,STD,INDL,C,143357,2015-08-31,ACCENTURE PLC,ACN,www.accenture.com
A,USD,STD,INDL,C,143357,2016-08-31,ACCENTURE PLC,ACN,www.accenture.com
A,USD,STD,INDL,C,143357,2017-08-31,ACCENTURE PLC,ACN,www.accenture.com
A,USD,STD,INDL,C,143357,2018-08-31,ACCENTURE PLC,ACN,www.accenture.com
A,USD,STD,INDL,C,143357,2019-08-31,ACCENTURE PLC,ACN,www.accenture.com
A,USD,STD,INDL,C,143357,2020-08-31,ACCENTURE PLC,ACN,www.accenture.com
A,USD,STD,INDL,C,143357,2021-08-31,ACCENTURE PLC,ACN,www.accenture.com
A,USD,STD,INDL,C,143357,2022-08-31,ACCENTURE PLC,ACN,www.accenture.com
A,USD,STD,INDL,C,143357,2023-08-31,ACCENTURE PLC,ACN,www.accenture.com
A,USD,STD,INDL,C,143357,2024-08-31,ACCENTURE PLC,ACN,www.accenture.com
A,USD,STD,INDL,C,143357,2025-08-31,ACCENTURE PLC,ACN,www.accenture.com
A,USD,STD,INDL,C,143912,2010-12-31,AXON ENTERPRISE INC,AXON,www.axon.com
A,USD,STD,INDL,C,143912,2011-12-31,AXON ENTERPRISE INC,AXON,www.axon.com
A,USD,STD,INDL,C,143912,2012-12-31,AXON ENTERPRISE INC,AXON,www.axon.com
A,USD,STD,INDL,C,143912,2013-12-31,AXON ENTERPRISE INC,AXON,www.axon.com
A,USD,STD,INDL,C,143912,2014-12-31,AXON ENTERPRISE INC,AXON,www.axon.com
A,USD,STD,INDL,C,143912,2015-12-31,AXON ENTERPRISE INC,AXON,www.axon.com
A,USD,STD,INDL,C,143912,2016-12-31,AXON ENTERPRISE INC,AXON,www.axon.com
A,USD,STD,INDL,C,143912,2017-12-31,AXON ENTERPRISE INC,AXON,www.axon.com
A,USD,STD,INDL,C,143912,2018-12-31,AXON ENTERPRISE INC,AXON,www.axon.com
A,USD,STD,INDL,C,143912,2019-12-31,AXON ENTERPRISE INC,AXON,www.axon.com
A,USD,STD,INDL,C,143912,2020-12-31,AXON ENTERPRISE INC,AXON,www.axon.com
A,USD,STD,INDL,C,143912,2021-12-31,AXON ENTERPRISE INC,AXON,www.axon.com
A,USD,STD,INDL,C,143912,2022-12-31,AXON ENTERPRISE INC,AXON,www.axon.com
A,USD,STD,INDL,C,143912,2023-12-31,AXON ENTERPRISE INC,AXON,www.axon.com
A,USD,STD,INDL,C,143912,2024-12-31,AXON ENTERPRISE INC,AXON,www.axon.com
A,USD,STD,INDL,C,143912,2025-12-31,AXON ENTERPRISE INC,AXON,www.axon.com
A,USD,STD,INDL,C,144009,2010-12-31,WILLIS TOWERS WATSON PLC,WTW,www.wtwco.com
A,USD,STD,INDL,C,144009,2011-12-31,WILLIS TOWERS WATSON PLC,WTW,www.wtwco.com
A,USD,STD,INDL,C,144009,2012-12-31,WILLIS TOWERS WATSON PLC,WTW,www.wtwco.com
A,USD,STD,INDL,C,144009,2013-12-31,WILLIS TOWERS WATSON PLC,WTW,www.wtwco.com
A,USD,STD,INDL,C,144009,2014-12-31,WILLIS TOWERS WATSON PLC,WTW,www.wtwco.com
A,USD,STD,FS,C,144009,2015-12-31,WILLIS TOWERS WATSON PLC,WTW,www.wtwco.com
A,USD,STD,INDL,C,144009,2015-12-31,WILLIS TOWERS WATSON PLC,WTW,www.wtwco.com
A,USD,STD,FS,C,144009,2016-12-31,WILLIS TOWERS WATSON PLC,WTW,www.wtwco.com
A,USD,STD,INDL,C,144009,2016-12-31,WILLIS TOWERS WATSON PLC,WTW,www.wtwco.com
A,USD,STD,FS,C,144009,2017-12-31,WILLIS TOWERS WATSON PLC,WTW,www.wtwco.com
A,USD,STD,INDL,C,144009,2017-12-31,WILLIS TOWERS WATSON PLC,WTW,www.wtwco.com
A,USD,STD,FS,C,144009,2018-12-31,WILLIS TOWERS WATSON PLC,WTW,www.wtwco.com
A,USD,STD,INDL,C,144009,2018-12-31,WILLIS TOWERS WATSON PLC,WTW,www.wtwco.com
A,USD,STD,FS,C,144009,2019-12-31,WILLIS TOWERS WATSON PLC,WTW,www.wtwco.com
A,USD,STD,INDL,C,144009,2019-12-31,WILLIS TOWERS WATSON PLC,WTW,www.wtwco.com
A,USD,STD,FS,C,144009,2020-12-31,WILLIS TOWERS WATSON PLC,WTW,www.wtwco.com
A,USD,STD,INDL,C,144009,2020-12-31,WILLIS TOWERS WATSON PLC,WTW,www.wtwco.com
A,USD,STD,FS,C,144009,2021-12-31,WILLIS TOWERS WATSON PLC,WTW,www.wtwco.com
A,USD,STD,INDL,C,144009,2021-12-31,WILLIS TOWERS WATSON PLC,WTW,www.wtwco.com
A,USD,STD,FS,C,144009,2022-12-31,WILLIS TOWERS WATSON PLC,WTW,www.wtwco.com
A,USD,STD,INDL,C,144009,2022-12-31,WILLIS TOWERS WATSON PLC,WTW,www.wtwco.com
A,USD,STD,FS,C,144009,2023-12-31,WILLIS TOWERS WATSON PLC,WTW,www.wtwco.com
A,USD,STD,INDL,C,144009,2023-12-31,WILLIS TOWERS WATSON PLC,WTW,www.wtwco.com
A,USD,STD,FS,C,144009,2024-12-31,WILLIS TOWERS WATSON PLC,WTW,www.wtwco.com
A,USD,STD,INDL,C,144009,2024-12-31,WILLIS TOWERS WATSON PLC,WTW,www.wtwco.com
A,USD,STD,FS,C,144009,2025-12-31,WILLIS TOWERS WATSON PLC,WTW,www.wtwco.com
A,USD,STD,INDL,C,144009,2025-12-31,WILLIS TOWERS WATSON PLC,WTW,www.wtwco.com
A,USD,STD,INDL,C,144435,2010-12-31,BUNGE GLOBAL SA,BG,www.bunge.com
A,USD,STD,INDL,C,144435,2011-12-31,BUNGE GLOBAL SA,BG,www.bunge.com
A,USD,STD,INDL,C,144435,2012-12-31,BUNGE GLOBAL SA,BG,www.bunge.com
A,USD,STD,INDL,C,144435,2013-12-31,BUNGE GLOBAL SA,BG,www.bunge.com
A,USD,STD,INDL,C,144435,2014-12-31,BUNGE GLOBAL SA,BG,www.bunge.com
A,USD,STD,INDL,C,144435,2015-12-31,BUNGE GLOBAL SA,BG,www.bunge.com
A,USD,STD,INDL,C,144435,2016-12-31,BUNGE GLOBAL SA,BG,www.bunge.com
A,USD,STD,INDL,C,144435,2017-12-31,BUNGE GLOBAL SA,BG,www.bunge.com
A,USD,STD,INDL,C,144435,2018-12-31,BUNGE GLOBAL SA,BG,www.bunge.com
A,USD,STD,INDL,C,144435,2019-12-31,BUNGE GLOBAL SA,BG,www.bunge.com
A,USD,STD,INDL,C,144435,2020-12-31,BUNGE GLOBAL SA,BG,www.bunge.com
A,USD,STD,INDL,C,144435,2021-12-31,BUNGE GLOBAL SA,BG,www.bunge.com
A,USD,STD,INDL,C,144435,2022-12-31,BUNGE GLOBAL SA,BG,www.bunge.com
A,USD,STD,INDL,C,144435,2023-12-31,BUNGE GLOBAL SA,BG,www.bunge.com
A,USD,STD,INDL,C,144435,2024-12-31,BUNGE GLOBAL SA,BG,www.bunge.com
A,USD,STD,INDL,C,144435,2025-12-31,BUNGE GLOBAL SA,BG,www.bunge.com
A,USD,STD,INDL,C,144559,2010-12-31,ZIMMER BIOMET HOLDINGS INC,ZBH,www.zimmerbiomet.com
A,USD,STD,INDL,C,144559,2011-12-31,ZIMMER BIOMET HOLDINGS INC,ZBH,www.zimmerbiomet.com
A,USD,STD,INDL,C,144559,2012-12-31,ZIMMER BIOMET HOLDINGS INC,ZBH,www.zimmerbiomet.com
A,USD,STD,INDL,C,144559,2013-12-31,ZIMMER BIOMET HOLDINGS INC,ZBH,www.zimmerbiomet.com
A,USD,STD,INDL,C,144559,2014-12-31,ZIMMER BIOMET HOLDINGS INC,ZBH,www.zimmerbiomet.com
A,USD,STD,INDL,C,144559,2015-12-31,ZIMMER BIOMET HOLDINGS INC,ZBH,www.zimmerbiomet.com
A,USD,STD,INDL,C,144559,2016-12-31,ZIMMER BIOMET HOLDINGS INC,ZBH,www.zimmerbiomet.com
A,USD,STD,INDL,C,144559,2017-12-31,ZIMMER BIOMET HOLDINGS INC,ZBH,www.zimmerbiomet.com
A,USD,STD,INDL,C,144559,2018-12-31,ZIMMER BIOMET HOLDINGS INC,ZBH,www.zimmerbiomet.com
A,USD,STD,INDL,C,144559,2019-12-31,ZIMMER BIOMET HOLDINGS INC,ZBH,www.zimmerbiomet.com
A,USD,STD,INDL,C,144559,2020-12-31,ZIMMER BIOMET HOLDINGS INC,ZBH,www.zimmerbiomet.com
A,USD,STD,INDL,C,144559,2021-12-31,ZIMMER BIOMET HOLDINGS INC,ZBH,www.zimmerbiomet.com
A,USD,STD,INDL,C,144559,2022-12-31,ZIMMER BIOMET HOLDINGS INC,ZBH,www.zimmerbiomet.com
A,USD,STD,INDL,C,144559,2023-12-31,ZIMMER BIOMET HOLDINGS INC,ZBH,www.zimmerbiomet.com
A,USD,STD,INDL,C,144559,2024-12-31,ZIMMER BIOMET HOLDINGS INC,ZBH,www.zimmerbiomet.com
A,USD,STD,INDL,C,144559,2025-12-31,ZIMMER BIOMET HOLDINGS INC,ZBH,www.zimmerbiomet.com
A,USD,STD,FS,C,145046,2010-12-31,ELEVANCE HEALTH INC,ELV,www.elevancehealth.com
A,USD,STD,INDL,C,145046,2010-12-31,ELEVANCE HEALTH INC,ELV,www.elevancehealth.com
A,USD,STD,FS,C,145046,2011-12-31,ELEVANCE HEALTH INC,ELV,www.elevancehealth.com
A,USD,STD,INDL,C,145046,2011-12-31,ELEVANCE HEALTH INC,ELV,www.elevancehealth.com
A,USD,STD,FS,C,145046,2012-12-31,ELEVANCE HEALTH INC,ELV,www.elevancehealth.com
A,USD,STD,INDL,C,145046,2012-12-31,ELEVANCE HEALTH INC,ELV,www.elevancehealth.com
A,USD,STD,FS,C,145046,2013-12-31,ELEVANCE HEALTH INC,ELV,www.elevancehealth.com
A,USD,STD,INDL,C,145046,2013-12-31,ELEVANCE HEALTH INC,ELV,www.elevancehealth.com
A,USD,STD,FS,C,145046,2014-12-31,ELEVANCE HEALTH INC,ELV,www.elevancehealth.com
A,USD,STD,INDL,C,145046,2014-12-31,ELEVANCE HEALTH INC,ELV,www.elevancehealth.com
A,USD,STD,FS,C,145046,2015-12-31,ELEVANCE HEALTH INC,ELV,www.elevancehealth.com
A,USD,STD,INDL,C,145046,2015-12-31,ELEVANCE HEALTH INC,ELV,www.elevancehealth.com
A,USD,STD,FS,C,145046,2016-12-31,ELEVANCE HEALTH INC,ELV,www.elevancehealth.com
A,USD,STD,INDL,C,145046,2016-12-31,ELEVANCE HEALTH INC,ELV,www.elevancehealth.com
A,USD,STD,FS,C,145046,2017-12-31,ELEVANCE HEALTH INC,ELV,www.elevancehealth.com
A,USD,STD,INDL,C,145046,2017-12-31,ELEVANCE HEALTH INC,ELV,www.elevancehealth.com
A,USD,STD,FS,C,145046,2018-12-31,ELEVANCE HEALTH INC,ELV,www.elevancehealth.com
A,USD,STD,INDL,C,145046,2018-12-31,ELEVANCE HEALTH INC,ELV,www.elevancehealth.com
A,USD,STD,FS,C,145046,2019-12-31,ELEVANCE HEALTH INC,ELV,www.elevancehealth.com
A,USD,STD,INDL,C,145046,2019-12-31,ELEVANCE HEALTH INC,ELV,www.elevancehealth.com
A,USD,STD,FS,C,145046,2020-12-31,ELEVANCE HEALTH INC,ELV,www.elevancehealth.com
A,USD,STD,INDL,C,145046,2020-12-31,ELEVANCE HEALTH INC,ELV,www.elevancehealth.com
A,USD,STD,FS,C,145046,2021-12-31,ELEVANCE HEALTH INC,ELV,www.elevancehealth.com
A,USD,STD,INDL,C,145046,2021-12-31,ELEVANCE HEALTH INC,ELV,www.elevancehealth.com
A,USD,STD,FS,C,145046,2022-12-31,ELEVANCE HEALTH INC,ELV,www.elevancehealth.com
A,USD,STD,INDL,C,145046,2022-12-31,ELEVANCE HEALTH INC,ELV,www.elevancehealth.com
A,USD,STD,FS,C,145046,2023-12-31,ELEVANCE HEALTH INC,ELV,www.elevancehealth.com
A,USD,STD,INDL,C,145046,2023-12-31,ELEVANCE HEALTH INC,ELV,www.elevancehealth.com
A,USD,STD,FS,C,145046,2024-12-31,ELEVANCE HEALTH INC,ELV,www.elevancehealth.com
A,USD,STD,INDL,C,145046,2024-12-31,ELEVANCE HEALTH INC,ELV,www.elevancehealth.com
A,USD,STD,FS,C,145046,2025-12-31,ELEVANCE HEALTH INC,ELV,www.elevancehealth.com
A,USD,STD,INDL,C,145046,2025-12-31,ELEVANCE HEALTH INC,ELV,www.elevancehealth.com
A,USD,STD,FS,C,145552,2010-12-31,CENTENE CORP,CNC,www.centene.com
A,USD,STD,INDL,C,145552,2010-12-31,CENTENE CORP,CNC,www.centene.com
A,USD,STD,FS,C,145552,2011-12-31,CENTENE CORP,CNC,www.centene.com
A,USD,STD,INDL,C,145552,2011-12-31,CENTENE CORP,CNC,www.centene.com
A,USD,STD,FS,C,145552,2012-12-31,CENTENE CORP,CNC,www.centene.com
A,USD,STD,INDL,C,145552,2012-12-31,CENTENE CORP,CNC,www.centene.com
A,USD,STD,FS,C,145552,2013-12-31,CENTENE CORP,CNC,www.centene.com
A,USD,STD,INDL,C,145552,2013-12-31,CENTENE CORP,CNC,www.centene.com
A,USD,STD,FS,C,145552,2014-12-31,CENTENE CORP,CNC,www.centene.com
A,USD,STD,INDL,C,145552,2014-12-31,CENTENE CORP,CNC,www.centene.com
A,USD,STD,FS,C,145552,2015-12-31,CENTENE CORP,CNC,www.centene.com
A,USD,STD,INDL,C,145552,2015-12-31,CENTENE CORP,CNC,www.centene.com
A,USD,STD,FS,C,145552,2016-12-31,CENTENE CORP,CNC,www.centene.com
A,USD,STD,INDL,C,145552,2016-12-31,CENTENE CORP,CNC,www.centene.com
A,USD,STD,FS,C,145552,2017-12-31,CENTENE CORP,CNC,www.centene.com
A,USD,STD,INDL,C,145552,2017-12-31,CENTENE CORP,CNC,www.centene.com
A,USD,STD,FS,C,145552,2018-12-31,CENTENE CORP,CNC,www.centene.com
A,USD,STD,INDL,C,145552,2018-12-31,CENTENE CORP,CNC,www.centene.com
A,USD,STD,FS,C,145552,2019-12-31,CENTENE CORP,CNC,www.centene.com
A,USD,STD,INDL,C,145552,2019-12-31,CENTENE CORP,CNC,www.centene.com
A,USD,STD,FS,C,145552,2020-12-31,CENTENE CORP,CNC,www.centene.com
A,USD,STD,INDL,C,145552,2020-12-31,CENTENE CORP,CNC,www.centene.com
A,USD,STD,FS,C,145552,2021-12-31,CENTENE CORP,CNC,www.centene.com
A,USD,STD,INDL,C,145552,2021-12-31,CENTENE CORP,CNC,www.centene.com
A,USD,STD,FS,C,145552,2022-12-31,CENTENE CORP,CNC,www.centene.com
A,USD,STD,INDL,C,145552,2022-12-31,CENTENE CORP,CNC,www.centene.com
A,USD,STD,FS,C,145552,2023-12-31,CENTENE CORP,CNC,www.centene.com
A,USD,STD,INDL,C,145552,2023-12-31,CENTENE CORP,CNC,www.centene.com
A,USD,STD,FS,C,145552,2024-12-31,CENTENE CORP,CNC,www.centene.com
A,USD,STD,INDL,C,145552,2024-12-31,CENTENE CORP,CNC,www.centene.com
A,USD,STD,FS,C,145552,2025-12-31,CENTENE CORP,CNC,www.centene.com
A,USD,STD,INDL,C,145552,2025-12-31,CENTENE CORP,CNC,www.centene.com
A,USD,STD,FS,C,145701,2010-12-31,PRINCIPAL FINANCIAL GRP INC,PFG,www.principal.com
A,USD,STD,INDL,C,145701,2010-12-31,PRINCIPAL FINANCIAL GRP INC,PFG,www.principal.com
A,USD,STD,FS,C,145701,2011-12-31,PRINCIPAL FINANCIAL GRP INC,PFG,www.principal.com
A,USD,STD,INDL,C,145701,2011-12-31,PRINCIPAL FINANCIAL GRP INC,PFG,www.principal.com
A,USD,STD,FS,C,145701,2012-12-31,PRINCIPAL FINANCIAL GRP INC,PFG,www.principal.com
A,USD,STD,INDL,C,145701,2012-12-31,PRINCIPAL FINANCIAL GRP INC,PFG,www.principal.com
A,USD,STD,FS,C,145701,2013-12-31,PRINCIPAL FINANCIAL GRP INC,PFG,www.principal.com
A,USD,STD,INDL,C,145701,2013-12-31,PRINCIPAL FINANCIAL GRP INC,PFG,www.principal.com
A,USD,STD,FS,C,145701,2014-12-31,PRINCIPAL FINANCIAL GRP INC,PFG,www.principal.com
A,USD,STD,INDL,C,145701,2014-12-31,PRINCIPAL FINANCIAL GRP INC,PFG,www.principal.com
A,USD,STD,FS,C,145701,2015-12-31,PRINCIPAL FINANCIAL GRP INC,PFG,www.principal.com
A,USD,STD,INDL,C,145701,2015-12-31,PRINCIPAL FINANCIAL GRP INC,PFG,www.principal.com
A,USD,STD,FS,C,145701,2016-12-31,PRINCIPAL FINANCIAL GRP INC,PFG,www.principal.com
A,USD,STD,INDL,C,145701,2016-12-31,PRINCIPAL FINANCIAL GRP INC,PFG,www.principal.com
A,USD,STD,FS,C,145701,2017-12-31,PRINCIPAL FINANCIAL GRP INC,PFG,www.principal.com
A,USD,STD,INDL,C,145701,2017-12-31,PRINCIPAL FINANCIAL GRP INC,PFG,www.principal.com
A,USD,STD,FS,C,145701,2018-12-31,PRINCIPAL FINANCIAL GRP INC,PFG,www.principal.com
A,USD,STD,INDL,C,145701,2018-12-31,PRINCIPAL FINANCIAL GRP INC,PFG,www.principal.com
A,USD,STD,FS,C,145701,2019-12-31,PRINCIPAL FINANCIAL GRP INC,PFG,www.principal.com
A,USD,STD,INDL,C,145701,2019-12-31,PRINCIPAL FINANCIAL GRP INC,PFG,www.principal.com
A,USD,STD,FS,C,145701,2020-12-31,PRINCIPAL FINANCIAL GRP INC,PFG,www.principal.com
A,USD,STD,INDL,C,145701,2020-12-31,PRINCIPAL FINANCIAL GRP INC,PFG,www.principal.com
A,USD,STD,FS,C,145701,2021-12-31,PRINCIPAL FINANCIAL GRP INC,PFG,www.principal.com
A,USD,STD,INDL,C,145701,2021-12-31,PRINCIPAL FINANCIAL GRP INC,PFG,www.principal.com
A,USD,STD,FS,C,145701,2022-12-31,PRINCIPAL FINANCIAL GRP INC,PFG,www.principal.com
A,USD,STD,INDL,C,145701,2022-12-31,PRINCIPAL FINANCIAL GRP INC,PFG,www.principal.com
A,USD,STD,FS,C,145701,2023-12-31,PRINCIPAL FINANCIAL GRP INC,PFG,www.principal.com
A,USD,STD,INDL,C,145701,2023-12-31,PRINCIPAL FINANCIAL GRP INC,PFG,www.principal.com
A,USD,STD,FS,C,145701,2024-12-31,PRINCIPAL FINANCIAL GRP INC,PFG,www.principal.com
A,USD,STD,INDL,C,145701,2024-12-31,PRINCIPAL FINANCIAL GRP INC,PFG,www.principal.com
A,USD,STD,FS,C,145701,2025-12-31,PRINCIPAL FINANCIAL GRP INC,PFG,www.principal.com
A,USD,STD,INDL,C,145701,2025-12-31,PRINCIPAL FINANCIAL GRP INC,PFG,www.principal.com
A,USD,STD,INDL,C,147579,2010-12-31,NETFLIX INC,NFLX,www.netflix.com
A,USD,STD,INDL,C,147579,2011-12-31,NETFLIX INC,NFLX,www.netflix.com
A,USD,STD,INDL,C,147579,2012-12-31,NETFLIX INC,NFLX,www.netflix.com
A,USD,STD,INDL,C,147579,2013-12-31,NETFLIX INC,NFLX,www.netflix.com
A,USD,STD,INDL,C,147579,2014-12-31,NETFLIX INC,NFLX,www.netflix.com
A,USD,STD,INDL,C,147579,2015-12-31,NETFLIX INC,NFLX,www.netflix.com
A,USD,STD,INDL,C,147579,2016-12-31,NETFLIX INC,NFLX,www.netflix.com
A,USD,STD,INDL,C,147579,2017-12-31,NETFLIX INC,NFLX,www.netflix.com
A,USD,STD,INDL,C,147579,2018-12-31,NETFLIX INC,NFLX,www.netflix.com
A,USD,STD,INDL,C,147579,2019-12-31,NETFLIX INC,NFLX,www.netflix.com
A,USD,STD,INDL,C,147579,2020-12-31,NETFLIX INC,NFLX,www.netflix.com
A,USD,STD,INDL,C,147579,2021-12-31,NETFLIX INC,NFLX,www.netflix.com
A,USD,STD,INDL,C,147579,2022-12-31,NETFLIX INC,NFLX,www.netflix.com
A,USD,STD,INDL,C,147579,2023-12-31,NETFLIX INC,NFLX,www.netflix.com
A,USD,STD,INDL,C,147579,2024-12-31,NETFLIX INC,NFLX,www.netflix.com
A,USD,STD,INDL,C,147579,2025-12-31,NETFLIX INC,NFLX,www.netflix.com
A,USD,STD,INDL,C,148349,2010-09-30,TRANSDIGM GROUP INC,TDG,www.transdigm.com
A,USD,STD,INDL,C,148349,2011-09-30,TRANSDIGM GROUP INC,TDG,www.transdigm.com
A,USD,STD,INDL,C,148349,2012-09-30,TRANSDIGM GROUP INC,TDG,www.transdigm.com
A,USD,STD,INDL,C,148349,2013-09-30,TRANSDIGM GROUP INC,TDG,www.transdigm.com
A,USD,STD,INDL,C,148349,2014-09-30,TRANSDIGM GROUP INC,TDG,www.transdigm.com
A,USD,STD,INDL,C,148349,2015-09-30,TRANSDIGM GROUP INC,TDG,www.transdigm.com
A,USD,STD,INDL,C,148349,2016-09-30,TRANSDIGM GROUP INC,TDG,www.transdigm.com
A,USD,STD,INDL,C,148349,2017-09-30,TRANSDIGM GROUP INC,TDG,www.transdigm.com
A,USD,STD,INDL,C,148349,2018-09-30,TRANSDIGM GROUP INC,TDG,www.transdigm.com
A,USD,STD,INDL,C,148349,2019-09-30,TRANSDIGM GROUP INC,TDG,www.transdigm.com
A,USD,STD,INDL,C,148349,2020-09-30,TRANSDIGM GROUP INC,TDG,www.transdigm.com
A,USD,STD,INDL,C,148349,2021-09-30,TRANSDIGM GROUP INC,TDG,www.transdigm.com
A,USD,STD,INDL,C,148349,2022-09-30,TRANSDIGM GROUP INC,TDG,www.transdigm.com
A,USD,STD,INDL,C,148349,2023-09-30,TRANSDIGM GROUP INC,TDG,www.transdigm.com
A,USD,STD,INDL,C,148349,2024-09-30,TRANSDIGM GROUP INC,TDG,www.transdigm.com
A,USD,STD,INDL,C,148349,2025-09-30,TRANSDIGM GROUP INC,TDG,www.transdigm.com
A,USD,STD,FS,C,149070,2010-12-31,CME GROUP INC,CME,www.cmegroup.com
A,USD,STD,INDL,C,149070,2010-12-31,CME GROUP INC,CME,www.cmegroup.com
A,USD,STD,FS,C,149070,2011-12-31,CME GROUP INC,CME,www.cmegroup.com
A,USD,STD,INDL,C,149070,2011-12-31,CME GROUP INC,CME,www.cmegroup.com
A,USD,STD,FS,C,149070,2012-12-31,CME GROUP INC,CME,www.cmegroup.com
A,USD,STD,INDL,C,149070,2012-12-31,CME GROUP INC,CME,www.cmegroup.com
A,USD,STD,FS,C,149070,2013-12-31,CME GROUP INC,CME,www.cmegroup.com
A,USD,STD,INDL,C,149070,2013-12-31,CME GROUP INC,CME,www.cmegroup.com
A,USD,STD,FS,C,149070,2014-12-31,CME GROUP INC,CME,www.cmegroup.com
A,USD,STD,INDL,C,149070,2014-12-31,CME GROUP INC,CME,www.cmegroup.com
A,USD,STD,FS,C,149070,2015-12-31,CME GROUP INC,CME,www.cmegroup.com
A,USD,STD,INDL,C,149070,2015-12-31,CME GROUP INC,CME,www.cmegroup.com
A,USD,STD,FS,C,149070,2016-12-31,CME GROUP INC,CME,www.cmegroup.com
A,USD,STD,INDL,C,149070,2016-12-31,CME GROUP INC,CME,www.cmegroup.com
A,USD,STD,FS,C,149070,2017-12-31,CME GROUP INC,CME,www.cmegroup.com
A,USD,STD,INDL,C,149070,2017-12-31,CME GROUP INC,CME,www.cmegroup.com
A,USD,STD,FS,C,149070,2018-12-31,CME GROUP INC,CME,www.cmegroup.com
A,USD,STD,INDL,C,149070,2018-12-31,CME GROUP INC,CME,www.cmegroup.com
A,USD,STD,FS,C,149070,2019-12-31,CME GROUP INC,CME,www.cmegroup.com
A,USD,STD,INDL,C,149070,2019-12-31,CME GROUP INC,CME,www.cmegroup.com
A,USD,STD,FS,C,149070,2020-12-31,CME GROUP INC,CME,www.cmegroup.com
A,USD,STD,INDL,C,149070,2020-12-31,CME GROUP INC,CME,www.cmegroup.com
A,USD,STD,FS,C,149070,2021-12-31,CME GROUP INC,CME,www.cmegroup.com
A,USD,STD,INDL,C,149070,2021-12-31,CME GROUP INC,CME,www.cmegroup.com
A,USD,STD,FS,C,149070,2022-12-31,CME GROUP INC,CME,www.cmegroup.com
A,USD,STD,INDL,C,149070,2022-12-31,CME GROUP INC,CME,www.cmegroup.com
A,USD,STD,FS,C,149070,2023-12-31,CME GROUP INC,CME,www.cmegroup.com
A,USD,STD,INDL,C,149070,2023-12-31,CME GROUP INC,CME,www.cmegroup.com
A,USD,STD,FS,C,149070,2024-12-31,CME GROUP INC,CME,www.cmegroup.com
A,USD,STD,INDL,C,149070,2024-12-31,CME GROUP INC,CME,www.cmegroup.com
A,USD,STD,FS,C,149070,2025-12-31,CME GROUP INC,CME,www.cmegroup.com
A,USD,STD,INDL,C,149070,2025-12-31,CME GROUP INC,CME,www.cmegroup.com
A,USD,STD,INDL,C,149318,2010-12-31,WYNN RESORTS LTD,WYNN,www.wynnresorts.com
A,USD,STD,INDL,C,149318,2011-12-31,WYNN RESORTS LTD,WYNN,www.wynnresorts.com
A,USD,STD,INDL,C,149318,2012-12-31,WYNN RESORTS LTD,WYNN,www.wynnresorts.com
A,USD,STD,INDL,C,149318,2013-12-31,WYNN RESORTS LTD,WYNN,www.wynnresorts.com
A,USD,STD,INDL,C,149318,2014-12-31,WYNN RESORTS LTD,WYNN,www.wynnresorts.com
A,USD,STD,INDL,C,149318,2015-12-31,WYNN RESORTS LTD,WYNN,www.wynnresorts.com
A,USD,STD,INDL,C,149318,2016-12-31,WYNN RESORTS LTD,WYNN,www.wynnresorts.com
A,USD,STD,INDL,C,149318,2017-12-31,WYNN RESORTS LTD,WYNN,www.wynnresorts.com
A,USD,STD,INDL,C,149318,2018-12-31,WYNN RESORTS LTD,WYNN,www.wynnresorts.com
A,USD,STD,INDL,C,149318,2019-12-31,WYNN RESORTS LTD,WYNN,www.wynnresorts.com
A,USD,STD,INDL,C,149318,2020-12-31,WYNN RESORTS LTD,WYNN,www.wynnresorts.com
A,USD,STD,INDL,C,149318,2021-12-31,WYNN RESORTS LTD,WYNN,www.wynnresorts.com
A,USD,STD,INDL,C,149318,2022-12-31,WYNN RESORTS LTD,WYNN,www.wynnresorts.com
A,USD,STD,INDL,C,149318,2023-12-31,WYNN RESORTS LTD,WYNN,www.wynnresorts.com
A,USD,STD,INDL,C,149318,2024-12-31,WYNN RESORTS LTD,WYNN,www.wynnresorts.com
A,USD,STD,INDL,C,149318,2025-12-31,WYNN RESORTS LTD,WYNN,www.wynnresorts.com
A,USD,STD,FS,C,149337,2010-12-31,NASDAQ INC,NDAQ,www.nasdaq.com
A,USD,STD,INDL,C,149337,2010-12-31,NASDAQ INC,NDAQ,www.nasdaq.com
A,USD,STD,FS,C,149337,2011-12-31,NASDAQ INC,NDAQ,www.nasdaq.com
A,USD,STD,INDL,C,149337,2011-12-31,NASDAQ INC,NDAQ,www.nasdaq.com
A,USD,STD,FS,C,149337,2012-12-31,NASDAQ INC,NDAQ,www.nasdaq.com
A,USD,STD,INDL,C,149337,2012-12-31,NASDAQ INC,NDAQ,www.nasdaq.com
A,USD,STD,FS,C,149337,2013-12-31,NASDAQ INC,NDAQ,www.nasdaq.com
A,USD,STD,INDL,C,149337,2013-12-31,NASDAQ INC,NDAQ,www.nasdaq.com
A,USD,STD,FS,C,149337,2014-12-31,NASDAQ INC,NDAQ,www.nasdaq.com
A,USD,STD,INDL,C,149337,2014-12-31,NASDAQ INC,NDAQ,www.nasdaq.com
A,USD,STD,FS,C,149337,2015-12-31,NASDAQ INC,NDAQ,www.nasdaq.com
A,USD,STD,INDL,C,149337,2015-12-31,NASDAQ INC,NDAQ,www.nasdaq.com
A,USD,STD,FS,C,149337,2016-12-31,NASDAQ INC,NDAQ,www.nasdaq.com
A,USD,STD,INDL,C,149337,2016-12-31,NASDAQ INC,NDAQ,www.nasdaq.com
A,USD,STD,FS,C,149337,2017-12-31,NASDAQ INC,NDAQ,www.nasdaq.com
A,USD,STD,INDL,C,149337,2017-12-31,NASDAQ INC,NDAQ,www.nasdaq.com
A,USD,STD,FS,C,149337,2018-12-31,NASDAQ INC,NDAQ,www.nasdaq.com
A,USD,STD,INDL,C,149337,2018-12-31,NASDAQ INC,NDAQ,www.nasdaq.com
A,USD,STD,FS,C,149337,2019-12-31,NASDAQ INC,NDAQ,www.nasdaq.com
A,USD,STD,INDL,C,149337,2019-12-31,NASDAQ INC,NDAQ,www.nasdaq.com
A,USD,STD,FS,C,149337,2020-12-31,NASDAQ INC,NDAQ,www.nasdaq.com
A,USD,STD,INDL,C,149337,2020-12-31,NASDAQ INC,NDAQ,www.nasdaq.com
A,USD,STD,FS,C,149337,2021-12-31,NASDAQ INC,NDAQ,www.nasdaq.com
A,USD,STD,INDL,C,149337,2021-12-31,NASDAQ INC,NDAQ,www.nasdaq.com
A,USD,STD,FS,C,149337,2022-12-31,NASDAQ INC,NDAQ,www.nasdaq.com
A,USD,STD,INDL,C,149337,2022-12-31,NASDAQ INC,NDAQ,www.nasdaq.com
A,USD,STD,FS,C,149337,2023-12-31,NASDAQ INC,NDAQ,www.nasdaq.com
A,USD,STD,INDL,C,149337,2023-12-31,NASDAQ INC,NDAQ,www.nasdaq.com
A,USD,STD,FS,C,149337,2024-12-31,NASDAQ INC,NDAQ,www.nasdaq.com
A,USD,STD,INDL,C,149337,2024-12-31,NASDAQ INC,NDAQ,www.nasdaq.com
A,USD,STD,FS,C,149337,2025-12-31,NASDAQ INC,NDAQ,www.nasdaq.com
A,USD,STD,INDL,C,149337,2025-12-31,NASDAQ INC,NDAQ,www.nasdaq.com
A,USD,STD,INDL,C,150937,2010-06-30,SEAGATE TECHNOLOGY HOLDINGS,STX,www.seagate.com
A,USD,STD,INDL,C,150937,2011-06-30,SEAGATE TECHNOLOGY HOLDINGS,STX,www.seagate.com
A,USD,STD,INDL,C,150937,2012-06-30,SEAGATE TECHNOLOGY HOLDINGS,STX,www.seagate.com
A,USD,STD,INDL,C,150937,2013-06-30,SEAGATE TECHNOLOGY HOLDINGS,STX,www.seagate.com
A,USD,STD,INDL,C,150937,2014-06-30,SEAGATE TECHNOLOGY HOLDINGS,STX,www.seagate.com
A,USD,STD,INDL,C,150937,2015-06-30,SEAGATE TECHNOLOGY HOLDINGS,STX,www.seagate.com
A,USD,STD,INDL,C,150937,2016-06-30,SEAGATE TECHNOLOGY HOLDINGS,STX,www.seagate.com
A,USD,STD,INDL,C,150937,2017-06-30,SEAGATE TECHNOLOGY HOLDINGS,STX,www.seagate.com
A,USD,STD,INDL,C,150937,2018-06-30,SEAGATE TECHNOLOGY HOLDINGS,STX,www.seagate.com
A,USD,STD,INDL,C,150937,2019-06-30,SEAGATE TECHNOLOGY HOLDINGS,STX,www.seagate.com
A,USD,STD,INDL,C,150937,2020-06-30,SEAGATE TECHNOLOGY HOLDINGS,STX,www.seagate.com
A,USD,STD,INDL,C,150937,2021-06-30,SEAGATE TECHNOLOGY HOLDINGS,STX,www.seagate.com
A,USD,STD,INDL,C,150937,2022-06-30,SEAGATE TECHNOLOGY HOLDINGS,STX,www.seagate.com
A,USD,STD,INDL,C,150937,2023-06-30,SEAGATE TECHNOLOGY HOLDINGS,STX,www.seagate.com
A,USD,STD,INDL,C,150937,2024-06-30,SEAGATE TECHNOLOGY HOLDINGS,STX,www.seagate.com
A,USD,STD,INDL,C,150937,2025-06-30,SEAGATE TECHNOLOGY HOLDINGS,STX,www.seagate.com
A,USD,STD,FS,C,157057,2010-12-31,ASSURANT INC,AIZ,www.assurant.com
A,USD,STD,INDL,C,157057,2010-12-31,ASSURANT INC,AIZ,www.assurant.com
A,USD,STD,FS,C,157057,2011-12-31,ASSURANT INC,AIZ,www.assurant.com
A,USD,STD,INDL,C,157057,2011-12-31,ASSURANT INC,AIZ,www.assurant.com
A,USD,STD,FS,C,157057,2012-12-31,ASSURANT INC,AIZ,www.assurant.com
A,USD,STD,INDL,C,157057,2012-12-31,ASSURANT INC,AIZ,www.assurant.com
A,USD,STD,FS,C,157057,2013-12-31,ASSURANT INC,AIZ,www.assurant.com
A,USD,STD,INDL,C,157057,2013-12-31,ASSURANT INC,AIZ,www.assurant.com
A,USD,STD,FS,C,157057,2014-12-31,ASSURANT INC,AIZ,www.assurant.com
A,USD,STD,INDL,C,157057,2014-12-31,ASSURANT INC,AIZ,www.assurant.com
A,USD,STD,FS,C,157057,2015-12-31,ASSURANT INC,AIZ,www.assurant.com
A,USD,STD,INDL,C,157057,2015-12-31,ASSURANT INC,AIZ,www.assurant.com
A,USD,STD,FS,C,157057,2016-12-31,ASSURANT INC,AIZ,www.assurant.com
A,USD,STD,INDL,C,157057,2016-12-31,ASSURANT INC,AIZ,www.assurant.com
A,USD,STD,FS,C,157057,2017-12-31,ASSURANT INC,AIZ,www.assurant.com
A,USD,STD,INDL,C,157057,2017-12-31,ASSURANT INC,AIZ,www.assurant.com
A,USD,STD,FS,C,157057,2018-12-31,ASSURANT INC,AIZ,www.assurant.com
A,USD,STD,INDL,C,157057,2018-12-31,ASSURANT INC,AIZ,www.assurant.com
A,USD,STD,FS,C,157057,2019-12-31,ASSURANT INC,AIZ,www.assurant.com
A,USD,STD,INDL,C,157057,2019-12-31,ASSURANT INC,AIZ,www.assurant.com
A,USD,STD,FS,C,157057,2020-12-31,ASSURANT INC,AIZ,www.assurant.com
A,USD,STD,INDL,C,157057,2020-12-31,ASSURANT INC,AIZ,www.assurant.com
A,USD,STD,FS,C,157057,2021-12-31,ASSURANT INC,AIZ,www.assurant.com
A,USD,STD,INDL,C,157057,2021-12-31,ASSURANT INC,AIZ,www.assurant.com
A,USD,STD,FS,C,157057,2022-12-31,ASSURANT INC,AIZ,www.assurant.com
A,USD,STD,INDL,C,157057,2022-12-31,ASSURANT INC,AIZ,www.assurant.com
A,USD,STD,FS,C,157057,2023-12-31,ASSURANT INC,AIZ,www.assurant.com
A,USD,STD,INDL,C,157057,2023-12-31,ASSURANT INC,AIZ,www.assurant.com
A,USD,STD,FS,C,157057,2024-12-31,ASSURANT INC,AIZ,www.assurant.com
A,USD,STD,INDL,C,157057,2024-12-31,ASSURANT INC,AIZ,www.assurant.com
A,USD,STD,FS,C,157057,2025-12-31,ASSURANT INC,AIZ,www.assurant.com
A,USD,STD,INDL,C,157057,2025-12-31,ASSURANT INC,AIZ,www.assurant.com
A,USD,STD,INDL,C,157373,2010-12-31,VISTRA CORP,VST,vistracorp.com
A,USD,STD,INDL,C,157373,2011-12-31,VISTRA CORP,VST,vistracorp.com
A,USD,STD,INDL,C,157373,2012-12-31,VISTRA CORP,VST,vistracorp.com
A,USD,STD,INDL,C,157373,2013-12-31,VISTRA CORP,VST,vistracorp.com
A,USD,STD,INDL,C,157373,2014-12-31,VISTRA CORP,VST,vistracorp.com
A,USD,STD,INDL,C,157373,2015-12-31,VISTRA CORP,VST,vistracorp.com
A,USD,STD,INDL,C,157373,2016-12-31,VISTRA CORP,VST,vistracorp.com
A,USD,STD,INDL,C,157373,2017-12-31,VISTRA CORP,VST,vistracorp.com
A,USD,STD,INDL,C,157373,2018-12-31,VISTRA CORP,VST,vistracorp.com
A,USD,STD,INDL,C,157373,2019-12-31,VISTRA CORP,VST,vistracorp.com
A,USD,STD,INDL,C,157373,2020-12-31,VISTRA CORP,VST,vistracorp.com
A,USD,STD,INDL,C,157373,2021-12-31,VISTRA CORP,VST,vistracorp.com
A,USD,STD,INDL,C,157373,2022-12-31,VISTRA CORP,VST,vistracorp.com
A,USD,STD,INDL,C,157373,2023-12-31,VISTRA CORP,VST,vistracorp.com
A,USD,STD,INDL,C,157373,2024-12-31,VISTRA CORP,VST,vistracorp.com
A,USD,STD,INDL,C,157373,2025-12-31,VISTRA CORP,VST,vistracorp.com
A,USD,STD,INDL,C,157855,2010-01-31,SALESFORCE INC,CRM,www.salesforce.com
A,USD,STD,INDL,C,157855,2011-01-31,SALESFORCE INC,CRM,www.salesforce.com
A,USD,STD,INDL,C,157855,2012-01-31,SALESFORCE INC,CRM,www.salesforce.com
A,USD,STD,INDL,C,157855,2013-01-31,SALESFORCE INC,CRM,www.salesforce.com
A,USD,STD,INDL,C,157855,2014-01-31,SALESFORCE INC,CRM,www.salesforce.com
A,USD,STD,INDL,C,157855,2015-01-31,SALESFORCE INC,CRM,www.salesforce.com
A,USD,STD,INDL,C,157855,2016-01-31,SALESFORCE INC,CRM,www.salesforce.com
A,USD,STD,INDL,C,157855,2017-01-31,SALESFORCE INC,CRM,www.salesforce.com
A,USD,STD,INDL,C,157855,2018-01-31,SALESFORCE INC,CRM,www.salesforce.com
A,USD,STD,INDL,C,157855,2019-01-31,SALESFORCE INC,CRM,www.salesforce.com
A,USD,STD,INDL,C,157855,2020-01-31,SALESFORCE INC,CRM,www.salesforce.com
A,USD,STD,INDL,C,157855,2021-01-31,SALESFORCE INC,CRM,www.salesforce.com
A,USD,STD,INDL,C,157855,2022-01-31,SALESFORCE INC,CRM,www.salesforce.com
A,USD,STD,INDL,C,157855,2023-01-31,SALESFORCE INC,CRM,www.salesforce.com
A,USD,STD,INDL,C,157855,2024-01-31,SALESFORCE INC,CRM,www.salesforce.com
A,USD,STD,INDL,C,157855,2025-01-31,SALESFORCE INC,CRM,www.salesforce.com
A,USD,STD,INDL,C,157855,2026-01-31,SALESFORCE INC,CRM,www.salesforce.com
A,USD,STD,INDL,C,160211,2010-12-31,DOMINO'S PIZZA INC,DPZ,biz.dominos.com
A,USD,STD,INDL,C,160211,2011-12-31,DOMINO'S PIZZA INC,DPZ,biz.dominos.com
A,USD,STD,INDL,C,160211,2012-12-31,DOMINO'S PIZZA INC,DPZ,biz.dominos.com
A,USD,STD,INDL,C,160211,2013-12-31,DOMINO'S PIZZA INC,DPZ,biz.dominos.com
A,USD,STD,INDL,C,160211,2014-12-31,DOMINO'S PIZZA INC,DPZ,biz.dominos.com
A,USD,STD,INDL,C,160211,2015-12-31,DOMINO'S PIZZA INC,DPZ,biz.dominos.com
A,USD,STD,INDL,C,160211,2016-12-31,DOMINO'S PIZZA INC,DPZ,biz.dominos.com
A,USD,STD,INDL,C,160211,2017-12-31,DOMINO'S PIZZA INC,DPZ,biz.dominos.com
A,USD,STD,INDL,C,160211,2018-12-31,DOMINO'S PIZZA INC,DPZ,biz.dominos.com
A,USD,STD,INDL,C,160211,2019-12-31,DOMINO'S PIZZA INC,DPZ,biz.dominos.com
A,USD,STD,INDL,C,160211,2020-12-31,DOMINO'S PIZZA INC,DPZ,biz.dominos.com
A,USD,STD,INDL,C,160211,2021-12-31,DOMINO'S PIZZA INC,DPZ,biz.dominos.com
A,USD,STD,INDL,C,160211,2022-12-31,DOMINO'S PIZZA INC,DPZ,biz.dominos.com
A,USD,STD,INDL,C,160211,2023-12-31,DOMINO'S PIZZA INC,DPZ,biz.dominos.com
A,USD,STD,INDL,C,160211,2024-12-31,DOMINO'S PIZZA INC,DPZ,biz.dominos.com
A,USD,STD,INDL,C,160211,2025-12-31,DOMINO'S PIZZA INC,DPZ,biz.dominos.com
A,USD,STD,FS,C,160225,2010-12-31,MASTERCARD INC,MA,www.mastercard.com
A,USD,STD,INDL,C,160225,2010-12-31,MASTERCARD INC,MA,www.mastercard.com
A,USD,STD,FS,C,160225,2011-12-31,MASTERCARD INC,MA,www.mastercard.com
A,USD,STD,INDL,C,160225,2011-12-31,MASTERCARD INC,MA,www.mastercard.com
A,USD,STD,FS,C,160225,2012-12-31,MASTERCARD INC,MA,www.mastercard.com
A,USD,STD,INDL,C,160225,2012-12-31,MASTERCARD INC,MA,www.mastercard.com
A,USD,STD,FS,C,160225,2013-12-31,MASTERCARD INC,MA,www.mastercard.com
A,USD,STD,INDL,C,160225,2013-12-31,MASTERCARD INC,MA,www.mastercard.com
A,USD,STD,FS,C,160225,2014-12-31,MASTERCARD INC,MA,www.mastercard.com
A,USD,STD,INDL,C,160225,2014-12-31,MASTERCARD INC,MA,www.mastercard.com
A,USD,STD,FS,C,160225,2015-12-31,MASTERCARD INC,MA,www.mastercard.com
A,USD,STD,INDL,C,160225,2015-12-31,MASTERCARD INC,MA,www.mastercard.com
A,USD,STD,FS,C,160225,2016-12-31,MASTERCARD INC,MA,www.mastercard.com
A,USD,STD,INDL,C,160225,2016-12-31,MASTERCARD INC,MA,www.mastercard.com
A,USD,STD,FS,C,160225,2017-12-31,MASTERCARD INC,MA,www.mastercard.com
A,USD,STD,INDL,C,160225,2017-12-31,MASTERCARD INC,MA,www.mastercard.com
A,USD,STD,FS,C,160225,2018-12-31,MASTERCARD INC,MA,www.mastercard.com
A,USD,STD,INDL,C,160225,2018-12-31,MASTERCARD INC,MA,www.mastercard.com
A,USD,STD,FS,C,160225,2019-12-31,MASTERCARD INC,MA,www.mastercard.com
A,USD,STD,INDL,C,160225,2019-12-31,MASTERCARD INC,MA,www.mastercard.com
A,USD,STD,FS,C,160225,2020-12-31,MASTERCARD INC,MA,www.mastercard.com
A,USD,STD,INDL,C,160225,2020-12-31,MASTERCARD INC,MA,www.mastercard.com
A,USD,STD,FS,C,160225,2021-12-31,MASTERCARD INC,MA,www.mastercard.com
A,USD,STD,INDL,C,160225,2021-12-31,MASTERCARD INC,MA,www.mastercard.com
A,USD,STD,FS,C,160225,2022-12-31,MASTERCARD INC,MA,www.mastercard.com
A,USD,STD,INDL,C,160225,2022-12-31,MASTERCARD INC,MA,www.mastercard.com
A,USD,STD,FS,C,160225,2023-12-31,MASTERCARD INC,MA,www.mastercard.com
A,USD,STD,INDL,C,160225,2023-12-31,MASTERCARD INC,MA,www.mastercard.com
A,USD,STD,FS,C,160225,2024-12-31,MASTERCARD INC,MA,www.mastercard.com
A,USD,STD,INDL,C,160225,2024-12-31,MASTERCARD INC,MA,www.mastercard.com
A,USD,STD,FS,C,160225,2025-12-31,MASTERCARD INC,MA,www.mastercard.com
A,USD,STD,INDL,C,160225,2025-12-31,MASTERCARD INC,MA,www.mastercard.com
A,USD,STD,INDL,C,160329,2010-12-31,ALPHABET INC,GOOGL,abc.xyz
A,USD,STD,INDL,C,160329,2011-12-31,ALPHABET INC,GOOGL,abc.xyz
A,USD,STD,INDL,C,160329,2012-12-31,ALPHABET INC,GOOGL,abc.xyz
A,USD,STD,INDL,C,160329,2013-12-31,ALPHABET INC,GOOGL,abc.xyz
A,USD,STD,INDL,C,160329,2014-12-31,ALPHABET INC,GOOGL,abc.xyz
A,USD,STD,INDL,C,160329,2015-12-31,ALPHABET INC,GOOGL,abc.xyz
A,USD,STD,INDL,C,160329,2016-12-31,ALPHABET INC,GOOGL,abc.xyz
A,USD,STD,INDL,C,160329,2017-12-31,ALPHABET INC,GOOGL,abc.xyz
A,USD,STD,INDL,C,160329,2018-12-31,ALPHABET INC,GOOGL,abc.xyz
A,USD,STD,INDL,C,160329,2019-12-31,ALPHABET INC,GOOGL,abc.xyz
A,USD,STD,INDL,C,160329,2020-12-31,ALPHABET INC,GOOGL,abc.xyz
A,USD,STD,INDL,C,160329,2021-12-31,ALPHABET INC,GOOGL,abc.xyz
A,USD,STD,INDL,C,160329,2022-12-31,ALPHABET INC,GOOGL,abc.xyz
A,USD,STD,INDL,C,160329,2023-12-31,ALPHABET INC,GOOGL,abc.xyz
A,USD,STD,INDL,C,160329,2024-12-31,ALPHABET INC,GOOGL,abc.xyz
A,USD,STD,INDL,C,160329,2025-12-31,ALPHABET INC,GOOGL,abc.xyz
A,USD,STD,FS,C,160479,2010-12-31,EXTRA SPACE STORAGE INC,EXR,www.extraspace.com
A,USD,STD,INDL,C,160479,2010-12-31,EXTRA SPACE STORAGE INC,EXR,www.extraspace.com
A,USD,STD,FS,C,160479,2011-12-31,EXTRA SPACE STORAGE INC,EXR,www.extraspace.com
A,USD,STD,INDL,C,160479,2011-12-31,EXTRA SPACE STORAGE INC,EXR,www.extraspace.com
A,USD,STD,FS,C,160479,2012-12-31,EXTRA SPACE STORAGE INC,EXR,www.extraspace.com
A,USD,STD,INDL,C,160479,2012-12-31,EXTRA SPACE STORAGE INC,EXR,www.extraspace.com
A,USD,STD,FS,C,160479,2013-12-31,EXTRA SPACE STORAGE INC,EXR,www.extraspace.com
A,USD,STD,INDL,C,160479,2013-12-31,EXTRA SPACE STORAGE INC,EXR,www.extraspace.com
A,USD,STD,FS,C,160479,2014-12-31,EXTRA SPACE STORAGE INC,EXR,www.extraspace.com
A,USD,STD,INDL,C,160479,2014-12-31,EXTRA SPACE STORAGE INC,EXR,www.extraspace.com
A,USD,STD,FS,C,160479,2015-12-31,EXTRA SPACE STORAGE INC,EXR,www.extraspace.com
A,USD,STD,INDL,C,160479,2015-12-31,EXTRA SPACE STORAGE INC,EXR,www.extraspace.com
A,USD,STD,FS,C,160479,2016-12-31,EXTRA SPACE STORAGE INC,EXR,www.extraspace.com
A,USD,STD,INDL,C,160479,2016-12-31,EXTRA SPACE STORAGE INC,EXR,www.extraspace.com
A,USD,STD,FS,C,160479,2017-12-31,EXTRA SPACE STORAGE INC,EXR,www.extraspace.com
A,USD,STD,INDL,C,160479,2017-12-31,EXTRA SPACE STORAGE INC,EXR,www.extraspace.com
A,USD,STD,FS,C,160479,2018-12-31,EXTRA SPACE STORAGE INC,EXR,www.extraspace.com
A,USD,STD,INDL,C,160479,2018-12-31,EXTRA SPACE STORAGE INC,EXR,www.extraspace.com
A,USD,STD,FS,C,160479,2019-12-31,EXTRA SPACE STORAGE INC,EXR,www.extraspace.com
A,USD,STD,INDL,C,160479,2019-12-31,EXTRA SPACE STORAGE INC,EXR,www.extraspace.com
A,USD,STD,FS,C,160479,2020-12-31,EXTRA SPACE STORAGE INC,EXR,www.extraspace.com
A,USD,STD,INDL,C,160479,2020-12-31,EXTRA SPACE STORAGE INC,EXR,www.extraspace.com
A,USD,STD,FS,C,160479,2021-12-31,EXTRA SPACE STORAGE INC,EXR,www.extraspace.com
A,USD,STD,INDL,C,160479,2021-12-31,EXTRA SPACE STORAGE INC,EXR,www.extraspace.com
A,USD,STD,FS,C,160479,2022-12-31,EXTRA SPACE STORAGE INC,EXR,www.extraspace.com
A,USD,STD,INDL,C,160479,2022-12-31,EXTRA SPACE STORAGE INC,EXR,www.extraspace.com
A,USD,STD,FS,C,160479,2023-12-31,EXTRA SPACE STORAGE INC,EXR,www.extraspace.com
A,USD,STD,INDL,C,160479,2023-12-31,EXTRA SPACE STORAGE INC,EXR,www.extraspace.com
A,USD,STD,FS,C,160479,2024-12-31,EXTRA SPACE STORAGE INC,EXR,www.extraspace.com
A,USD,STD,INDL,C,160479,2024-12-31,EXTRA SPACE STORAGE INC,EXR,www.extraspace.com
A,USD,STD,FS,C,160479,2025-12-31,EXTRA SPACE STORAGE INC,EXR,www.extraspace.com
A,USD,STD,INDL,C,160479,2025-12-31,EXTRA SPACE STORAGE INC,EXR,www.extraspace.com
A,USD,STD,INDL,C,160888,2010-12-31,MONOLITHIC POWER SYSTEMS INC,MPWR,www.monolithicpower.com
A,USD,STD,INDL,C,160888,2011-12-31,MONOLITHIC POWER SYSTEMS INC,MPWR,www.monolithicpower.com
A,USD,STD,INDL,C,160888,2012-12-31,MONOLITHIC POWER SYSTEMS INC,MPWR,www.monolithicpower.com
A,USD,STD,INDL,C,160888,2013-12-31,MONOLITHIC POWER SYSTEMS INC,MPWR,www.monolithicpower.com
A,USD,STD,INDL,C,160888,2014-12-31,MONOLITHIC POWER SYSTEMS INC,MPWR,www.monolithicpower.com
A,USD,STD,INDL,C,160888,2015-12-31,MONOLITHIC POWER SYSTEMS INC,MPWR,www.monolithicpower.com
A,USD,STD,INDL,C,160888,2016-12-31,MONOLITHIC POWER SYSTEMS INC,MPWR,www.monolithicpower.com
A,USD,STD,INDL,C,160888,2017-12-31,MONOLITHIC POWER SYSTEMS INC,MPWR,www.monolithicpower.com
A,USD,STD,INDL,C,160888,2018-12-31,MONOLITHIC POWER SYSTEMS INC,MPWR,www.monolithicpower.com
A,USD,STD,INDL,C,160888,2019-12-31,MONOLITHIC POWER SYSTEMS INC,MPWR,www.monolithicpower.com
A,USD,STD,INDL,C,160888,2020-12-31,MONOLITHIC POWER SYSTEMS INC,MPWR,www.monolithicpower.com
A,USD,STD,INDL,C,160888,2021-12-31,MONOLITHIC POWER SYSTEMS INC,MPWR,www.monolithicpower.com
A,USD,STD,INDL,C,160888,2022-12-31,MONOLITHIC POWER SYSTEMS INC,MPWR,www.monolithicpower.com
A,USD,STD,INDL,C,160888,2023-12-31,MONOLITHIC POWER SYSTEMS INC,MPWR,www.monolithicpower.com
A,USD,STD,INDL,C,160888,2024-12-31,MONOLITHIC POWER SYSTEMS INC,MPWR,www.monolithicpower.com
A,USD,STD,INDL,C,160888,2025-12-31,MONOLITHIC POWER SYSTEMS INC,MPWR,www.monolithicpower.com
A,USD,STD,FS,C,160991,2010-12-31,DIGITAL REALTY TRUST INC,DLR,www.digitalrealty.com
A,USD,STD,INDL,C,160991,2010-12-31,DIGITAL REALTY TRUST INC,DLR,www.digitalrealty.com
A,USD,STD,FS,C,160991,2011-12-31,DIGITAL REALTY TRUST INC,DLR,www.digitalrealty.com
A,USD,STD,INDL,C,160991,2011-12-31,DIGITAL REALTY TRUST INC,DLR,www.digitalrealty.com
A,USD,STD,FS,C,160991,2012-12-31,DIGITAL REALTY TRUST INC,DLR,www.digitalrealty.com
A,USD,STD,INDL,C,160991,2012-12-31,DIGITAL REALTY TRUST INC,DLR,www.digitalrealty.com
A,USD,STD,FS,C,160991,2013-12-31,DIGITAL REALTY TRUST INC,DLR,www.digitalrealty.com
A,USD,STD,INDL,C,160991,2013-12-31,DIGITAL REALTY TRUST INC,DLR,www.digitalrealty.com
A,USD,STD,FS,C,160991,2014-12-31,DIGITAL REALTY TRUST INC,DLR,www.digitalrealty.com
A,USD,STD,INDL,C,160991,2014-12-31,DIGITAL REALTY TRUST INC,DLR,www.digitalrealty.com
A,USD,STD,FS,C,160991,2015-12-31,DIGITAL REALTY TRUST INC,DLR,www.digitalrealty.com
A,USD,STD,INDL,C,160991,2015-12-31,DIGITAL REALTY TRUST INC,DLR,www.digitalrealty.com
A,USD,STD,FS,C,160991,2016-12-31,DIGITAL REALTY TRUST INC,DLR,www.digitalrealty.com
A,USD,STD,INDL,C,160991,2016-12-31,DIGITAL REALTY TRUST INC,DLR,www.digitalrealty.com
A,USD,STD,FS,C,160991,2017-12-31,DIGITAL REALTY TRUST INC,DLR,www.digitalrealty.com
A,USD,STD,INDL,C,160991,2017-12-31,DIGITAL REALTY TRUST INC,DLR,www.digitalrealty.com
A,USD,STD,FS,C,160991,2018-12-31,DIGITAL REALTY TRUST INC,DLR,www.digitalrealty.com
A,USD,STD,INDL,C,160991,2018-12-31,DIGITAL REALTY TRUST INC,DLR,www.digitalrealty.com
A,USD,STD,FS,C,160991,2019-12-31,DIGITAL REALTY TRUST INC,DLR,www.digitalrealty.com
A,USD,STD,INDL,C,160991,2019-12-31,DIGITAL REALTY TRUST INC,DLR,www.digitalrealty.com
A,USD,STD,FS,C,160991,2020-12-31,DIGITAL REALTY TRUST INC,DLR,www.digitalrealty.com
A,USD,STD,INDL,C,160991,2020-12-31,DIGITAL REALTY TRUST INC,DLR,www.digitalrealty.com
A,USD,STD,FS,C,160991,2021-12-31,DIGITAL REALTY TRUST INC,DLR,www.digitalrealty.com
A,USD,STD,INDL,C,160991,2021-12-31,DIGITAL REALTY TRUST INC,DLR,www.digitalrealty.com
A,USD,STD,FS,C,160991,2022-12-31,DIGITAL REALTY TRUST INC,DLR,www.digitalrealty.com
A,USD,STD,INDL,C,160991,2022-12-31,DIGITAL REALTY TRUST INC,DLR,www.digitalrealty.com
A,USD,STD,FS,C,160991,2023-12-31,DIGITAL REALTY TRUST INC,DLR,www.digitalrealty.com
A,USD,STD,INDL,C,160991,2023-12-31,DIGITAL REALTY TRUST INC,DLR,www.digitalrealty.com
A,USD,STD,FS,C,160991,2024-12-31,DIGITAL REALTY TRUST INC,DLR,www.digitalrealty.com
A,USD,STD,INDL,C,160991,2024-12-31,DIGITAL REALTY TRUST INC,DLR,www.digitalrealty.com
A,USD,STD,FS,C,160991,2025-12-31,DIGITAL REALTY TRUST INC,DLR,www.digitalrealty.com
A,USD,STD,INDL,C,160991,2025-12-31,DIGITAL REALTY TRUST INC,DLR,www.digitalrealty.com
A,USD,STD,INDL,C,161844,2010-12-31,LAS VEGAS SANDS CORP,LVS,www.sands.com
A,USD,STD,INDL,C,161844,2011-12-31,LAS VEGAS SANDS CORP,LVS,www.sands.com
A,USD,STD,INDL,C,161844,2012-12-31,LAS VEGAS SANDS CORP,LVS,www.sands.com
A,USD,STD,INDL,C,161844,2013-12-31,LAS VEGAS SANDS CORP,LVS,www.sands.com
A,USD,STD,INDL,C,161844,2014-12-31,LAS VEGAS SANDS CORP,LVS,www.sands.com
A,USD,STD,INDL,C,161844,2015-12-31,LAS VEGAS SANDS CORP,LVS,www.sands.com
A,USD,STD,INDL,C,161844,2016-12-31,LAS VEGAS SANDS CORP,LVS,www.sands.com
A,USD,STD,INDL,C,161844,2017-12-31,LAS VEGAS SANDS CORP,LVS,www.sands.com
A,USD,STD,INDL,C,161844,2018-12-31,LAS VEGAS SANDS CORP,LVS,www.sands.com
A,USD,STD,INDL,C,161844,2019-12-31,LAS VEGAS SANDS CORP,LVS,www.sands.com
A,USD,STD,INDL,C,161844,2020-12-31,LAS VEGAS SANDS CORP,LVS,www.sands.com
A,USD,STD,INDL,C,161844,2021-12-31,LAS VEGAS SANDS CORP,LVS,www.sands.com
A,USD,STD,INDL,C,161844,2022-12-31,LAS VEGAS SANDS CORP,LVS,www.sands.com
A,USD,STD,INDL,C,161844,2023-12-31,LAS VEGAS SANDS CORP,LVS,www.sands.com
A,USD,STD,INDL,C,161844,2024-12-31,LAS VEGAS SANDS CORP,LVS,www.sands.com
A,USD,STD,INDL,C,161844,2025-12-31,LAS VEGAS SANDS CORP,LVS,www.sands.com
A,USD,STD,INDL,C,162129,2010-05-31,MOSAIC CO,MOS,www.mosaicco.com
A,USD,STD,INDL,C,162129,2011-05-31,MOSAIC CO,MOS,www.mosaicco.com
A,USD,STD,INDL,C,162129,2012-05-31,MOSAIC CO,MOS,www.mosaicco.com
A,USD,STD,INDL,C,162129,2013-05-31,MOSAIC CO,MOS,www.mosaicco.com
A,USD,STD,INDL,C,162129,2013-12-31,MOSAIC CO,MOS,www.mosaicco.com
A,USD,STD,INDL,C,162129,2014-12-31,MOSAIC CO,MOS,www.mosaicco.com
A,USD,STD,INDL,C,162129,2015-12-31,MOSAIC CO,MOS,www.mosaicco.com
A,USD,STD,INDL,C,162129,2016-12-31,MOSAIC CO,MOS,www.mosaicco.com
A,USD,STD,INDL,C,162129,2017-12-31,MOSAIC CO,MOS,www.mosaicco.com
A,USD,STD,INDL,C,162129,2018-12-31,MOSAIC CO,MOS,www.mosaicco.com
A,USD,STD,INDL,C,162129,2019-12-31,MOSAIC CO,MOS,www.mosaicco.com
A,USD,STD,INDL,C,162129,2020-12-31,MOSAIC CO,MOS,www.mosaicco.com
A,USD,STD,INDL,C,162129,2021-12-31,MOSAIC CO,MOS,www.mosaicco.com
A,USD,STD,INDL,C,162129,2022-12-31,MOSAIC CO,MOS,www.mosaicco.com
A,USD,STD,INDL,C,162129,2023-12-31,MOSAIC CO,MOS,www.mosaicco.com
A,USD,STD,INDL,C,162129,2024-12-31,MOSAIC CO,MOS,www.mosaicco.com
A,USD,STD,INDL,C,162129,2025-12-31,MOSAIC CO,MOS,www.mosaicco.com
A,USD,STD,INDL,C,162887,2010-12-31,DEXCOM INC,DXCM,www.dexcom.com
A,USD,STD,INDL,C,162887,2011-12-31,DEXCOM INC,DXCM,www.dexcom.com
A,USD,STD,INDL,C,162887,2012-12-31,DEXCOM INC,DXCM,www.dexcom.com
A,USD,STD,INDL,C,162887,2013-12-31,DEXCOM INC,DXCM,www.dexcom.com
A,USD,STD,INDL,C,162887,2014-12-31,DEXCOM INC,DXCM,www.dexcom.com
A,USD,STD,INDL,C,162887,2015-12-31,DEXCOM INC,DXCM,www.dexcom.com
A,USD,STD,INDL,C,162887,2016-12-31,DEXCOM INC,DXCM,www.dexcom.com
A,USD,STD,INDL,C,162887,2017-12-31,DEXCOM INC,DXCM,www.dexcom.com
A,USD,STD,INDL,C,162887,2018-12-31,DEXCOM INC,DXCM,www.dexcom.com
A,USD,STD,INDL,C,162887,2019-12-31,DEXCOM INC,DXCM,www.dexcom.com
A,USD,STD,INDL,C,162887,2020-12-31,DEXCOM INC,DXCM,www.dexcom.com
A,USD,STD,INDL,C,162887,2021-12-31,DEXCOM INC,DXCM,www.dexcom.com
A,USD,STD,INDL,C,162887,2022-12-31,DEXCOM INC,DXCM,www.dexcom.com
A,USD,STD,INDL,C,162887,2023-12-31,DEXCOM INC,DXCM,www.dexcom.com
A,USD,STD,INDL,C,162887,2024-12-31,DEXCOM INC,DXCM,www.dexcom.com
A,USD,STD,INDL,C,162887,2025-12-31,DEXCOM INC,DXCM,www.dexcom.com
A,USD,STD,INDL,C,163036,2010-12-31,BUILDERS FIRSTSOURCE,BLDR,www.bldr.com
A,USD,STD,INDL,C,163036,2011-12-31,BUILDERS FIRSTSOURCE,BLDR,www.bldr.com
A,USD,STD,INDL,C,163036,2012-12-31,BUILDERS FIRSTSOURCE,BLDR,www.bldr.com
A,USD,STD,INDL,C,163036,2013-12-31,BUILDERS FIRSTSOURCE,BLDR,www.bldr.com
A,USD,STD,INDL,C,163036,2014-12-31,BUILDERS FIRSTSOURCE,BLDR,www.bldr.com
A,USD,STD,INDL,C,163036,2015-12-31,BUILDERS FIRSTSOURCE,BLDR,www.bldr.com
A,USD,STD,INDL,C,163036,2016-12-31,BUILDERS FIRSTSOURCE,BLDR,www.bldr.com
A,USD,STD,INDL,C,163036,2017-12-31,BUILDERS FIRSTSOURCE,BLDR,www.bldr.com
A,USD,STD,INDL,C,163036,2018-12-31,BUILDERS FIRSTSOURCE,BLDR,www.bldr.com
A,USD,STD,INDL,C,163036,2019-12-31,BUILDERS FIRSTSOURCE,BLDR,www.bldr.com
A,USD,STD,INDL,C,163036,2020-12-31,BUILDERS FIRSTSOURCE,BLDR,www.bldr.com
A,USD,STD,INDL,C,163036,2021-12-31,BUILDERS FIRSTSOURCE,BLDR,www.bldr.com
A,USD,STD,INDL,C,163036,2022-12-31,BUILDERS FIRSTSOURCE,BLDR,www.bldr.com
A,USD,STD,INDL,C,163036,2023-12-31,BUILDERS FIRSTSOURCE,BLDR,www.bldr.com
A,USD,STD,INDL,C,163036,2024-12-31,BUILDERS FIRSTSOURCE,BLDR,www.bldr.com
A,USD,STD,INDL,C,163036,2025-12-31,BUILDERS FIRSTSOURCE,BLDR,www.bldr.com
A,USD,STD,FS,C,163610,2010-12-31,INTERCONTINENTAL EXCHANGE,ICE,www.ice.com
A,USD,STD,INDL,C,163610,2010-12-31,INTERCONTINENTAL EXCHANGE,ICE,www.ice.com
A,USD,STD,FS,C,163610,2011-12-31,INTERCONTINENTAL EXCHANGE,ICE,www.ice.com
A,USD,STD,INDL,C,163610,2011-12-31,INTERCONTINENTAL EXCHANGE,ICE,www.ice.com
A,USD,STD,FS,C,163610,2012-12-31,INTERCONTINENTAL EXCHANGE,ICE,www.ice.com
A,USD,STD,INDL,C,163610,2012-12-31,INTERCONTINENTAL EXCHANGE,ICE,www.ice.com
A,USD,STD,FS,C,163610,2013-12-31,INTERCONTINENTAL EXCHANGE,ICE,www.ice.com
A,USD,STD,INDL,C,163610,2013-12-31,INTERCONTINENTAL EXCHANGE,ICE,www.ice.com
A,USD,STD,FS,C,163610,2014-12-31,INTERCONTINENTAL EXCHANGE,ICE,www.ice.com
A,USD,STD,INDL,C,163610,2014-12-31,INTERCONTINENTAL EXCHANGE,ICE,www.ice.com
A,USD,STD,FS,C,163610,2015-12-31,INTERCONTINENTAL EXCHANGE,ICE,www.ice.com
A,USD,STD,INDL,C,163610,2015-12-31,INTERCONTINENTAL EXCHANGE,ICE,www.ice.com
A,USD,STD,FS,C,163610,2016-12-31,INTERCONTINENTAL EXCHANGE,ICE,www.ice.com
A,USD,STD,INDL,C,163610,2016-12-31,INTERCONTINENTAL EXCHANGE,ICE,www.ice.com
A,USD,STD,FS,C,163610,2017-12-31,INTERCONTINENTAL EXCHANGE,ICE,www.ice.com
A,USD,STD,INDL,C,163610,2017-12-31,INTERCONTINENTAL EXCHANGE,ICE,www.ice.com
A,USD,STD,FS,C,163610,2018-12-31,INTERCONTINENTAL EXCHANGE,ICE,www.ice.com
A,USD,STD,INDL,C,163610,2018-12-31,INTERCONTINENTAL EXCHANGE,ICE,www.ice.com
A,USD,STD,FS,C,163610,2019-12-31,INTERCONTINENTAL EXCHANGE,ICE,www.ice.com
A,USD,STD,INDL,C,163610,2019-12-31,INTERCONTINENTAL EXCHANGE,ICE,www.ice.com
A,USD,STD,FS,C,163610,2020-12-31,INTERCONTINENTAL EXCHANGE,ICE,www.ice.com
A,USD,STD,INDL,C,163610,2020-12-31,INTERCONTINENTAL EXCHANGE,ICE,www.ice.com
A,USD,STD,FS,C,163610,2021-12-31,INTERCONTINENTAL EXCHANGE,ICE,www.ice.com
A,USD,STD,INDL,C,163610,2021-12-31,INTERCONTINENTAL EXCHANGE,ICE,www.ice.com
A,USD,STD,FS,C,163610,2022-12-31,INTERCONTINENTAL EXCHANGE,ICE,www.ice.com
A,USD,STD,INDL,C,163610,2022-12-31,INTERCONTINENTAL EXCHANGE,ICE,www.ice.com
A,USD,STD,FS,C,163610,2023-12-31,INTERCONTINENTAL EXCHANGE,ICE,www.ice.com
A,USD,STD,INDL,C,163610,2023-12-31,INTERCONTINENTAL EXCHANGE,ICE,www.ice.com
A,USD,STD,FS,C,163610,2024-12-31,INTERCONTINENTAL EXCHANGE,ICE,www.ice.com
A,USD,STD,INDL,C,163610,2024-12-31,INTERCONTINENTAL EXCHANGE,ICE,www.ice.com
A,USD,STD,FS,C,163610,2025-12-31,INTERCONTINENTAL EXCHANGE,ICE,www.ice.com
A,USD,STD,INDL,C,163610,2025-12-31,INTERCONTINENTAL EXCHANGE,ICE,www.ice.com
A,USD,STD,INDL,C,163946,2010-12-31,CF INDUSTRIES HOLDINGS INC,CF,www.cfindustries.com
A,USD,STD,INDL,C,163946,2011-12-31,CF INDUSTRIES HOLDINGS INC,CF,www.cfindustries.com
A,USD,STD,INDL,C,163946,2012-12-31,CF INDUSTRIES HOLDINGS INC,CF,www.cfindustries.com
A,USD,STD,INDL,C,163946,2013-12-31,CF INDUSTRIES HOLDINGS INC,CF,www.cfindustries.com
A,USD,STD,INDL,C,163946,2014-12-31,CF INDUSTRIES HOLDINGS INC,CF,www.cfindustries.com
A,USD,STD,INDL,C,163946,2015-12-31,CF INDUSTRIES HOLDINGS INC,CF,www.cfindustries.com
A,USD,STD,INDL,C,163946,2016-12-31,CF INDUSTRIES HOLDINGS INC,CF,www.cfindustries.com
A,USD,STD,INDL,C,163946,2017-12-31,CF INDUSTRIES HOLDINGS INC,CF,www.cfindustries.com
A,USD,STD,INDL,C,163946,2018-12-31,CF INDUSTRIES HOLDINGS INC,CF,www.cfindustries.com
A,USD,STD,INDL,C,163946,2019-12-31,CF INDUSTRIES HOLDINGS INC,CF,www.cfindustries.com
A,USD,STD,INDL,C,163946,2020-12-31,CF INDUSTRIES HOLDINGS INC,CF,www.cfindustries.com
A,USD,STD,INDL,C,163946,2021-12-31,CF INDUSTRIES HOLDINGS INC,CF,www.cfindustries.com
A,USD,STD,INDL,C,163946,2022-12-31,CF INDUSTRIES HOLDINGS INC,CF,www.cfindustries.com
A,USD,STD,INDL,C,163946,2023-12-31,CF INDUSTRIES HOLDINGS INC,CF,www.cfindustries.com
A,USD,STD,INDL,C,163946,2024-12-31,CF INDUSTRIES HOLDINGS INC,CF,www.cfindustries.com
A,USD,STD,INDL,C,163946,2025-12-31,CF INDUSTRIES HOLDINGS INC,CF,www.cfindustries.com
A,USD,STD,INDL,C,164296,2010-12-31,WARNER BROS DISCOVERY INC,WBD,www.wbd.com
A,USD,STD,INDL,C,164296,2011-12-31,WARNER BROS DISCOVERY INC,WBD,www.wbd.com
A,USD,STD,INDL,C,164296,2012-12-31,WARNER BROS DISCOVERY INC,WBD,www.wbd.com
A,USD,STD,INDL,C,164296,2013-12-31,WARNER BROS DISCOVERY INC,WBD,www.wbd.com
A,USD,STD,INDL,C,164296,2014-12-31,WARNER BROS DISCOVERY INC,WBD,www.wbd.com
A,USD,STD,INDL,C,164296,2015-12-31,WARNER BROS DISCOVERY INC,WBD,www.wbd.com
A,USD,STD,INDL,C,164296,2016-12-31,WARNER BROS DISCOVERY INC,WBD,www.wbd.com
A,USD,STD,INDL,C,164296,2017-12-31,WARNER BROS DISCOVERY INC,WBD,www.wbd.com
A,USD,STD,INDL,C,164296,2018-12-31,WARNER BROS DISCOVERY INC,WBD,www.wbd.com
A,USD,STD,INDL,C,164296,2019-12-31,WARNER BROS DISCOVERY INC,WBD,www.wbd.com
A,USD,STD,INDL,C,164296,2020-12-31,WARNER BROS DISCOVERY INC,WBD,www.wbd.com
A,USD,STD,INDL,C,164296,2021-12-31,WARNER BROS DISCOVERY INC,WBD,www.wbd.com
A,USD,STD,INDL,C,164296,2022-12-31,WARNER BROS DISCOVERY INC,WBD,www.wbd.com
A,USD,STD,INDL,C,164296,2023-12-31,WARNER BROS DISCOVERY INC,WBD,www.wbd.com
A,USD,STD,INDL,C,164296,2024-12-31,WARNER BROS DISCOVERY INC,WBD,www.wbd.com
A,USD,STD,INDL,C,164296,2025-12-31,WARNER BROS DISCOVERY INC,WBD,www.wbd.com
A,USD,STD,FS,C,164708,2010-12-31,AMERIPRISE FINANCIAL INC,AMP,www.ameriprise.com
A,USD,STD,INDL,C,164708,2010-12-31,AMERIPRISE FINANCIAL INC,AMP,www.ameriprise.com
A,USD,STD,FS,C,164708,2011-12-31,AMERIPRISE FINANCIAL INC,AMP,www.ameriprise.com
A,USD,STD,INDL,C,164708,2011-12-31,AMERIPRISE FINANCIAL INC,AMP,www.ameriprise.com
A,USD,STD,FS,C,164708,2012-12-31,AMERIPRISE FINANCIAL INC,AMP,www.ameriprise.com
A,USD,STD,INDL,C,164708,2012-12-31,AMERIPRISE FINANCIAL INC,AMP,www.ameriprise.com
A,USD,STD,FS,C,164708,2013-12-31,AMERIPRISE FINANCIAL INC,AMP,www.ameriprise.com
A,USD,STD,INDL,C,164708,2013-12-31,AMERIPRISE FINANCIAL INC,AMP,www.ameriprise.com
A,USD,STD,FS,C,164708,2014-12-31,AMERIPRISE FINANCIAL INC,AMP,www.ameriprise.com
A,USD,STD,INDL,C,164708,2014-12-31,AMERIPRISE FINANCIAL INC,AMP,www.ameriprise.com
A,USD,STD,FS,C,164708,2015-12-31,AMERIPRISE FINANCIAL INC,AMP,www.ameriprise.com
A,USD,STD,INDL,C,164708,2015-12-31,AMERIPRISE FINANCIAL INC,AMP,www.ameriprise.com
A,USD,STD,FS,C,164708,2016-12-31,AMERIPRISE FINANCIAL INC,AMP,www.ameriprise.com
A,USD,STD,INDL,C,164708,2016-12-31,AMERIPRISE FINANCIAL INC,AMP,www.ameriprise.com
A,USD,STD,FS,C,164708,2017-12-31,AMERIPRISE FINANCIAL INC,AMP,www.ameriprise.com
A,USD,STD,INDL,C,164708,2017-12-31,AMERIPRISE FINANCIAL INC,AMP,www.ameriprise.com
A,USD,STD,FS,C,164708,2018-12-31,AMERIPRISE FINANCIAL INC,AMP,www.ameriprise.com
A,USD,STD,INDL,C,164708,2018-12-31,AMERIPRISE FINANCIAL INC,AMP,www.ameriprise.com
A,USD,STD,FS,C,164708,2019-12-31,AMERIPRISE FINANCIAL INC,AMP,www.ameriprise.com
A,USD,STD,INDL,C,164708,2019-12-31,AMERIPRISE FINANCIAL INC,AMP,www.ameriprise.com
A,USD,STD,FS,C,164708,2020-12-31,AMERIPRISE FINANCIAL INC,AMP,www.ameriprise.com
A,USD,STD,INDL,C,164708,2020-12-31,AMERIPRISE FINANCIAL INC,AMP,www.ameriprise.com
A,USD,STD,FS,C,164708,2021-12-31,AMERIPRISE FINANCIAL INC,AMP,www.ameriprise.com
A,USD,STD,INDL,C,164708,2021-12-31,AMERIPRISE FINANCIAL INC,AMP,www.ameriprise.com
A,USD,STD,FS,C,164708,2022-12-31,AMERIPRISE FINANCIAL INC,AMP,www.ameriprise.com
A,USD,STD,INDL,C,164708,2022-12-31,AMERIPRISE FINANCIAL INC,AMP,www.ameriprise.com
A,USD,STD,FS,C,164708,2023-12-31,AMERIPRISE FINANCIAL INC,AMP,www.ameriprise.com
A,USD,STD,INDL,C,164708,2023-12-31,AMERIPRISE FINANCIAL INC,AMP,www.ameriprise.com
A,USD,STD,FS,C,164708,2024-12-31,AMERIPRISE FINANCIAL INC,AMP,www.ameriprise.com
A,USD,STD,INDL,C,164708,2024-12-31,AMERIPRISE FINANCIAL INC,AMP,www.ameriprise.com
A,USD,STD,FS,C,164708,2025-12-31,AMERIPRISE FINANCIAL INC,AMP,www.ameriprise.com
A,USD,STD,INDL,C,164708,2025-12-31,AMERIPRISE FINANCIAL INC,AMP,www.ameriprise.com
A,USD,STD,INDL,C,165123,2010-01-31,LEIDOS HOLDINGS INC,LDOS,www.leidos.com
A,USD,STD,INDL,C,165123,2011-01-31,LEIDOS HOLDINGS INC,LDOS,www.leidos.com
A,USD,STD,INDL,C,165123,2012-01-31,LEIDOS HOLDINGS INC,LDOS,www.leidos.com
A,USD,STD,INDL,C,165123,2013-01-31,LEIDOS HOLDINGS INC,LDOS,www.leidos.com
A,USD,STD,INDL,C,165123,2014-01-31,LEIDOS HOLDINGS INC,LDOS,www.leidos.com
A,USD,STD,INDL,C,165123,2015-01-31,LEIDOS HOLDINGS INC,LDOS,www.leidos.com
A,USD,STD,INDL,C,165123,2015-12-31,LEIDOS HOLDINGS INC,LDOS,www.leidos.com
A,USD,STD,INDL,C,165123,2016-12-31,LEIDOS HOLDINGS INC,LDOS,www.leidos.com
A,USD,STD,INDL,C,165123,2017-12-31,LEIDOS HOLDINGS INC,LDOS,www.leidos.com
A,USD,STD,INDL,C,165123,2018-12-31,LEIDOS HOLDINGS INC,LDOS,www.leidos.com
A,USD,STD,INDL,C,165123,2019-12-31,LEIDOS HOLDINGS INC,LDOS,www.leidos.com
A,USD,STD,INDL,C,165123,2020-12-31,LEIDOS HOLDINGS INC,LDOS,www.leidos.com
A,USD,STD,INDL,C,165123,2021-12-31,LEIDOS HOLDINGS INC,LDOS,www.leidos.com
A,USD,STD,INDL,C,165123,2022-12-31,LEIDOS HOLDINGS INC,LDOS,www.leidos.com
A,USD,STD,INDL,C,165123,2023-12-31,LEIDOS HOLDINGS INC,LDOS,www.leidos.com
A,USD,STD,INDL,C,165123,2024-12-31,LEIDOS HOLDINGS INC,LDOS,www.leidos.com
A,USD,STD,INDL,C,165123,2025-12-31,LEIDOS HOLDINGS INC,LDOS,www.leidos.com
A,USD,STD,INDL,C,165746,2010-12-31,LIVE NATION ENTERTAINMENT,LYV,www.livenationentertainment.com
A,USD,STD,INDL,C,165746,2011-12-31,LIVE NATION ENTERTAINMENT,LYV,www.livenationentertainment.com
A,USD,STD,INDL,C,165746,2012-12-31,LIVE NATION ENTERTAINMENT,LYV,www.livenationentertainment.com
A,USD,STD,INDL,C,165746,2013-12-31,LIVE NATION ENTERTAINMENT,LYV,www.livenationentertainment.com
A,USD,STD,INDL,C,165746,2014-12-31,LIVE NATION ENTERTAINMENT,LYV,www.livenationentertainment.com
A,USD,STD,INDL,C,165746,2015-12-31,LIVE NATION ENTERTAINMENT,LYV,www.livenationentertainment.com
A,USD,STD,INDL,C,165746,2016-12-31,LIVE NATION ENTERTAINMENT,LYV,www.livenationentertainment.com
A,USD,STD,INDL,C,165746,2017-12-31,LIVE NATION ENTERTAINMENT,LYV,www.livenationentertainment.com
A,USD,STD,INDL,C,165746,2018-12-31,LIVE NATION ENTERTAINMENT,LYV,www.livenationentertainment.com
A,USD,STD,INDL,C,165746,2019-12-31,LIVE NATION ENTERTAINMENT,LYV,www.livenationentertainment.com
A,USD,STD,INDL,C,165746,2020-12-31,LIVE NATION ENTERTAINMENT,LYV,www.livenationentertainment.com
A,USD,STD,INDL,C,165746,2021-12-31,LIVE NATION ENTERTAINMENT,LYV,www.livenationentertainment.com
A,USD,STD,INDL,C,165746,2022-12-31,LIVE NATION ENTERTAINMENT,LYV,www.livenationentertainment.com
A,USD,STD,INDL,C,165746,2023-12-31,LIVE NATION ENTERTAINMENT,LYV,www.livenationentertainment.com
A,USD,STD,INDL,C,165746,2024-12-31,LIVE NATION ENTERTAINMENT,LYV,www.livenationentertainment.com
A,USD,STD,INDL,C,165746,2025-12-31,LIVE NATION ENTERTAINMENT,LYV,www.livenationentertainment.com
A,USD,STD,INDL,C,165914,2010-12-31,CHIPOTLE MEXICAN GRILL INC,CMG,www.chipotle.com
A,USD,STD,INDL,C,165914,2011-12-31,CHIPOTLE MEXICAN GRILL INC,CMG,www.chipotle.com
A,USD,STD,INDL,C,165914,2012-12-31,CHIPOTLE MEXICAN GRILL INC,CMG,www.chipotle.com
A,USD,STD,INDL,C,165914,2013-12-31,CHIPOTLE MEXICAN GRILL INC,CMG,www.chipotle.com
A,USD,STD,INDL,C,165914,2014-12-31,CHIPOTLE MEXICAN GRILL INC,CMG,www.chipotle.com
A,USD,STD,INDL,C,165914,2015-12-31,CHIPOTLE MEXICAN GRILL INC,CMG,www.chipotle.com
A,USD,STD,INDL,C,165914,2016-12-31,CHIPOTLE MEXICAN GRILL INC,CMG,www.chipotle.com
A,USD,STD,INDL,C,165914,2017-12-31,CHIPOTLE MEXICAN GRILL INC,CMG,www.chipotle.com
A,USD,STD,INDL,C,165914,2018-12-31,CHIPOTLE MEXICAN GRILL INC,CMG,www.chipotle.com
A,USD,STD,INDL,C,165914,2019-12-31,CHIPOTLE MEXICAN GRILL INC,CMG,www.chipotle.com
A,USD,STD,INDL,C,165914,2020-12-31,CHIPOTLE MEXICAN GRILL INC,CMG,www.chipotle.com
A,USD,STD,INDL,C,165914,2021-12-31,CHIPOTLE MEXICAN GRILL INC,CMG,www.chipotle.com
A,USD,STD,INDL,C,165914,2022-12-31,CHIPOTLE MEXICAN GRILL INC,CMG,www.chipotle.com
A,USD,STD,INDL,C,165914,2023-12-31,CHIPOTLE MEXICAN GRILL INC,CMG,www.chipotle.com
A,USD,STD,INDL,C,165914,2024-12-31,CHIPOTLE MEXICAN GRILL INC,CMG,www.chipotle.com
A,USD,STD,INDL,C,165914,2025-12-31,CHIPOTLE MEXICAN GRILL INC,CMG,www.chipotle.com
A,USD,STD,INDL,C,165993,2010-12-31,FIDELITY NATIONAL INFO SVCS,FIS,www.fisglobal.com
A,USD,STD,INDL,C,165993,2011-12-31,FIDELITY NATIONAL INFO SVCS,FIS,www.fisglobal.com
A,USD,STD,INDL,C,165993,2012-12-31,FIDELITY NATIONAL INFO SVCS,FIS,www.fisglobal.com
A,USD,STD,INDL,C,165993,2013-12-31,FIDELITY NATIONAL INFO SVCS,FIS,www.fisglobal.com
A,USD,STD,INDL,C,165993,2014-12-31,FIDELITY NATIONAL INFO SVCS,FIS,www.fisglobal.com
A,USD,STD,INDL,C,165993,2015-12-31,FIDELITY NATIONAL INFO SVCS,FIS,www.fisglobal.com
A,USD,STD,INDL,C,165993,2016-12-31,FIDELITY NATIONAL INFO SVCS,FIS,www.fisglobal.com
A,USD,STD,INDL,C,165993,2017-12-31,FIDELITY NATIONAL INFO SVCS,FIS,www.fisglobal.com
A,USD,STD,INDL,C,165993,2018-12-31,FIDELITY NATIONAL INFO SVCS,FIS,www.fisglobal.com
A,USD,STD,INDL,C,165993,2019-12-31,FIDELITY NATIONAL INFO SVCS,FIS,www.fisglobal.com
A,USD,STD,INDL,C,165993,2020-12-31,FIDELITY NATIONAL INFO SVCS,FIS,www.fisglobal.com
A,USD,STD,INDL,C,165993,2021-12-31,FIDELITY NATIONAL INFO SVCS,FIS,www.fisglobal.com
A,USD,STD,INDL,C,165993,2022-12-31,FIDELITY NATIONAL INFO SVCS,FIS,www.fisglobal.com
A,USD,STD,INDL,C,165993,2023-12-31,FIDELITY NATIONAL INFO SVCS,FIS,www.fisglobal.com
A,USD,STD,INDL,C,165993,2024-12-31,FIDELITY NATIONAL INFO SVCS,FIS,www.fisglobal.com
A,USD,STD,INDL,C,165993,2025-12-31,FIDELITY NATIONAL INFO SVCS,FIS,www.fisglobal.com
A,USD,STD,INDL,C,170617,2010-12-31,META PLATFORMS INC,META,www.meta.com
A,USD,STD,INDL,C,170617,2011-12-31,META PLATFORMS INC,META,www.meta.com
A,USD,STD,INDL,C,170617,2012-12-31,META PLATFORMS INC,META,www.meta.com
A,USD,STD,INDL,C,170617,2013-12-31,META PLATFORMS INC,META,www.meta.com
A,USD,STD,INDL,C,170617,2014-12-31,META PLATFORMS INC,META,www.meta.com
A,USD,STD,INDL,C,170617,2015-12-31,META PLATFORMS INC,META,www.meta.com
A,USD,STD,INDL,C,170617,2016-12-31,META PLATFORMS INC,META,www.meta.com
A,USD,STD,INDL,C,170617,2017-12-31,META PLATFORMS INC,META,www.meta.com
A,USD,STD,INDL,C,170617,2018-12-31,META PLATFORMS INC,META,www.meta.com
A,USD,STD,INDL,C,170617,2019-12-31,META PLATFORMS INC,META,www.meta.com
A,USD,STD,INDL,C,170617,2020-12-31,META PLATFORMS INC,META,www.meta.com
A,USD,STD,INDL,C,170617,2021-12-31,META PLATFORMS INC,META,www.meta.com
A,USD,STD,INDL,C,170617,2022-12-31,META PLATFORMS INC,META,www.meta.com
A,USD,STD,INDL,C,170617,2023-12-31,META PLATFORMS INC,META,www.meta.com
A,USD,STD,INDL,C,170617,2024-12-31,META PLATFORMS INC,META,www.meta.com
A,USD,STD,INDL,C,170617,2025-12-31,META PLATFORMS INC,META,www.meta.com
A,USD,STD,INDL,C,170750,2010-12-31,DIAMONDBACK ENERGY INC,FANG,www.diamondbackenergy.com
A,USD,STD,INDL,C,170750,2011-12-31,DIAMONDBACK ENERGY INC,FANG,www.diamondbackenergy.com
A,USD,STD,INDL,C,170750,2012-12-31,DIAMONDBACK ENERGY INC,FANG,www.diamondbackenergy.com
A,USD,STD,INDL,C,170750,2013-12-31,DIAMONDBACK ENERGY INC,FANG,www.diamondbackenergy.com
A,USD,STD,INDL,C,170750,2014-12-31,DIAMONDBACK ENERGY INC,FANG,www.diamondbackenergy.com
A,USD,STD,INDL,C,170750,2015-12-31,DIAMONDBACK ENERGY INC,FANG,www.diamondbackenergy.com
A,USD,STD,INDL,C,170750,2016-12-31,DIAMONDBACK ENERGY INC,FANG,www.diamondbackenergy.com
A,USD,STD,INDL,C,170750,2017-12-31,DIAMONDBACK ENERGY INC,FANG,www.diamondbackenergy.com
A,USD,STD,INDL,C,170750,2018-12-31,DIAMONDBACK ENERGY INC,FANG,www.diamondbackenergy.com
A,USD,STD,INDL,C,170750,2019-12-31,DIAMONDBACK ENERGY INC,FANG,www.diamondbackenergy.com
A,USD,STD,INDL,C,170750,2020-12-31,DIAMONDBACK ENERGY INC,FANG,www.diamondbackenergy.com
A,USD,STD,INDL,C,170750,2021-12-31,DIAMONDBACK ENERGY INC,FANG,www.diamondbackenergy.com
A,USD,STD,INDL,C,170750,2022-12-31,DIAMONDBACK ENERGY INC,FANG,www.diamondbackenergy.com
A,USD,STD,INDL,C,170750,2023-12-31,DIAMONDBACK ENERGY INC,FANG,www.diamondbackenergy.com
A,USD,STD,INDL,C,170750,2024-12-31,DIAMONDBACK ENERGY INC,FANG,www.diamondbackenergy.com
A,USD,STD,INDL,C,170750,2025-12-31,DIAMONDBACK ENERGY INC,FANG,www.diamondbackenergy.com
A,USD,STD,INDL,C,170841,2010-12-31,PHILLIPS 66,PSX,www.phillips66.com
A,USD,STD,INDL,C,170841,2011-12-31,PHILLIPS 66,PSX,www.phillips66.com
A,USD,STD,INDL,C,170841,2012-12-31,PHILLIPS 66,PSX,www.phillips66.com
A,USD,STD,INDL,C,170841,2013-12-31,PHILLIPS 66,PSX,www.phillips66.com
A,USD,STD,INDL,C,170841,2014-12-31,PHILLIPS 66,PSX,www.phillips66.com
A,USD,STD,INDL,C,170841,2015-12-31,PHILLIPS 66,PSX,www.phillips66.com
A,USD,STD,INDL,C,170841,2016-12-31,PHILLIPS 66,PSX,www.phillips66.com
A,USD,STD,INDL,C,170841,2017-12-31,PHILLIPS 66,PSX,www.phillips66.com
A,USD,STD,INDL,C,170841,2018-12-31,PHILLIPS 66,PSX,www.phillips66.com
A,USD,STD,INDL,C,170841,2019-12-31,PHILLIPS 66,PSX,www.phillips66.com
A,USD,STD,INDL,C,170841,2020-12-31,PHILLIPS 66,PSX,www.phillips66.com
A,USD,STD,INDL,C,170841,2021-12-31,PHILLIPS 66,PSX,www.phillips66.com
A,USD,STD,INDL,C,170841,2022-12-31,PHILLIPS 66,PSX,www.phillips66.com
A,USD,STD,INDL,C,170841,2023-12-31,PHILLIPS 66,PSX,www.phillips66.com
A,USD,STD,INDL,C,170841,2024-12-31,PHILLIPS 66,PSX,www.phillips66.com
A,USD,STD,INDL,C,170841,2025-12-31,PHILLIPS 66,PSX,www.phillips66.com
A,USD,STD,INDL,C,171007,2010-06-30,SERVICENOW INC,NOW,www.servicenow.com
A,USD,STD,INDL,C,171007,2011-06-30,SERVICENOW INC,NOW,www.servicenow.com
A,USD,STD,INDL,C,171007,2012-12-31,SERVICENOW INC,NOW,www.servicenow.com
A,USD,STD,INDL,C,171007,2013-12-31,SERVICENOW INC,NOW,www.servicenow.com
A,USD,STD,INDL,C,171007,2014-12-31,SERVICENOW INC,NOW,www.servicenow.com
A,USD,STD,INDL,C,171007,2015-12-31,SERVICENOW INC,NOW,www.servicenow.com
A,USD,STD,INDL,C,171007,2016-12-31,SERVICENOW INC,NOW,www.servicenow.com
A,USD,STD,INDL,C,171007,2017-12-31,SERVICENOW INC,NOW,www.servicenow.com
A,USD,STD,INDL,C,171007,2018-12-31,SERVICENOW INC,NOW,www.servicenow.com
A,USD,STD,INDL,C,171007,2019-12-31,SERVICENOW INC,NOW,www.servicenow.com
A,USD,STD,INDL,C,171007,2020-12-31,SERVICENOW INC,NOW,www.servicenow.com
A,USD,STD,INDL,C,171007,2021-12-31,SERVICENOW INC,NOW,www.servicenow.com
A,USD,STD,INDL,C,171007,2022-12-31,SERVICENOW INC,NOW,www.servicenow.com
A,USD,STD,INDL,C,171007,2023-12-31,SERVICENOW INC,NOW,www.servicenow.com
A,USD,STD,INDL,C,171007,2024-12-31,SERVICENOW INC,NOW,www.servicenow.com
A,USD,STD,INDL,C,171007,2025-12-31,SERVICENOW INC,NOW,www.servicenow.com
A,USD,STD,INDL,C,171067,2010-07-31,PALO ALTO NETWORKS INC,PANW,www.paloaltonetworks.com
A,USD,STD,INDL,C,171067,2011-07-31,PALO ALTO NETWORKS INC,PANW,www.paloaltonetworks.com
A,USD,STD,INDL,C,171067,2012-07-31,PALO ALTO NETWORKS INC,PANW,www.paloaltonetworks.com
A,USD,STD,INDL,C,171067,2013-07-31,PALO ALTO NETWORKS INC,PANW,www.paloaltonetworks.com
A,USD,STD,INDL,C,171067,2014-07-31,PALO ALTO NETWORKS INC,PANW,www.paloaltonetworks.com
A,USD,STD,INDL,C,171067,2015-07-31,PALO ALTO NETWORKS INC,PANW,www.paloaltonetworks.com
A,USD,STD,INDL,C,171067,2016-07-31,PALO ALTO NETWORKS INC,PANW,www.paloaltonetworks.com
A,USD,STD,INDL,C,171067,2017-07-31,PALO ALTO NETWORKS INC,PANW,www.paloaltonetworks.com
A,USD,STD,INDL,C,171067,2018-07-31,PALO ALTO NETWORKS INC,PANW,www.paloaltonetworks.com
A,USD,STD,INDL,C,171067,2019-07-31,PALO ALTO NETWORKS INC,PANW,www.paloaltonetworks.com
A,USD,STD,INDL,C,171067,2020-07-31,PALO ALTO NETWORKS INC,PANW,www.paloaltonetworks.com
A,USD,STD,INDL,C,171067,2021-07-31,PALO ALTO NETWORKS INC,PANW,www.paloaltonetworks.com
A,USD,STD,INDL,C,171067,2022-07-31,PALO ALTO NETWORKS INC,PANW,www.paloaltonetworks.com
A,USD,STD,INDL,C,171067,2023-07-31,PALO ALTO NETWORKS INC,PANW,www.paloaltonetworks.com
A,USD,STD,INDL,C,171067,2024-07-31,PALO ALTO NETWORKS INC,PANW,www.paloaltonetworks.com
A,USD,STD,INDL,C,171067,2025-07-31,PALO ALTO NETWORKS INC,PANW,www.paloaltonetworks.com
A,USD,STD,INDL,C,175404,2010-12-31,FIRST SOLAR INC,FSLR,www.firstsolar.com
A,USD,STD,INDL,C,175404,2011-12-31,FIRST SOLAR INC,FSLR,www.firstsolar.com
A,USD,STD,INDL,C,175404,2012-12-31,FIRST SOLAR INC,FSLR,www.firstsolar.com
A,USD,STD,INDL,C,175404,2013-12-31,FIRST SOLAR INC,FSLR,www.firstsolar.com
A,USD,STD,INDL,C,175404,2014-12-31,FIRST SOLAR INC,FSLR,www.firstsolar.com
A,USD,STD,INDL,C,175404,2015-12-31,FIRST SOLAR INC,FSLR,www.firstsolar.com
A,USD,STD,INDL,C,175404,2016-12-31,FIRST SOLAR INC,FSLR,www.firstsolar.com
A,USD,STD,INDL,C,175404,2017-12-31,FIRST SOLAR INC,FSLR,www.firstsolar.com
A,USD,STD,INDL,C,175404,2018-12-31,FIRST SOLAR INC,FSLR,www.firstsolar.com
A,USD,STD,INDL,C,175404,2019-12-31,FIRST SOLAR INC,FSLR,www.firstsolar.com
A,USD,STD,INDL,C,175404,2020-12-31,FIRST SOLAR INC,FSLR,www.firstsolar.com
A,USD,STD,INDL,C,175404,2021-12-31,FIRST SOLAR INC,FSLR,www.firstsolar.com
A,USD,STD,INDL,C,175404,2022-12-31,FIRST SOLAR INC,FSLR,www.firstsolar.com
A,USD,STD,INDL,C,175404,2023-12-31,FIRST SOLAR INC,FSLR,www.firstsolar.com
A,USD,STD,INDL,C,175404,2024-12-31,FIRST SOLAR INC,FSLR,www.firstsolar.com
A,USD,STD,INDL,C,175404,2025-12-31,FIRST SOLAR INC,FSLR,www.firstsolar.com
A,USD,STD,INDL,C,176567,2010-06-30,SUPER MICRO COMPUTER INC,SMCI,www.supermicro.com
A,USD,STD,INDL,C,176567,2011-06-30,SUPER MICRO COMPUTER INC,SMCI,www.supermicro.com
A,USD,STD,INDL,C,176567,2012-06-30,SUPER MICRO COMPUTER INC,SMCI,www.supermicro.com
A,USD,STD,INDL,C,176567,2013-06-30,SUPER MICRO COMPUTER INC,SMCI,www.supermicro.com
A,USD,STD,INDL,C,176567,2014-06-30,SUPER MICRO COMPUTER INC,SMCI,www.supermicro.com
A,USD,STD,INDL,C,176567,2015-06-30,SUPER MICRO COMPUTER INC,SMCI,www.supermicro.com
A,USD,STD,INDL,C,176567,2016-06-30,SUPER MICRO COMPUTER INC,SMCI,www.supermicro.com
A,USD,STD,INDL,C,176567,2017-06-30,SUPER MICRO COMPUTER INC,SMCI,www.supermicro.com
A,USD,STD,INDL,C,176567,2018-06-30,SUPER MICRO COMPUTER INC,SMCI,www.supermicro.com
A,USD,STD,INDL,C,176567,2019-06-30,SUPER MICRO COMPUTER INC,SMCI,www.supermicro.com
A,USD,STD,INDL,C,176567,2020-06-30,SUPER MICRO COMPUTER INC,SMCI,www.supermicro.com
A,USD,STD,INDL,C,176567,2021-06-30,SUPER MICRO COMPUTER INC,SMCI,www.supermicro.com
A,USD,STD,INDL,C,176567,2022-06-30,SUPER MICRO COMPUTER INC,SMCI,www.supermicro.com
A,USD,STD,INDL,C,176567,2023-06-30,SUPER MICRO COMPUTER INC,SMCI,www.supermicro.com
A,USD,STD,INDL,C,176567,2024-06-30,SUPER MICRO COMPUTER INC,SMCI,www.supermicro.com
A,USD,STD,INDL,C,176567,2025-06-30,SUPER MICRO COMPUTER INC,SMCI,www.supermicro.com
A,USD,STD,FS,C,176701,2010-12-31,INTERACTIVE BROKERS GROUP,IBKR,www.interactivebrokers.com
A,USD,STD,INDL,C,176701,2010-12-31,INTERACTIVE BROKERS GROUP,IBKR,www.interactivebrokers.com
A,USD,STD,FS,C,176701,2011-12-31,INTERACTIVE BROKERS GROUP,IBKR,www.interactivebrokers.com
A,USD,STD,INDL,C,176701,2011-12-31,INTERACTIVE BROKERS GROUP,IBKR,www.interactivebrokers.com
A,USD,STD,FS,C,176701,2012-12-31,INTERACTIVE BROKERS GROUP,IBKR,www.interactivebrokers.com
A,USD,STD,INDL,C,176701,2012-12-31,INTERACTIVE BROKERS GROUP,IBKR,www.interactivebrokers.com
A,USD,STD,FS,C,176701,2013-12-31,INTERACTIVE BROKERS GROUP,IBKR,www.interactivebrokers.com
A,USD,STD,INDL,C,176701,2013-12-31,INTERACTIVE BROKERS GROUP,IBKR,www.interactivebrokers.com
A,USD,STD,FS,C,176701,2014-12-31,INTERACTIVE BROKERS GROUP,IBKR,www.interactivebrokers.com
A,USD,STD,INDL,C,176701,2014-12-31,INTERACTIVE BROKERS GROUP,IBKR,www.interactivebrokers.com
A,USD,STD,FS,C,176701,2015-12-31,INTERACTIVE BROKERS GROUP,IBKR,www.interactivebrokers.com
A,USD,STD,INDL,C,176701,2015-12-31,INTERACTIVE BROKERS GROUP,IBKR,www.interactivebrokers.com
A,USD,STD,FS,C,176701,2016-12-31,INTERACTIVE BROKERS GROUP,IBKR,www.interactivebrokers.com
A,USD,STD,INDL,C,176701,2016-12-31,INTERACTIVE BROKERS GROUP,IBKR,www.interactivebrokers.com
A,USD,STD,FS,C,176701,2017-12-31,INTERACTIVE BROKERS GROUP,IBKR,www.interactivebrokers.com
A,USD,STD,INDL,C,176701,2017-12-31,INTERACTIVE BROKERS GROUP,IBKR,www.interactivebrokers.com
A,USD,STD,FS,C,176701,2018-12-31,INTERACTIVE BROKERS GROUP,IBKR,www.interactivebrokers.com
A,USD,STD,INDL,C,176701,2018-12-31,INTERACTIVE BROKERS GROUP,IBKR,www.interactivebrokers.com
A,USD,STD,FS,C,176701,2019-12-31,INTERACTIVE BROKERS GROUP,IBKR,www.interactivebrokers.com
A,USD,STD,INDL,C,176701,2019-12-31,INTERACTIVE BROKERS GROUP,IBKR,www.interactivebrokers.com
A,USD,STD,FS,C,176701,2020-12-31,INTERACTIVE BROKERS GROUP,IBKR,www.interactivebrokers.com
A,USD,STD,INDL,C,176701,2020-12-31,INTERACTIVE BROKERS GROUP,IBKR,www.interactivebrokers.com
A,USD,STD,FS,C,176701,2021-12-31,INTERACTIVE BROKERS GROUP,IBKR,www.interactivebrokers.com
A,USD,STD,INDL,C,176701,2021-12-31,INTERACTIVE BROKERS GROUP,IBKR,www.interactivebrokers.com
A,USD,STD,FS,C,176701,2022-12-31,INTERACTIVE BROKERS GROUP,IBKR,www.interactivebrokers.com
A,USD,STD,INDL,C,176701,2022-12-31,INTERACTIVE BROKERS GROUP,IBKR,www.interactivebrokers.com
A,USD,STD,FS,C,176701,2023-12-31,INTERACTIVE BROKERS GROUP,IBKR,www.interactivebrokers.com
A,USD,STD,INDL,C,176701,2023-12-31,INTERACTIVE BROKERS GROUP,IBKR,www.interactivebrokers.com
A,USD,STD,FS,C,176701,2024-12-31,INTERACTIVE BROKERS GROUP,IBKR,www.interactivebrokers.com
A,USD,STD,INDL,C,176701,2024-12-31,INTERACTIVE BROKERS GROUP,IBKR,www.interactivebrokers.com
A,USD,STD,FS,C,176701,2025-12-31,INTERACTIVE BROKERS GROUP,IBKR,www.interactivebrokers.com
A,USD,STD,INDL,C,176701,2025-12-31,INTERACTIVE BROKERS GROUP,IBKR,www.interactivebrokers.com
A,USD,STD,INDL,C,176928,2010-06-30,BROADRIDGE FINANCIAL SOLUTNS,BR,www.broadridge.com
A,USD,STD,INDL,C,176928,2011-06-30,BROADRIDGE FINANCIAL SOLUTNS,BR,www.broadridge.com
A,USD,STD,INDL,C,176928,2012-06-30,BROADRIDGE FINANCIAL SOLUTNS,BR,www.broadridge.com
A,USD,STD,INDL,C,176928,2013-06-30,BROADRIDGE FINANCIAL SOLUTNS,BR,www.broadridge.com
A,USD,STD,INDL,C,176928,2014-06-30,BROADRIDGE FINANCIAL SOLUTNS,BR,www.broadridge.com
A,USD,STD,INDL,C,176928,2015-06-30,BROADRIDGE FINANCIAL SOLUTNS,BR,www.broadridge.com
A,USD,STD,INDL,C,176928,2016-06-30,BROADRIDGE FINANCIAL SOLUTNS,BR,www.broadridge.com
A,USD,STD,INDL,C,176928,2017-06-30,BROADRIDGE FINANCIAL SOLUTNS,BR,www.broadridge.com
A,USD,STD,INDL,C,176928,2018-06-30,BROADRIDGE FINANCIAL SOLUTNS,BR,www.broadridge.com
A,USD,STD,INDL,C,176928,2019-06-30,BROADRIDGE FINANCIAL SOLUTNS,BR,www.broadridge.com
A,USD,STD,INDL,C,176928,2020-06-30,BROADRIDGE FINANCIAL SOLUTNS,BR,www.broadridge.com
A,USD,STD,INDL,C,176928,2021-06-30,BROADRIDGE FINANCIAL SOLUTNS,BR,www.broadridge.com
A,USD,STD,INDL,C,176928,2022-06-30,BROADRIDGE FINANCIAL SOLUTNS,BR,www.broadridge.com
A,USD,STD,INDL,C,176928,2023-06-30,BROADRIDGE FINANCIAL SOLUTNS,BR,www.broadridge.com
A,USD,STD,INDL,C,176928,2024-06-30,BROADRIDGE FINANCIAL SOLUTNS,BR,www.broadridge.com
A,USD,STD,INDL,C,176928,2025-06-30,BROADRIDGE FINANCIAL SOLUTNS,BR,www.broadridge.com
A,USD,STD,FS,C,177088,2010-12-31,BLACKSTONE INC,BX,www.blackstone.com
A,USD,STD,INDL,C,177088,2010-12-31,BLACKSTONE INC,BX,www.blackstone.com
A,USD,STD,FS,C,177088,2011-12-31,BLACKSTONE INC,BX,www.blackstone.com
A,USD,STD,INDL,C,177088,2011-12-31,BLACKSTONE INC,BX,www.blackstone.com
A,USD,STD,FS,C,177088,2012-12-31,BLACKSTONE INC,BX,www.blackstone.com
A,USD,STD,INDL,C,177088,2012-12-31,BLACKSTONE INC,BX,www.blackstone.com
A,USD,STD,FS,C,177088,2013-12-31,BLACKSTONE INC,BX,www.blackstone.com
A,USD,STD,INDL,C,177088,2013-12-31,BLACKSTONE INC,BX,www.blackstone.com
A,USD,STD,FS,C,177088,2014-12-31,BLACKSTONE INC,BX,www.blackstone.com
A,USD,STD,INDL,C,177088,2014-12-31,BLACKSTONE INC,BX,www.blackstone.com
A,USD,STD,FS,C,177088,2015-12-31,BLACKSTONE INC,BX,www.blackstone.com
A,USD,STD,INDL,C,177088,2015-12-31,BLACKSTONE INC,BX,www.blackstone.com
A,USD,STD,FS,C,177088,2016-12-31,BLACKSTONE INC,BX,www.blackstone.com
A,USD,STD,INDL,C,177088,2016-12-31,BLACKSTONE INC,BX,www.blackstone.com
A,USD,STD,FS,C,177088,2017-12-31,BLACKSTONE INC,BX,www.blackstone.com
A,USD,STD,INDL,C,177088,2017-12-31,BLACKSTONE INC,BX,www.blackstone.com
A,USD,STD,FS,C,177088,2018-12-31,BLACKSTONE INC,BX,www.blackstone.com
A,USD,STD,INDL,C,177088,2018-12-31,BLACKSTONE INC,BX,www.blackstone.com
A,USD,STD,FS,C,177088,2019-12-31,BLACKSTONE INC,BX,www.blackstone.com
A,USD,STD,INDL,C,177088,2019-12-31,BLACKSTONE INC,BX,www.blackstone.com
A,USD,STD,FS,C,177088,2020-12-31,BLACKSTONE INC,BX,www.blackstone.com
A,USD,STD,INDL,C,177088,2020-12-31,BLACKSTONE INC,BX,www.blackstone.com
A,USD,STD,FS,C,177088,2021-12-31,BLACKSTONE INC,BX,www.blackstone.com
A,USD,STD,INDL,C,177088,2021-12-31,BLACKSTONE INC,BX,www.blackstone.com
A,USD,STD,FS,C,177088,2022-12-31,BLACKSTONE INC,BX,www.blackstone.com
A,USD,STD,INDL,C,177088,2022-12-31,BLACKSTONE INC,BX,www.blackstone.com
A,USD,STD,FS,C,177088,2023-12-31,BLACKSTONE INC,BX,www.blackstone.com
A,USD,STD,INDL,C,177088,2023-12-31,BLACKSTONE INC,BX,www.blackstone.com
A,USD,STD,FS,C,177088,2024-12-31,BLACKSTONE INC,BX,www.blackstone.com
A,USD,STD,INDL,C,177088,2024-12-31,BLACKSTONE INC,BX,www.blackstone.com
A,USD,STD,FS,C,177088,2025-12-31,BLACKSTONE INC,BX,www.blackstone.com
A,USD,STD,INDL,C,177088,2025-12-31,BLACKSTONE INC,BX,www.blackstone.com
A,USD,STD,INDL,C,177227,2010-12-31,INSULET CORP,PODD,www.insulet.com
A,USD,STD,INDL,C,177227,2011-12-31,INSULET CORP,PODD,www.insulet.com
A,USD,STD,INDL,C,177227,2012-12-31,INSULET CORP,PODD,www.insulet.com
A,USD,STD,INDL,C,177227,2013-12-31,INSULET CORP,PODD,www.insulet.com
A,USD,STD,INDL,C,177227,2014-12-31,INSULET CORP,PODD,www.insulet.com
A,USD,STD,INDL,C,177227,2015-12-31,INSULET CORP,PODD,www.insulet.com
A,USD,STD,INDL,C,177227,2016-12-31,INSULET CORP,PODD,www.insulet.com
A,USD,STD,INDL,C,177227,2017-12-31,INSULET CORP,PODD,www.insulet.com
A,USD,STD,INDL,C,177227,2018-12-31,INSULET CORP,PODD,www.insulet.com
A,USD,STD,INDL,C,177227,2019-12-31,INSULET CORP,PODD,www.insulet.com
A,USD,STD,INDL,C,177227,2020-12-31,INSULET CORP,PODD,www.insulet.com
A,USD,STD,INDL,C,177227,2021-12-31,INSULET CORP,PODD,www.insulet.com
A,USD,STD,INDL,C,177227,2022-12-31,INSULET CORP,PODD,www.insulet.com
A,USD,STD,INDL,C,177227,2023-12-31,INSULET CORP,PODD,www.insulet.com
A,USD,STD,INDL,C,177227,2024-12-31,INSULET CORP,PODD,www.insulet.com
A,USD,STD,INDL,C,177227,2025-12-31,INSULET CORP,PODD,www.insulet.com
A,USD,STD,INDL,C,177267,2010-09-30,TE CONNECTIVITY PLC,TEL,www.te.com
A,USD,STD,INDL,C,177267,2011-09-30,TE CONNECTIVITY PLC,TEL,www.te.com
A,USD,STD,INDL,C,177267,2012-09-30,TE CONNECTIVITY PLC,TEL,www.te.com
A,USD,STD,INDL,C,177267,2013-09-30,TE CONNECTIVITY PLC,TEL,www.te.com
A,USD,STD,INDL,C,177267,2014-09-30,TE CONNECTIVITY PLC,TEL,www.te.com
A,USD,STD,INDL,C,177267,2015-09-30,TE CONNECTIVITY PLC,TEL,www.te.com
A,USD,STD,INDL,C,177267,2016-09-30,TE CONNECTIVITY PLC,TEL,www.te.com
A,USD,STD,INDL,C,177267,2017-09-30,TE CONNECTIVITY PLC,TEL,www.te.com
A,USD,STD,INDL,C,177267,2018-09-30,TE CONNECTIVITY PLC,TEL,www.te.com
A,USD,STD,INDL,C,177267,2019-09-30,TE CONNECTIVITY PLC,TEL,www.te.com
A,USD,STD,INDL,C,177267,2020-09-30,TE CONNECTIVITY PLC,TEL,www.te.com
A,USD,STD,INDL,C,177267,2021-09-30,TE CONNECTIVITY PLC,TEL,www.te.com
A,USD,STD,INDL,C,177267,2022-09-30,TE CONNECTIVITY PLC,TEL,www.te.com
A,USD,STD,INDL,C,177267,2023-09-30,TE CONNECTIVITY PLC,TEL,www.te.com
A,USD,STD,INDL,C,177267,2024-09-30,TE CONNECTIVITY PLC,TEL,www.te.com
A,USD,STD,INDL,C,177267,2025-09-30,TE CONNECTIVITY PLC,TEL,www.te.com
A,USD,STD,INDL,C,178015,2010-01-31,LULULEMON ATHLETICA INC,LULU,corporate.lululemon.com
A,USD,STD,INDL,C,178015,2011-01-31,LULULEMON ATHLETICA INC,LULU,corporate.lululemon.com
A,USD,STD,INDL,C,178015,2012-01-31,LULULEMON ATHLETICA INC,LULU,corporate.lululemon.com
A,USD,STD,INDL,C,178015,2013-01-31,LULULEMON ATHLETICA INC,LULU,corporate.lululemon.com
A,USD,STD,INDL,C,178015,2014-01-31,LULULEMON ATHLETICA INC,LULU,corporate.lululemon.com
A,USD,STD,INDL,C,178015,2015-01-31,LULULEMON ATHLETICA INC,LULU,corporate.lululemon.com
A,USD,STD,INDL,C,178015,2016-01-31,LULULEMON ATHLETICA INC,LULU,corporate.lululemon.com
A,USD,STD,INDL,C,178015,2017-01-31,LULULEMON ATHLETICA INC,LULU,corporate.lululemon.com
A,USD,STD,INDL,C,178015,2018-01-31,LULULEMON ATHLETICA INC,LULU,corporate.lululemon.com
A,USD,STD,INDL,C,178015,2019-01-31,LULULEMON ATHLETICA INC,LULU,corporate.lululemon.com
A,USD,STD,INDL,C,178015,2020-01-31,LULULEMON ATHLETICA INC,LULU,corporate.lululemon.com
A,USD,STD,INDL,C,178015,2021-01-31,LULULEMON ATHLETICA INC,LULU,corporate.lululemon.com
A,USD,STD,INDL,C,178015,2022-01-31,LULULEMON ATHLETICA INC,LULU,corporate.lululemon.com
A,USD,STD,INDL,C,178015,2023-01-31,LULULEMON ATHLETICA INC,LULU,corporate.lululemon.com
A,USD,STD,INDL,C,178015,2024-01-31,LULULEMON ATHLETICA INC,LULU,corporate.lululemon.com
A,USD,STD,INDL,C,178015,2025-01-31,LULULEMON ATHLETICA INC,LULU,corporate.lululemon.com
A,USD,STD,INDL,C,178015,2026-01-31,LULULEMON ATHLETICA INC,LULU,corporate.lululemon.com
A,USD,STD,INDL,C,178507,2010-11-30,MSCI INC,MSCI,www.msci.com
A,USD,STD,INDL,C,178507,2011-12-31,MSCI INC,MSCI,www.msci.com
A,USD,STD,INDL,C,178507,2012-12-31,MSCI INC,MSCI,www.msci.com
A,USD,STD,INDL,C,178507,2013-12-31,MSCI INC,MSCI,www.msci.com
A,USD,STD,INDL,C,178507,2014-12-31,MSCI INC,MSCI,www.msci.com
A,USD,STD,INDL,C,178507,2015-12-31,MSCI INC,MSCI,www.msci.com
A,USD,STD,INDL,C,178507,2016-12-31,MSCI INC,MSCI,www.msci.com
A,USD,STD,INDL,C,178507,2017-12-31,MSCI INC,MSCI,www.msci.com
A,USD,STD,INDL,C,178507,2018-12-31,MSCI INC,MSCI,www.msci.com
A,USD,STD,INDL,C,178507,2019-12-31,MSCI INC,MSCI,www.msci.com
A,USD,STD,INDL,C,178507,2020-12-31,MSCI INC,MSCI,www.msci.com
A,USD,STD,INDL,C,178507,2021-12-31,MSCI INC,MSCI,www.msci.com
A,USD,STD,INDL,C,178507,2022-12-31,MSCI INC,MSCI,www.msci.com
A,USD,STD,INDL,C,178507,2023-12-31,MSCI INC,MSCI,www.msci.com
A,USD,STD,INDL,C,178507,2024-12-31,MSCI INC,MSCI,www.msci.com
A,USD,STD,INDL,C,178507,2025-12-31,MSCI INC,MSCI,www.msci.com
A,USD,STD,INDL,C,178704,2010-01-31,ULTA BEAUTY INC,ULTA,www.ulta.com
A,USD,STD,INDL,C,178704,2011-01-31,ULTA BEAUTY INC,ULTA,www.ulta.com
A,USD,STD,INDL,C,178704,2012-01-31,ULTA BEAUTY INC,ULTA,www.ulta.com
A,USD,STD,INDL,C,178704,2013-01-31,ULTA BEAUTY INC,ULTA,www.ulta.com
A,USD,STD,INDL,C,178704,2014-01-31,ULTA BEAUTY INC,ULTA,www.ulta.com
A,USD,STD,INDL,C,178704,2015-01-31,ULTA BEAUTY INC,ULTA,www.ulta.com
A,USD,STD,INDL,C,178704,2016-01-31,ULTA BEAUTY INC,ULTA,www.ulta.com
A,USD,STD,INDL,C,178704,2017-01-31,ULTA BEAUTY INC,ULTA,www.ulta.com
A,USD,STD,INDL,C,178704,2018-01-31,ULTA BEAUTY INC,ULTA,www.ulta.com
A,USD,STD,INDL,C,178704,2019-01-31,ULTA BEAUTY INC,ULTA,www.ulta.com
A,USD,STD,INDL,C,178704,2020-01-31,ULTA BEAUTY INC,ULTA,www.ulta.com
A,USD,STD,INDL,C,178704,2021-01-31,ULTA BEAUTY INC,ULTA,www.ulta.com
A,USD,STD,INDL,C,178704,2022-01-31,ULTA BEAUTY INC,ULTA,www.ulta.com
A,USD,STD,INDL,C,178704,2023-01-31,ULTA BEAUTY INC,ULTA,www.ulta.com
A,USD,STD,INDL,C,178704,2024-01-31,ULTA BEAUTY INC,ULTA,www.ulta.com
A,USD,STD,INDL,C,178704,2025-01-31,ULTA BEAUTY INC,ULTA,www.ulta.com
A,USD,STD,INDL,C,178704,2026-01-31,ULTA BEAUTY INC,ULTA,www.ulta.com
A,USD,STD,INDL,C,179202,2010-12-31,ECHOSTAR CORP,SATS,www.echostar.com
A,USD,STD,INDL,C,179202,2011-12-31,ECHOSTAR CORP,SATS,www.echostar.com
A,USD,STD,INDL,C,179202,2012-12-31,ECHOSTAR CORP,SATS,www.echostar.com
A,USD,STD,INDL,C,179202,2013-12-31,ECHOSTAR CORP,SATS,www.echostar.com
A,USD,STD,INDL,C,179202,2014-12-31,ECHOSTAR CORP,SATS,www.echostar.com
A,USD,STD,INDL,C,179202,2015-12-31,ECHOSTAR CORP,SATS,www.echostar.com
A,USD,STD,INDL,C,179202,2016-12-31,ECHOSTAR CORP,SATS,www.echostar.com
A,USD,STD,INDL,C,179202,2017-12-31,ECHOSTAR CORP,SATS,www.echostar.com
A,USD,STD,INDL,C,179202,2018-12-31,ECHOSTAR CORP,SATS,www.echostar.com
A,USD,STD,INDL,C,179202,2019-12-31,ECHOSTAR CORP,SATS,www.echostar.com
A,USD,STD,INDL,C,179202,2020-12-31,ECHOSTAR CORP,SATS,www.echostar.com
A,USD,STD,INDL,C,179202,2021-12-31,ECHOSTAR CORP,SATS,www.echostar.com
A,USD,STD,INDL,C,179202,2022-12-31,ECHOSTAR CORP,SATS,www.echostar.com
A,USD,STD,INDL,C,179202,2023-12-31,ECHOSTAR CORP,SATS,www.echostar.com
A,USD,STD,INDL,C,179202,2024-12-31,ECHOSTAR CORP,SATS,www.echostar.com
A,USD,STD,INDL,C,179202,2025-12-31,ECHOSTAR CORP,SATS,www.echostar.com
A,USD,STD,INDL,C,179437,2010-12-31,AMERICAN WATER WORKS CO INC,AWK,www.amwater.com
A,USD,STD,INDL,C,179437,2011-12-31,AMERICAN WATER WORKS CO INC,AWK,www.amwater.com
A,USD,STD,INDL,C,179437,2012-12-31,AMERICAN WATER WORKS CO INC,AWK,www.amwater.com
A,USD,STD,INDL,C,179437,2013-12-31,AMERICAN WATER WORKS CO INC,AWK,www.amwater.com
A,USD,STD,INDL,C,179437,2014-12-31,AMERICAN WATER WORKS CO INC,AWK,www.amwater.com
A,USD,STD,INDL,C,179437,2015-12-31,AMERICAN WATER WORKS CO INC,AWK,www.amwater.com
A,USD,STD,INDL,C,179437,2016-12-31,AMERICAN WATER WORKS CO INC,AWK,www.amwater.com
A,USD,STD,INDL,C,179437,2017-12-31,AMERICAN WATER WORKS CO INC,AWK,www.amwater.com
A,USD,STD,INDL,C,179437,2018-12-31,AMERICAN WATER WORKS CO INC,AWK,www.amwater.com
A,USD,STD,INDL,C,179437,2019-12-31,AMERICAN WATER WORKS CO INC,AWK,www.amwater.com
A,USD,STD,INDL,C,179437,2020-12-31,AMERICAN WATER WORKS CO INC,AWK,www.amwater.com
A,USD,STD,INDL,C,179437,2021-12-31,AMERICAN WATER WORKS CO INC,AWK,www.amwater.com
A,USD,STD,INDL,C,179437,2022-12-31,AMERICAN WATER WORKS CO INC,AWK,www.amwater.com
A,USD,STD,INDL,C,179437,2023-12-31,AMERICAN WATER WORKS CO INC,AWK,www.amwater.com
A,USD,STD,INDL,C,179437,2024-12-31,AMERICAN WATER WORKS CO INC,AWK,www.amwater.com
A,USD,STD,INDL,C,179437,2025-12-31,AMERICAN WATER WORKS CO INC,AWK,www.amwater.com
A,USD,STD,FS,C,179534,2010-09-30,VISA INC,V,www.visa.com
A,USD,STD,INDL,C,179534,2010-09-30,VISA INC,V,www.visa.com
A,USD,STD,FS,C,179534,2011-09-30,VISA INC,V,www.visa.com
A,USD,STD,INDL,C,179534,2011-09-30,VISA INC,V,www.visa.com
A,USD,STD,FS,C,179534,2012-09-30,VISA INC,V,www.visa.com
A,USD,STD,INDL,C,179534,2012-09-30,VISA INC,V,www.visa.com
A,USD,STD,FS,C,179534,2013-09-30,VISA INC,V,www.visa.com
A,USD,STD,INDL,C,179534,2013-09-30,VISA INC,V,www.visa.com
A,USD,STD,FS,C,179534,2014-09-30,VISA INC,V,www.visa.com
A,USD,STD,INDL,C,179534,2014-09-30,VISA INC,V,www.visa.com
A,USD,STD,FS,C,179534,2015-09-30,VISA INC,V,www.visa.com
A,USD,STD,INDL,C,179534,2015-09-30,VISA INC,V,www.visa.com
A,USD,STD,FS,C,179534,2016-09-30,VISA INC,V,www.visa.com
A,USD,STD,INDL,C,179534,2016-09-30,VISA INC,V,www.visa.com
A,USD,STD,FS,C,179534,2017-09-30,VISA INC,V,www.visa.com
A,USD,STD,INDL,C,179534,2017-09-30,VISA INC,V,www.visa.com
A,USD,STD,FS,C,179534,2018-09-30,VISA INC,V,www.visa.com
A,USD,STD,INDL,C,179534,2018-09-30,VISA INC,V,www.visa.com
A,USD,STD,FS,C,179534,2019-09-30,VISA INC,V,www.visa.com
A,USD,STD,INDL,C,179534,2019-09-30,VISA INC,V,www.visa.com
A,USD,STD,FS,C,179534,2020-09-30,VISA INC,V,www.visa.com
A,USD,STD,INDL,C,179534,2020-09-30,VISA INC,V,www.visa.com
A,USD,STD,FS,C,179534,2021-09-30,VISA INC,V,www.visa.com
A,USD,STD,INDL,C,179534,2021-09-30,VISA INC,V,www.visa.com
A,USD,STD,FS,C,179534,2022-09-30,VISA INC,V,www.visa.com
A,USD,STD,INDL,C,179534,2022-09-30,VISA INC,V,www.visa.com
A,USD,STD,FS,C,179534,2023-09-30,VISA INC,V,www.visa.com
A,USD,STD,INDL,C,179534,2023-09-30,VISA INC,V,www.visa.com
A,USD,STD,FS,C,179534,2024-09-30,VISA INC,V,www.visa.com
A,USD,STD,INDL,C,179534,2024-09-30,VISA INC,V,www.visa.com
A,USD,STD,FS,C,179534,2025-09-30,VISA INC,V,www.visa.com
A,USD,STD,INDL,C,179534,2025-09-30,VISA INC,V,www.visa.com
A,USD,STD,INDL,C,179621,2010-12-31,PHILIP MORRIS INTERNATIONAL,PM,www.pmi.com
A,USD,STD,INDL,C,179621,2011-12-31,PHILIP MORRIS INTERNATIONAL,PM,www.pmi.com
A,USD,STD,INDL,C,179621,2012-12-31,PHILIP MORRIS INTERNATIONAL,PM,www.pmi.com
A,USD,STD,INDL,C,179621,2013-12-31,PHILIP MORRIS INTERNATIONAL,PM,www.pmi.com
A,USD,STD,INDL,C,179621,2014-12-31,PHILIP MORRIS INTERNATIONAL,PM,www.pmi.com
A,USD,STD,INDL,C,179621,2015-12-31,PHILIP MORRIS INTERNATIONAL,PM,www.pmi.com
A,USD,STD,INDL,C,179621,2016-12-31,PHILIP MORRIS INTERNATIONAL,PM,www.pmi.com
A,USD,STD,INDL,C,179621,2017-12-31,PHILIP MORRIS INTERNATIONAL,PM,www.pmi.com
A,USD,STD,INDL,C,179621,2018-12-31,PHILIP MORRIS INTERNATIONAL,PM,www.pmi.com
A,USD,STD,INDL,C,179621,2019-12-31,PHILIP MORRIS INTERNATIONAL,PM,www.pmi.com
A,USD,STD,INDL,C,179621,2020-12-31,PHILIP MORRIS INTERNATIONAL,PM,www.pmi.com
A,USD,STD,INDL,C,179621,2021-12-31,PHILIP MORRIS INTERNATIONAL,PM,www.pmi.com
A,USD,STD,INDL,C,179621,2022-12-31,PHILIP MORRIS INTERNATIONAL,PM,www.pmi.com
A,USD,STD,INDL,C,179621,2023-12-31,PHILIP MORRIS INTERNATIONAL,PM,www.pmi.com
A,USD,STD,INDL,C,179621,2024-12-31,PHILIP MORRIS INTERNATIONAL,PM,www.pmi.com
A,USD,STD,INDL,C,179621,2025-12-31,PHILIP MORRIS INTERNATIONAL,PM,www.pmi.com
A,USD,STD,INDL,C,179741,2010-12-31,KKR & CO INC,KKR,www.kkr.com
A,USD,STD,INDL,C,179741,2011-12-31,KKR & CO INC,KKR,www.kkr.com
A,USD,STD,INDL,C,179741,2012-12-31,KKR & CO INC,KKR,www.kkr.com
A,USD,STD,INDL,C,179741,2013-12-31,KKR & CO INC,KKR,www.kkr.com
A,USD,STD,INDL,C,179741,2014-12-31,KKR & CO INC,KKR,www.kkr.com
A,USD,STD,INDL,C,179741,2015-12-31,KKR & CO INC,KKR,www.kkr.com
A,USD,STD,INDL,C,179741,2016-12-31,KKR & CO INC,KKR,www.kkr.com
A,USD,STD,INDL,C,179741,2017-12-31,KKR & CO INC,KKR,www.kkr.com
A,USD,STD,INDL,C,179741,2018-12-31,KKR & CO INC,KKR,www.kkr.com
A,USD,STD,INDL,C,179741,2019-12-31,KKR & CO INC,KKR,www.kkr.com
A,USD,STD,INDL,C,179741,2020-12-31,KKR & CO INC,KKR,www.kkr.com
A,USD,STD,INDL,C,179741,2021-12-31,KKR & CO INC,KKR,www.kkr.com
A,USD,STD,FS,C,179741,2022-12-31,KKR & CO INC,KKR,www.kkr.com
A,USD,STD,INDL,C,179741,2022-12-31,KKR & CO INC,KKR,www.kkr.com
A,USD,STD,FS,C,179741,2023-12-31,KKR & CO INC,KKR,www.kkr.com
A,USD,STD,INDL,C,179741,2023-12-31,KKR & CO INC,KKR,www.kkr.com
A,USD,STD,FS,C,179741,2024-12-31,KKR & CO INC,KKR,www.kkr.com
A,USD,STD,INDL,C,179741,2024-12-31,KKR & CO INC,KKR,www.kkr.com
A,USD,STD,FS,C,179741,2025-12-31,KKR & CO INC,KKR,www.kkr.com
A,USD,STD,INDL,C,179741,2025-12-31,KKR & CO INC,KKR,www.kkr.com
A,USD,STD,INDL,C,180652,2010-12-31,VERISK ANALYTICS INC,VRSK,www.verisk.com
A,USD,STD,INDL,C,180652,2011-12-31,VERISK ANALYTICS INC,VRSK,www.verisk.com
A,USD,STD,INDL,C,180652,2012-12-31,VERISK ANALYTICS INC,VRSK,www.verisk.com
A,USD,STD,INDL,C,180652,2013-12-31,VERISK ANALYTICS INC,VRSK,www.verisk.com
A,USD,STD,INDL,C,180652,2014-12-31,VERISK ANALYTICS INC,VRSK,www.verisk.com
A,USD,STD,INDL,C,180652,2015-12-31,VERISK ANALYTICS INC,VRSK,www.verisk.com
A,USD,STD,INDL,C,180652,2016-12-31,VERISK ANALYTICS INC,VRSK,www.verisk.com
A,USD,STD,INDL,C,180652,2017-12-31,VERISK ANALYTICS INC,VRSK,www.verisk.com
A,USD,STD,INDL,C,180652,2018-12-31,VERISK ANALYTICS INC,VRSK,www.verisk.com
A,USD,STD,INDL,C,180652,2019-12-31,VERISK ANALYTICS INC,VRSK,www.verisk.com
A,USD,STD,INDL,C,180652,2020-12-31,VERISK ANALYTICS INC,VRSK,www.verisk.com
A,USD,STD,INDL,C,180652,2021-12-31,VERISK ANALYTICS INC,VRSK,www.verisk.com
A,USD,STD,INDL,C,180652,2022-12-31,VERISK ANALYTICS INC,VRSK,www.verisk.com
A,USD,STD,INDL,C,180652,2023-12-31,VERISK ANALYTICS INC,VRSK,www.verisk.com
A,USD,STD,INDL,C,180652,2024-12-31,VERISK ANALYTICS INC,VRSK,www.verisk.com
A,USD,STD,INDL,C,180652,2025-12-31,VERISK ANALYTICS INC,VRSK,www.verisk.com
A,USD,STD,INDL,C,180711,2010-10-31,BROADCOM INC,AVGO,www.broadcom.com
A,USD,STD,INDL,C,180711,2011-10-31,BROADCOM INC,AVGO,www.broadcom.com
A,USD,STD,INDL,C,180711,2012-10-31,BROADCOM INC,AVGO,www.broadcom.com
A,USD,STD,INDL,C,180711,2013-10-31,BROADCOM INC,AVGO,www.broadcom.com
A,USD,STD,INDL,C,180711,2014-10-31,BROADCOM INC,AVGO,www.broadcom.com
A,USD,STD,INDL,C,180711,2015-10-31,BROADCOM INC,AVGO,www.broadcom.com
A,USD,STD,INDL,C,180711,2016-10-31,BROADCOM INC,AVGO,www.broadcom.com
A,USD,STD,INDL,C,180711,2017-10-31,BROADCOM INC,AVGO,www.broadcom.com
A,USD,STD,INDL,C,180711,2018-10-31,BROADCOM INC,AVGO,www.broadcom.com
A,USD,STD,INDL,C,180711,2019-10-31,BROADCOM INC,AVGO,www.broadcom.com
A,USD,STD,INDL,C,180711,2020-10-31,BROADCOM INC,AVGO,www.broadcom.com
A,USD,STD,INDL,C,180711,2021-10-31,BROADCOM INC,AVGO,www.broadcom.com
A,USD,STD,INDL,C,180711,2022-10-31,BROADCOM INC,AVGO,www.broadcom.com
A,USD,STD,INDL,C,180711,2023-10-31,BROADCOM INC,AVGO,www.broadcom.com
A,USD,STD,INDL,C,180711,2024-10-31,BROADCOM INC,AVGO,www.broadcom.com
A,USD,STD,INDL,C,180711,2025-10-31,BROADCOM INC,AVGO,www.broadcom.com
A,USD,STD,INDL,C,183377,2010-12-31,FORTINET INC,FTNT,www.fortinet.com
A,USD,STD,INDL,C,183377,2011-12-31,FORTINET INC,FTNT,www.fortinet.com
A,USD,STD,INDL,C,183377,2012-12-31,FORTINET INC,FTNT,www.fortinet.com
A,USD,STD,INDL,C,183377,2013-12-31,FORTINET INC,FTNT,www.fortinet.com
A,USD,STD,INDL,C,183377,2014-12-31,FORTINET INC,FTNT,www.fortinet.com
A,USD,STD,INDL,C,183377,2015-12-31,FORTINET INC,FTNT,www.fortinet.com
A,USD,STD,INDL,C,183377,2016-12-31,FORTINET INC,FTNT,www.fortinet.com
A,USD,STD,INDL,C,183377,2017-12-31,FORTINET INC,FTNT,www.fortinet.com
A,USD,STD,INDL,C,183377,2018-12-31,FORTINET INC,FTNT,www.fortinet.com
A,USD,STD,INDL,C,183377,2019-12-31,FORTINET INC,FTNT,www.fortinet.com
A,USD,STD,INDL,C,183377,2020-12-31,FORTINET INC,FTNT,www.fortinet.com
A,USD,STD,INDL,C,183377,2021-12-31,FORTINET INC,FTNT,www.fortinet.com
A,USD,STD,INDL,C,183377,2022-12-31,FORTINET INC,FTNT,www.fortinet.com
A,USD,STD,INDL,C,183377,2023-12-31,FORTINET INC,FTNT,www.fortinet.com
A,USD,STD,INDL,C,183377,2024-12-31,FORTINET INC,FTNT,www.fortinet.com
A,USD,STD,INDL,C,183377,2025-12-31,FORTINET INC,FTNT,www.fortinet.com
A,USD,STD,INDL,C,183736,2010-12-31,GENERAC HOLDINGS INC,GNRC,www.generac.com
A,USD,STD,INDL,C,183736,2011-12-31,GENERAC HOLDINGS INC,GNRC,www.generac.com
A,USD,STD,INDL,C,183736,2012-12-31,GENERAC HOLDINGS INC,GNRC,www.generac.com
A,USD,STD,INDL,C,183736,2013-12-31,GENERAC HOLDINGS INC,GNRC,www.generac.com
A,USD,STD,INDL,C,183736,2014-12-31,GENERAC HOLDINGS INC,GNRC,www.generac.com
A,USD,STD,INDL,C,183736,2015-12-31,GENERAC HOLDINGS INC,GNRC,www.generac.com
A,USD,STD,INDL,C,183736,2016-12-31,GENERAC HOLDINGS INC,GNRC,www.generac.com
A,USD,STD,INDL,C,183736,2017-12-31,GENERAC HOLDINGS INC,GNRC,www.generac.com
A,USD,STD,INDL,C,183736,2018-12-31,GENERAC HOLDINGS INC,GNRC,www.generac.com
A,USD,STD,INDL,C,183736,2019-12-31,GENERAC HOLDINGS INC,GNRC,www.generac.com
A,USD,STD,INDL,C,183736,2020-12-31,GENERAC HOLDINGS INC,GNRC,www.generac.com
A,USD,STD,INDL,C,183736,2021-12-31,GENERAC HOLDINGS INC,GNRC,www.generac.com
A,USD,STD,INDL,C,183736,2022-12-31,GENERAC HOLDINGS INC,GNRC,www.generac.com
A,USD,STD,INDL,C,183736,2023-12-31,GENERAC HOLDINGS INC,GNRC,www.generac.com
A,USD,STD,INDL,C,183736,2024-12-31,GENERAC HOLDINGS INC,GNRC,www.generac.com
A,USD,STD,INDL,C,183736,2025-12-31,GENERAC HOLDINGS INC,GNRC,www.generac.com
A,USD,STD,INDL,C,184254,2010-12-31,APOLLO GLOBAL MGMT INC,APO,www.apollo.com/institutional/homepage
A,USD,STD,INDL,C,184254,2011-12-31,APOLLO GLOBAL MGMT INC,APO,www.apollo.com/institutional/homepage
A,USD,STD,INDL,C,184254,2012-12-31,APOLLO GLOBAL MGMT INC,APO,www.apollo.com/institutional/homepage
A,USD,STD,INDL,C,184254,2013-12-31,APOLLO GLOBAL MGMT INC,APO,www.apollo.com/institutional/homepage
A,USD,STD,INDL,C,184254,2014-12-31,APOLLO GLOBAL MGMT INC,APO,www.apollo.com/institutional/homepage
A,USD,STD,INDL,C,184254,2015-12-31,APOLLO GLOBAL MGMT INC,APO,www.apollo.com/institutional/homepage
A,USD,STD,INDL,C,184254,2016-12-31,APOLLO GLOBAL MGMT INC,APO,www.apollo.com/institutional/homepage
A,USD,STD,INDL,C,184254,2017-12-31,APOLLO GLOBAL MGMT INC,APO,www.apollo.com/institutional/homepage
A,USD,STD,INDL,C,184254,2018-12-31,APOLLO GLOBAL MGMT INC,APO,www.apollo.com/institutional/homepage
A,USD,STD,INDL,C,184254,2019-12-31,APOLLO GLOBAL MGMT INC,APO,www.apollo.com/institutional/homepage
A,USD,STD,INDL,C,184254,2020-12-31,APOLLO GLOBAL MGMT INC,APO,www.apollo.com/institutional/homepage
A,USD,STD,INDL,C,184254,2021-12-31,APOLLO GLOBAL MGMT INC,APO,www.apollo.com/institutional/homepage
A,USD,STD,FS,C,184254,2022-12-31,APOLLO GLOBAL MGMT INC,APO,www.apollo.com/institutional/homepage
A,USD,STD,INDL,C,184254,2022-12-31,APOLLO GLOBAL MGMT INC,APO,www.apollo.com/institutional/homepage
A,USD,STD,FS,C,184254,2023-12-31,APOLLO GLOBAL MGMT INC,APO,www.apollo.com/institutional/homepage
A,USD,STD,INDL,C,184254,2023-12-31,APOLLO GLOBAL MGMT INC,APO,www.apollo.com/institutional/homepage
A,USD,STD,FS,C,184254,2024-12-31,APOLLO GLOBAL MGMT INC,APO,www.apollo.com/institutional/homepage
A,USD,STD,INDL,C,184254,2024-12-31,APOLLO GLOBAL MGMT INC,APO,www.apollo.com/institutional/homepage
A,USD,STD,FS,C,184254,2025-12-31,APOLLO GLOBAL MGMT INC,APO,www.apollo.com/institutional/homepage
A,USD,STD,INDL,C,184254,2025-12-31,APOLLO GLOBAL MGMT INC,APO,www.apollo.com/institutional/homepage
A,USD,STD,FS,C,184500,2010-12-31,CBOE GLOBAL MARKETS INC,CBOE,www.cboe.com
A,USD,STD,INDL,C,184500,2010-12-31,CBOE GLOBAL MARKETS INC,CBOE,www.cboe.com
A,USD,STD,FS,C,184500,2011-12-31,CBOE GLOBAL MARKETS INC,CBOE,www.cboe.com
A,USD,STD,INDL,C,184500,2011-12-31,CBOE GLOBAL MARKETS INC,CBOE,www.cboe.com
A,USD,STD,FS,C,184500,2012-12-31,CBOE GLOBAL MARKETS INC,CBOE,www.cboe.com
A,USD,STD,INDL,C,184500,2012-12-31,CBOE GLOBAL MARKETS INC,CBOE,www.cboe.com
A,USD,STD,FS,C,184500,2013-12-31,CBOE GLOBAL MARKETS INC,CBOE,www.cboe.com
A,USD,STD,INDL,C,184500,2013-12-31,CBOE GLOBAL MARKETS INC,CBOE,www.cboe.com
A,USD,STD,FS,C,184500,2014-12-31,CBOE GLOBAL MARKETS INC,CBOE,www.cboe.com
A,USD,STD,INDL,C,184500,2014-12-31,CBOE GLOBAL MARKETS INC,CBOE,www.cboe.com
A,USD,STD,FS,C,184500,2015-12-31,CBOE GLOBAL MARKETS INC,CBOE,www.cboe.com
A,USD,STD,INDL,C,184500,2015-12-31,CBOE GLOBAL MARKETS INC,CBOE,www.cboe.com
A,USD,STD,FS,C,184500,2016-12-31,CBOE GLOBAL MARKETS INC,CBOE,www.cboe.com
A,USD,STD,INDL,C,184500,2016-12-31,CBOE GLOBAL MARKETS INC,CBOE,www.cboe.com
A,USD,STD,FS,C,184500,2017-12-31,CBOE GLOBAL MARKETS INC,CBOE,www.cboe.com
A,USD,STD,INDL,C,184500,2017-12-31,CBOE GLOBAL MARKETS INC,CBOE,www.cboe.com
A,USD,STD,FS,C,184500,2018-12-31,CBOE GLOBAL MARKETS INC,CBOE,www.cboe.com
A,USD,STD,INDL,C,184500,2018-12-31,CBOE GLOBAL MARKETS INC,CBOE,www.cboe.com
A,USD,STD,FS,C,184500,2019-12-31,CBOE GLOBAL MARKETS INC,CBOE,www.cboe.com
A,USD,STD,INDL,C,184500,2019-12-31,CBOE GLOBAL MARKETS INC,CBOE,www.cboe.com
A,USD,STD,FS,C,184500,2020-12-31,CBOE GLOBAL MARKETS INC,CBOE,www.cboe.com
A,USD,STD,INDL,C,184500,2020-12-31,CBOE GLOBAL MARKETS INC,CBOE,www.cboe.com
A,USD,STD,FS,C,184500,2021-12-31,CBOE GLOBAL MARKETS INC,CBOE,www.cboe.com
A,USD,STD,INDL,C,184500,2021-12-31,CBOE GLOBAL MARKETS INC,CBOE,www.cboe.com
A,USD,STD,FS,C,184500,2022-12-31,CBOE GLOBAL MARKETS INC,CBOE,www.cboe.com
A,USD,STD,INDL,C,184500,2022-12-31,CBOE GLOBAL MARKETS INC,CBOE,www.cboe.com
A,USD,STD,FS,C,184500,2023-12-31,CBOE GLOBAL MARKETS INC,CBOE,www.cboe.com
A,USD,STD,INDL,C,184500,2023-12-31,CBOE GLOBAL MARKETS INC,CBOE,www.cboe.com
A,USD,STD,FS,C,184500,2024-12-31,CBOE GLOBAL MARKETS INC,CBOE,www.cboe.com
A,USD,STD,INDL,C,184500,2024-12-31,CBOE GLOBAL MARKETS INC,CBOE,www.cboe.com
A,USD,STD,FS,C,184500,2025-12-31,CBOE GLOBAL MARKETS INC,CBOE,www.cboe.com
A,USD,STD,INDL,C,184500,2025-12-31,CBOE GLOBAL MARKETS INC,CBOE,www.cboe.com
A,USD,STD,INDL,C,184700,2010-12-31,CORPAY INC,CPAY,www.corpay.com
A,USD,STD,INDL,C,184700,2011-12-31,CORPAY INC,CPAY,www.corpay.com
A,USD,STD,INDL,C,184700,2012-12-31,CORPAY INC,CPAY,www.corpay.com
A,USD,STD,INDL,C,184700,2013-12-31,CORPAY INC,CPAY,www.corpay.com
A,USD,STD,INDL,C,184700,2014-12-31,CORPAY INC,CPAY,www.corpay.com
A,USD,STD,INDL,C,184700,2015-12-31,CORPAY INC,CPAY,www.corpay.com
A,USD,STD,INDL,C,184700,2016-12-31,CORPAY INC,CPAY,www.corpay.com
A,USD,STD,INDL,C,184700,2017-12-31,CORPAY INC,CPAY,www.corpay.com
A,USD,STD,INDL,C,184700,2018-12-31,CORPAY INC,CPAY,www.corpay.com
A,USD,STD,INDL,C,184700,2019-12-31,CORPAY INC,CPAY,www.corpay.com
A,USD,STD,INDL,C,184700,2020-12-31,CORPAY INC,CPAY,www.corpay.com
A,USD,STD,INDL,C,184700,2021-12-31,CORPAY INC,CPAY,www.corpay.com
A,USD,STD,INDL,C,184700,2022-12-31,CORPAY INC,CPAY,www.corpay.com
A,USD,STD,INDL,C,184700,2023-12-31,CORPAY INC,CPAY,www.corpay.com
A,USD,STD,INDL,C,184700,2024-12-31,CORPAY INC,CPAY,www.corpay.com
A,USD,STD,INDL,C,184700,2025-12-31,CORPAY INC,CPAY,www.corpay.com
A,USD,STD,INDL,C,184725,2010-12-31,NXP SEMICONDUCTORS NV,NXPI,www.nxp.com
A,USD,STD,INDL,C,184725,2011-12-31,NXP SEMICONDUCTORS NV,NXPI,www.nxp.com
A,USD,STD,INDL,C,184725,2012-12-31,NXP SEMICONDUCTORS NV,NXPI,www.nxp.com
A,USD,STD,INDL,C,184725,2013-12-31,NXP SEMICONDUCTORS NV,NXPI,www.nxp.com
A,USD,STD,INDL,C,184725,2014-12-31,NXP SEMICONDUCTORS NV,NXPI,www.nxp.com
A,USD,STD,INDL,C,184725,2015-12-31,NXP SEMICONDUCTORS NV,NXPI,www.nxp.com
A,USD,STD,INDL,C,184725,2016-12-31,NXP SEMICONDUCTORS NV,NXPI,www.nxp.com
A,USD,STD,INDL,C,184725,2017-12-31,NXP SEMICONDUCTORS NV,NXPI,www.nxp.com
A,USD,STD,INDL,C,184725,2018-12-31,NXP SEMICONDUCTORS NV,NXPI,www.nxp.com
A,USD,STD,INDL,C,184725,2019-12-31,NXP SEMICONDUCTORS NV,NXPI,www.nxp.com
A,USD,STD,INDL,C,184725,2020-12-31,NXP SEMICONDUCTORS NV,NXPI,www.nxp.com
A,USD,STD,INDL,C,184725,2021-12-31,NXP SEMICONDUCTORS NV,NXPI,www.nxp.com
A,USD,STD,INDL,C,184725,2022-12-31,NXP SEMICONDUCTORS NV,NXPI,www.nxp.com
A,USD,STD,INDL,C,184725,2023-12-31,NXP SEMICONDUCTORS NV,NXPI,www.nxp.com
A,USD,STD,INDL,C,184725,2024-12-31,NXP SEMICONDUCTORS NV,NXPI,www.nxp.com
A,USD,STD,INDL,C,184725,2025-12-31,NXP SEMICONDUCTORS NV,NXPI,www.nxp.com
A,USD,STD,INDL,C,184996,2010-12-31,TESLA INC,TSLA,www.tesla.com
A,USD,STD,INDL,C,184996,2011-12-31,TESLA INC,TSLA,www.tesla.com
A,USD,STD,INDL,C,184996,2012-12-31,TESLA INC,TSLA,www.tesla.com
A,USD,STD,INDL,C,184996,2013-12-31,TESLA INC,TSLA,www.tesla.com
A,USD,STD,INDL,C,184996,2014-12-31,TESLA INC,TSLA,www.tesla.com
A,USD,STD,INDL,C,184996,2015-12-31,TESLA INC,TSLA,www.tesla.com
A,USD,STD,INDL,C,184996,2016-12-31,TESLA INC,TSLA,www.tesla.com
A,USD,STD,INDL,C,184996,2017-12-31,TESLA INC,TSLA,www.tesla.com
A,USD,STD,INDL,C,184996,2018-12-31,TESLA INC,TSLA,www.tesla.com
A,USD,STD,INDL,C,184996,2019-12-31,TESLA INC,TSLA,www.tesla.com
A,USD,STD,INDL,C,184996,2020-12-31,TESLA INC,TSLA,www.tesla.com
A,USD,STD,INDL,C,184996,2021-12-31,TESLA INC,TSLA,www.tesla.com
A,USD,STD,INDL,C,184996,2022-12-31,TESLA INC,TSLA,www.tesla.com
A,USD,STD,INDL,C,184996,2023-12-31,TESLA INC,TSLA,www.tesla.com
A,USD,STD,INDL,C,184996,2024-12-31,TESLA INC,TSLA,www.tesla.com
A,USD,STD,INDL,C,184996,2025-12-31,TESLA INC,TSLA,www.tesla.com
A,USD,STD,INDL,C,185532,2010-12-31,TARGA RESOURCES CORP,TRGP,www.targaresources.com
A,USD,STD,INDL,C,185532,2011-12-31,TARGA RESOURCES CORP,TRGP,www.targaresources.com
A,USD,STD,INDL,C,185532,2012-12-31,TARGA RESOURCES CORP,TRGP,www.targaresources.com
A,USD,STD,INDL,C,185532,2013-12-31,TARGA RESOURCES CORP,TRGP,www.targaresources.com
A,USD,STD,INDL,C,185532,2014-12-31,TARGA RESOURCES CORP,TRGP,www.targaresources.com
A,USD,STD,INDL,C,185532,2015-12-31,TARGA RESOURCES CORP,TRGP,www.targaresources.com
A,USD,STD,INDL,C,185532,2016-12-31,TARGA RESOURCES CORP,TRGP,www.targaresources.com
A,USD,STD,INDL,C,185532,2017-12-31,TARGA RESOURCES CORP,TRGP,www.targaresources.com
A,USD,STD,INDL,C,185532,2018-12-31,TARGA RESOURCES CORP,TRGP,www.targaresources.com
A,USD,STD,INDL,C,185532,2019-12-31,TARGA RESOURCES CORP,TRGP,www.targaresources.com
A,USD,STD,INDL,C,185532,2020-12-31,TARGA RESOURCES CORP,TRGP,www.targaresources.com
A,USD,STD,INDL,C,185532,2021-12-31,TARGA RESOURCES CORP,TRGP,www.targaresources.com
A,USD,STD,INDL,C,185532,2022-12-31,TARGA RESOURCES CORP,TRGP,www.targaresources.com
A,USD,STD,INDL,C,185532,2023-12-31,TARGA RESOURCES CORP,TRGP,www.targaresources.com
A,USD,STD,INDL,C,185532,2024-12-31,TARGA RESOURCES CORP,TRGP,www.targaresources.com
A,USD,STD,INDL,C,185532,2025-12-31,TARGA RESOURCES CORP,TRGP,www.targaresources.com
A,USD,STD,INDL,C,186310,2010-12-31,HUNTINGTON INGALLS IND INC,HII,www.hii.com
A,USD,STD,INDL,C,186310,2011-12-31,HUNTINGTON INGALLS IND INC,HII,www.hii.com
A,USD,STD,INDL,C,186310,2012-12-31,HUNTINGTON INGALLS IND INC,HII,www.hii.com
A,USD,STD,INDL,C,186310,2013-12-31,HUNTINGTON INGALLS IND INC,HII,www.hii.com
A,USD,STD,INDL,C,186310,2014-12-31,HUNTINGTON INGALLS IND INC,HII,www.hii.com
A,USD,STD,INDL,C,186310,2015-12-31,HUNTINGTON INGALLS IND INC,HII,www.hii.com
A,USD,STD,INDL,C,186310,2016-12-31,HUNTINGTON INGALLS IND INC,HII,www.hii.com
A,USD,STD,INDL,C,186310,2017-12-31,HUNTINGTON INGALLS IND INC,HII,www.hii.com
A,USD,STD,INDL,C,186310,2018-12-31,HUNTINGTON INGALLS IND INC,HII,www.hii.com
A,USD,STD,INDL,C,186310,2019-12-31,HUNTINGTON INGALLS IND INC,HII,www.hii.com
A,USD,STD,INDL,C,186310,2020-12-31,HUNTINGTON INGALLS IND INC,HII,www.hii.com
A,USD,STD,INDL,C,186310,2021-12-31,HUNTINGTON INGALLS IND INC,HII,www.hii.com
A,USD,STD,INDL,C,186310,2022-12-31,HUNTINGTON INGALLS IND INC,HII,www.hii.com
A,USD,STD,INDL,C,186310,2023-12-31,HUNTINGTON INGALLS IND INC,HII,www.hii.com
A,USD,STD,INDL,C,186310,2024-12-31,HUNTINGTON INGALLS IND INC,HII,www.hii.com
A,USD,STD,INDL,C,186310,2025-12-31,HUNTINGTON INGALLS IND INC,HII,www.hii.com
A,USD,STD,INDL,C,186989,2010-12-31,MARATHON PETROLEUM CORP,MPC,www.marathonpetroleum.com
A,USD,STD,INDL,C,186989,2011-12-31,MARATHON PETROLEUM CORP,MPC,www.marathonpetroleum.com
A,USD,STD,INDL,C,186989,2012-12-31,MARATHON PETROLEUM CORP,MPC,www.marathonpetroleum.com
A,USD,STD,INDL,C,186989,2013-12-31,MARATHON PETROLEUM CORP,MPC,www.marathonpetroleum.com
A,USD,STD,INDL,C,186989,2014-12-31,MARATHON PETROLEUM CORP,MPC,www.marathonpetroleum.com
A,USD,STD,INDL,C,186989,2015-12-31,MARATHON PETROLEUM CORP,MPC,www.marathonpetroleum.com
A,USD,STD,INDL,C,186989,2016-12-31,MARATHON PETROLEUM CORP,MPC,www.marathonpetroleum.com
A,USD,STD,INDL,C,186989,2017-12-31,MARATHON PETROLEUM CORP,MPC,www.marathonpetroleum.com
A,USD,STD,INDL,C,186989,2018-12-31,MARATHON PETROLEUM CORP,MPC,www.marathonpetroleum.com
A,USD,STD,INDL,C,186989,2019-12-31,MARATHON PETROLEUM CORP,MPC,www.marathonpetroleum.com
A,USD,STD,INDL,C,186989,2020-12-31,MARATHON PETROLEUM CORP,MPC,www.marathonpetroleum.com
A,USD,STD,INDL,C,186989,2021-12-31,MARATHON PETROLEUM CORP,MPC,www.marathonpetroleum.com
A,USD,STD,INDL,C,186989,2022-12-31,MARATHON PETROLEUM CORP,MPC,www.marathonpetroleum.com
A,USD,STD,INDL,C,186989,2023-12-31,MARATHON PETROLEUM CORP,MPC,www.marathonpetroleum.com
A,USD,STD,INDL,C,186989,2024-12-31,MARATHON PETROLEUM CORP,MPC,www.marathonpetroleum.com
A,USD,STD,INDL,C,186989,2025-12-31,MARATHON PETROLEUM CORP,MPC,www.marathonpetroleum.com
A,USD,STD,INDL,C,187697,2010-12-31,EPAM SYSTEMS INC,EPAM,www.epam.com
A,USD,STD,INDL,C,187697,2011-12-31,EPAM SYSTEMS INC,EPAM,www.epam.com
A,USD,STD,INDL,C,187697,2012-12-31,EPAM SYSTEMS INC,EPAM,www.epam.com
A,USD,STD,INDL,C,187697,2013-12-31,EPAM SYSTEMS INC,EPAM,www.epam.com
A,USD,STD,INDL,C,187697,2014-12-31,EPAM SYSTEMS INC,EPAM,www.epam.com
A,USD,STD,INDL,C,187697,2015-12-31,EPAM SYSTEMS INC,EPAM,www.epam.com
A,USD,STD,INDL,C,187697,2016-12-31,EPAM SYSTEMS INC,EPAM,www.epam.com
A,USD,STD,INDL,C,187697,2017-12-31,EPAM SYSTEMS INC,EPAM,www.epam.com
A,USD,STD,INDL,C,187697,2018-12-31,EPAM SYSTEMS INC,EPAM,www.epam.com
A,USD,STD,INDL,C,187697,2019-12-31,EPAM SYSTEMS INC,EPAM,www.epam.com
A,USD,STD,INDL,C,187697,2020-12-31,EPAM SYSTEMS INC,EPAM,www.epam.com
A,USD,STD,INDL,C,187697,2021-12-31,EPAM SYSTEMS INC,EPAM,www.epam.com
A,USD,STD,INDL,C,187697,2022-12-31,EPAM SYSTEMS INC,EPAM,www.epam.com
A,USD,STD,INDL,C,187697,2023-12-31,EPAM SYSTEMS INC,EPAM,www.epam.com
A,USD,STD,INDL,C,187697,2024-12-31,EPAM SYSTEMS INC,EPAM,www.epam.com
A,USD,STD,INDL,C,187697,2025-12-31,EPAM SYSTEMS INC,EPAM,www.epam.com
A,USD,STD,INDL,C,189491,2010-12-31,XYLEM INC,XYL,www.xylem.com
A,USD,STD,INDL,C,189491,2011-12-31,XYLEM INC,XYL,www.xylem.com
A,USD,STD,INDL,C,189491,2012-12-31,XYLEM INC,XYL,www.xylem.com
A,USD,STD,INDL,C,189491,2013-12-31,XYLEM INC,XYL,www.xylem.com
A,USD,STD,INDL,C,189491,2014-12-31,XYLEM INC,XYL,www.xylem.com
A,USD,STD,INDL,C,189491,2015-12-31,XYLEM INC,XYL,www.xylem.com
A,USD,STD,INDL,C,189491,2016-12-31,XYLEM INC,XYL,www.xylem.com
A,USD,STD,INDL,C,189491,2017-12-31,XYLEM INC,XYL,www.xylem.com
A,USD,STD,INDL,C,189491,2018-12-31,XYLEM INC,XYL,www.xylem.com
A,USD,STD,INDL,C,189491,2019-12-31,XYLEM INC,XYL,www.xylem.com
A,USD,STD,INDL,C,189491,2020-12-31,XYLEM INC,XYL,www.xylem.com
A,USD,STD,INDL,C,189491,2021-12-31,XYLEM INC,XYL,www.xylem.com
A,USD,STD,INDL,C,189491,2022-12-31,XYLEM INC,XYL,www.xylem.com
A,USD,STD,INDL,C,189491,2023-12-31,XYLEM INC,XYL,www.xylem.com
A,USD,STD,INDL,C,189491,2024-12-31,XYLEM INC,XYL,www.xylem.com
A,USD,STD,INDL,C,189491,2025-12-31,XYLEM INC,XYL,www.xylem.com
A,USD,STD,FS,C,260774,2010-12-31,CBRE GROUP INC,CBRE,www.cbre.com
A,USD,STD,INDL,C,260774,2010-12-31,CBRE GROUP INC,CBRE,www.cbre.com
A,USD,STD,FS,C,260774,2011-12-31,CBRE GROUP INC,CBRE,www.cbre.com
A,USD,STD,INDL,C,260774,2011-12-31,CBRE GROUP INC,CBRE,www.cbre.com
A,USD,STD,FS,C,260774,2012-12-31,CBRE GROUP INC,CBRE,www.cbre.com
A,USD,STD,INDL,C,260774,2012-12-31,CBRE GROUP INC,CBRE,www.cbre.com
A,USD,STD,FS,C,260774,2013-12-31,CBRE GROUP INC,CBRE,www.cbre.com
A,USD,STD,INDL,C,260774,2013-12-31,CBRE GROUP INC,CBRE,www.cbre.com
A,USD,STD,FS,C,260774,2014-12-31,CBRE GROUP INC,CBRE,www.cbre.com
A,USD,STD,INDL,C,260774,2014-12-31,CBRE GROUP INC,CBRE,www.cbre.com
A,USD,STD,FS,C,260774,2015-12-31,CBRE GROUP INC,CBRE,www.cbre.com
A,USD,STD,INDL,C,260774,2015-12-31,CBRE GROUP INC,CBRE,www.cbre.com
A,USD,STD,FS,C,260774,2016-12-31,CBRE GROUP INC,CBRE,www.cbre.com
A,USD,STD,INDL,C,260774,2016-12-31,CBRE GROUP INC,CBRE,www.cbre.com
A,USD,STD,FS,C,260774,2017-12-31,CBRE GROUP INC,CBRE,www.cbre.com
A,USD,STD,INDL,C,260774,2017-12-31,CBRE GROUP INC,CBRE,www.cbre.com
A,USD,STD,FS,C,260774,2018-12-31,CBRE GROUP INC,CBRE,www.cbre.com
A,USD,STD,INDL,C,260774,2018-12-31,CBRE GROUP INC,CBRE,www.cbre.com
A,USD,STD,FS,C,260774,2019-12-31,CBRE GROUP INC,CBRE,www.cbre.com
A,USD,STD,INDL,C,260774,2019-12-31,CBRE GROUP INC,CBRE,www.cbre.com
A,USD,STD,FS,C,260774,2020-12-31,CBRE GROUP INC,CBRE,www.cbre.com
A,USD,STD,INDL,C,260774,2020-12-31,CBRE GROUP INC,CBRE,www.cbre.com
A,USD,STD,FS,C,260774,2021-12-31,CBRE GROUP INC,CBRE,www.cbre.com
A,USD,STD,INDL,C,260774,2021-12-31,CBRE GROUP INC,CBRE,www.cbre.com
A,USD,STD,FS,C,260774,2022-12-31,CBRE GROUP INC,CBRE,www.cbre.com
A,USD,STD,INDL,C,260774,2022-12-31,CBRE GROUP INC,CBRE,www.cbre.com
A,USD,STD,FS,C,260774,2023-12-31,CBRE GROUP INC,CBRE,www.cbre.com
A,USD,STD,INDL,C,260774,2023-12-31,CBRE GROUP INC,CBRE,www.cbre.com
A,USD,STD,FS,C,260774,2024-12-31,CBRE GROUP INC,CBRE,www.cbre.com
A,USD,STD,INDL,C,260774,2024-12-31,CBRE GROUP INC,CBRE,www.cbre.com
A,USD,STD,FS,C,260774,2025-12-31,CBRE GROUP INC,CBRE,www.cbre.com
A,USD,STD,INDL,C,260774,2025-12-31,CBRE GROUP INC,CBRE,www.cbre.com
A,USD,STD,INDL,C,283184,2022-12-31,SMURFIT WESTROCK PLC,SW,www.smurfitwestrock.com
A,USD,STD,INDL,C,283184,2023-12-31,SMURFIT WESTROCK PLC,SW,www.smurfitwestrock.com
A,USD,STD,INDL,C,283184,2024-12-31,SMURFIT WESTROCK PLC,SW,www.smurfitwestrock.com
A,USD,STD,INDL,C,283184,2025-12-31,SMURFIT WESTROCK PLC,SW,www.smurfitwestrock.com
A,USD,STD,INDL,C,294524,2010-12-31,LYONDELLBASELL INDUSTRIES,LYB,www.lyondellbasell.com
A,USD,STD,INDL,C,294524,2011-12-31,LYONDELLBASELL INDUSTRIES,LYB,www.lyondellbasell.com
A,USD,STD,INDL,C,294524,2012-12-31,LYONDELLBASELL INDUSTRIES,LYB,www.lyondellbasell.com
A,USD,STD,INDL,C,294524,2013-12-31,LYONDELLBASELL INDUSTRIES,LYB,www.lyondellbasell.com
A,USD,STD,INDL,C,294524,2014-12-31,LYONDELLBASELL INDUSTRIES,LYB,www.lyondellbasell.com
A,USD,STD,INDL,C,294524,2015-12-31,LYONDELLBASELL INDUSTRIES,LYB,www.lyondellbasell.com
A,USD,STD,INDL,C,294524,2016-12-31,LYONDELLBASELL INDUSTRIES,LYB,www.lyondellbasell.com
A,USD,STD,INDL,C,294524,2017-12-31,LYONDELLBASELL INDUSTRIES,LYB,www.lyondellbasell.com
A,USD,STD,INDL,C,294524,2018-12-31,LYONDELLBASELL INDUSTRIES,LYB,www.lyondellbasell.com
A,USD,STD,INDL,C,294524,2019-12-31,LYONDELLBASELL INDUSTRIES,LYB,www.lyondellbasell.com
A,USD,STD,INDL,C,294524,2020-12-31,LYONDELLBASELL INDUSTRIES,LYB,www.lyondellbasell.com
A,USD,STD,INDL,C,294524,2021-12-31,LYONDELLBASELL INDUSTRIES,LYB,www.lyondellbasell.com
A,USD,STD,INDL,C,294524,2022-12-31,LYONDELLBASELL INDUSTRIES,LYB,www.lyondellbasell.com
A,USD,STD,INDL,C,294524,2023-12-31,LYONDELLBASELL INDUSTRIES,LYB,www.lyondellbasell.com
A,USD,STD,INDL,C,294524,2024-12-31,LYONDELLBASELL INDUSTRIES,LYB,www.lyondellbasell.com
A,USD,STD,INDL,C,294524,2025-12-31,LYONDELLBASELL INDUSTRIES,LYB,www.lyondellbasell.com
A,USD,STD,INDL,C,316056,2011-12-31,ALLEGION PLC,ALLE,www.allegion.com/corp/en/index.html
A,USD,STD,INDL,C,316056,2012-12-31,ALLEGION PLC,ALLE,www.allegion.com/corp/en/index.html
A,USD,STD,INDL,C,316056,2013-12-31,ALLEGION PLC,ALLE,www.allegion.com/corp/en/index.html
A,USD,STD,INDL,C,316056,2014-12-31,ALLEGION PLC,ALLE,www.allegion.com/corp/en/index.html
A,USD,STD,INDL,C,316056,2015-12-31,ALLEGION PLC,ALLE,www.allegion.com/corp/en/index.html
A,USD,STD,INDL,C,316056,2016-12-31,ALLEGION PLC,ALLE,www.allegion.com/corp/en/index.html
A,USD,STD,INDL,C,316056,2017-12-31,ALLEGION PLC,ALLE,www.allegion.com/corp/en/index.html
A,USD,STD,INDL,C,316056,2018-12-31,ALLEGION PLC,ALLE,www.allegion.com/corp/en/index.html
A,USD,STD,INDL,C,316056,2019-12-31,ALLEGION PLC,ALLE,www.allegion.com/corp/en/index.html
A,USD,STD,INDL,C,316056,2020-12-31,ALLEGION PLC,ALLE,www.allegion.com/corp/en/index.html
A,USD,STD,INDL,C,316056,2021-12-31,ALLEGION PLC,ALLE,www.allegion.com/corp/en/index.html
A,USD,STD,INDL,C,316056,2022-12-31,ALLEGION PLC,ALLE,www.allegion.com/corp/en/index.html
A,USD,STD,INDL,C,316056,2023-12-31,ALLEGION PLC,ALLE,www.allegion.com/corp/en/index.html
A,USD,STD,INDL,C,316056,2024-12-31,ALLEGION PLC,ALLE,www.allegion.com/corp/en/index.html
A,USD,STD,INDL,C,316056,2025-12-31,ALLEGION PLC,ALLE,www.allegion.com/corp/en/index.html
